capitulo,id,apartado,formato,nombre,tipo,que,direccion,cp,municipio,transporte,telefono,correo,web,web_empleo,como
01-oficina-de-empleo,nueva-cm-app-empleo,Trámites por internet y por teléfono,ficha,App de la Oficina Virtual de Empleo,,Aplicación de la Comunidad de Madrid para móviles Android.,,,,,,,https://www.comunidad.madrid/empleo/tu-oficina-virtual-empleo,https://play.google.com/store/apps/details?id=org.madrid.sie.empleo,Se descarga en Google Play. Solo hay versión para Android.
01-oficina-de-empleo,nueva-cm-ofertas,Trámites por internet y por teléfono,ficha,Buscador de ofertas de las oficinas de empleo,,Ofertas de trabajo que gestiona la red de oficinas de empleo de la Comunidad de Madrid.,,,,,,,https://www.comunidad.madrid/servicios/empleo/gestion-telematica-demanda-empleo,https://oficinavirtualempleo.comunidad.madrid/AreaPublica/Ofertas/,Consulta libre en el buscador; con tu usuario de la Oficina Virtual ves además las que se te recomiendan.
01-oficina-de-empleo,nueva-cm-buscador-oficinas,Trámites por internet y por teléfono,ficha,Buscador de oficinas de empleo,,Localiza la oficina de empleo por código postal o por nombre. Puedes elegir la oficina en la que quieres que te atiendan.,,,,,,,https://www.comunidad.madrid/centros/buscador-oficinas-empleo,,Consulta libre por internet.
01-oficina-de-empleo,nueva-cm-cita-previa,Trámites por internet y por teléfono,ficha,Cita previa en las oficinas de empleo,,"Reserva de día y hora en la oficina de empleo que elijas, para atención presencial o telefónica.",,,,,,,https://www.comunidad.madrid/empleo/cita-previa-oficinas-empleo,,"Por internet, con el código postal y el trámite, o llamando al 012. La primera inscripción solo se hace con cita presencial."
01-oficina-de-empleo,nueva-cm-empleo-activo,Trámites por internet y por teléfono,renglon,Empleo Activo,,"Pódcast, píldoras y vídeos del COE Madrid para preparar la búsqueda: objetivo profesional, entrevistas, redes y autocandidatura.",,,,,,,https://www.comunidad.madrid/empleo/empleo-activo,,Acceso libre por internet.
01-oficina-de-empleo,nueva-cm-demanda-internet,Trámites por internet y por teléfono,ficha,Inscripción y trámites de la demanda por internet,,"Alta como demandante de empleo, cambios en la demanda e informes sobre tu situación, sin desplazarte.",,,,,,,https://www.comunidad.madrid/servicios/empleo/gestion-telematica-demanda-empleo,,Hace falta un sistema de firma electrónica reconocido por la Comunidad de Madrid.
01-oficina-de-empleo,nueva-cm-oficina-virtual,Trámites por internet y por teléfono,ficha,Oficina Virtual de Empleo,,"Renovar la demanda, pedir un duplicado, cambiar tus datos, hacer el currículum y ver ofertas sin ir a la oficina.",,,,,,,https://www.comunidad.madrid/empleo/tu-oficina-virtual-empleo,https://oficinavirtualempleo.comunidad.madrid/SignIn,"Con Cl@ve, certificado digital o DNI electrónico, o con usuario y contraseña si ya estás inscrito."
01-oficina-de-empleo,nueva-cm-012,Trámites por internet y por teléfono,ficha,Teléfono 012 de la Comunidad de Madrid,,"Información de la Comunidad de Madrid y cita previa para las oficinas de empleo. Desde fuera de la región, 91 580 42 60.",,,,,915804260,atencionalciudadano@012.madrid.org,https://www.comunidad.madrid/atencion-ciudadano/telefono-012-informacion-atencion-ciudadano,,"Llamando al 012, de lunes a viernes de 8 a 22 h y sábados, domingos y festivos de 10 a 20 h."
01-oficina-de-empleo,nueva-coe-madrid,Oficinas de empleo de Madrid capital,ficha,COE Madrid,centro de orientación para el empleo,"Centro de la Comunidad para entrenar la búsqueda de empleo: vídeo currículum, competencias digitales y talleres. Tiene otro espacio en Getafe.","C/ Hacienda de Pavones, 350",28030,Madrid,"Metro Pavones, a 200 m",,coe.cm@madrid.org,https://www.comunidad.madrid/empleo/coe-madrid,,Inscripción a las actividades desde su página. Abre por las mañanas de 9 a 14 h y las tardes de martes y jueves.
01-oficina-de-empleo,nueva-oe-aluche,Oficinas de empleo de Madrid capital,ficha,Oficina de empleo Aluche,oficina de empleo,Atiende a los códigos postales 28024 y 28047 (compartido).,"C/ Illescas, 189-191",28047,Madrid,,917117133;917113596,o.e.aluche@madrid.org,https://www.comunidad.madrid/centros/oficina-empleo-aluche,,"Con cita previa, que se pide en la web de cita previa de la Comunidad o en el 012; sin cita, si hay disponibilidad."
01-oficina-de-empleo,p11-02,Oficinas de empleo de Madrid capital,ficha,Oficina de empleo Argüelles,oficina de empleo,"Atiende a los códigos postales 28008, 28010, 28013, 28015 y 28023.","C/ Evaristo de San Miguel, 8",28008,Madrid,"Metro Ventura Rodríguez, a 150 m",915943021;915943141,o.e.arguelles@madrid.org,https://www.comunidad.madrid/centros/oficina-empleo-arguelles,,"Con cita previa, que se pide en la web de cita previa de la Comunidad o en el 012; sin cita, si hay disponibilidad."
01-oficina-de-empleo,nueva-oe-atocha,Oficinas de empleo de Madrid capital,ficha,Oficina de empleo Atocha,oficina de empleo,"Atiende a los códigos postales 28007, 28012 y 28014.","C/ del Ombú, 3, 1.ª planta",28045,Madrid,"Cercanías Méndez Álvaro, a 100 m",914686099;914686863,o.e.atocha@madrid.org,https://www.comunidad.madrid/centros/oficina-empleo-atocha,,"Con cita previa, que se pide en la web de cita previa de la Comunidad o en el 012; sin cita, si hay disponibilidad."
01-oficina-de-empleo,nueva-oe-barrio-concepcion,Oficinas de empleo de Madrid capital,ficha,Oficina de empleo Barrio de la Concepción,oficina de empleo,"Atiende a los códigos postales 28022, 28027 y 28042.","C/ Martínez Villergas, 52",28027,Madrid,"Metro Barrio de la Concepción, a 800 m",913772860;914070553,o.e.b.concepcion@madrid.org,https://www.comunidad.madrid/centros/oficina-empleo-barrio-concepcion,,"Con cita previa, que se pide en la web de cita previa de la Comunidad o en el 012; sin cita, si hay disponibilidad."
01-oficina-de-empleo,p11-06,Oficinas de empleo de Madrid capital,ficha,Oficina de empleo Barrio del Pilar,oficina de empleo,"Atiende a los códigos postales 28034, 28035, 28048 y 28049.","C/ Valle de la Fuenfría, 3",28035,Madrid,"Metro Paco de Lucía, a 300 m",913860244;913864478,o.e.b.pilar@madrid.org,https://www.comunidad.madrid/centros/oficina-empleo-barrio-pilar,,"Con cita previa, que se pide en la web de cita previa de la Comunidad o en el 012; sin cita, si hay disponibilidad."
01-oficina-de-empleo,p11-07,Oficinas de empleo de Madrid capital,ficha,Oficina de empleo Ciudad Lineal,oficina de empleo,Atiende a los códigos postales 28017 y 28037.,"C/ Miguel Yuste, 21",28037,Madrid,"Metro Suanzes, a 300 m",917541758;917541550,oeciudadlineal@madrid.org,https://www.comunidad.madrid/centros/oficina-empleo-ciudad-lineal,,"Con cita previa, que se pide en la web de cita previa de la Comunidad o en el 012; sin cita, si hay disponibilidad."
01-oficina-de-empleo,p11-08,Oficinas de empleo de Madrid capital,ficha,Oficina de empleo Estrecho-Azca,oficina de empleo,"Atiende a los códigos postales 28020, 28029, 28039, 28040 y 28046.","C/ Juan Ramón Jiménez, 15",28036,Madrid,"Metro Cuzco, a 250 m",915569001;915569228,o.e.estrecho@madrid.org,https://www.comunidad.madrid/centros/oficina-empleo-estrecho-azca,,"Con cita previa, que se pide en la web de cita previa de la Comunidad o en el 012; sin cita, si hay disponibilidad."
01-oficina-de-empleo,p11-09,Oficinas de empleo de Madrid capital,ficha,Oficina de empleo Goya,oficina de empleo,"Atiende a los códigos postales 28001, 28003, 28004, 28006 y 28009.","C/ O' Donnell, 12",28009,Madrid,"Metro Ibiza, a 350 m",915754800;915750338,o.e.goya@madrid.org,https://www.comunidad.madrid/centros/oficina-empleo-goya,,"Con cita previa, que se pide en la web de cita previa de la Comunidad o en el 012; sin cita, si hay disponibilidad."
01-oficina-de-empleo,p11-10,Oficinas de empleo de Madrid capital,ficha,Oficina de empleo Legazpi,oficina de empleo,Atiende a los códigos postales 28005 y 28045.,Calle del Ombú 3,28045,Madrid,"Cercanías Méndez Álvaro, a 100 m",915170298;915174370,o.e.legazpi@madrid.org,https://www.comunidad.madrid/centros/oficina-empleo-legazpi,,"Con cita previa, que se pide en la web de cita previa de la Comunidad o en el 012; sin cita, si hay disponibilidad."
01-oficina-de-empleo,p11-18,Oficinas de empleo de Madrid capital,ficha,Oficina de empleo Moratalaz,oficina de empleo,"Atiende a los códigos postales 28030, 28032 y 28052 de Madrid y a Rivas-Vaciamadrid (28520 a 28523 y 28529).",C/ Hacienda de Pavones 350,28030,Madrid,"Metro Pavones, a 200 m",913710303;913050514,o.e.moratalaz@madrid.org,https://www.comunidad.madrid/centros/oficina-empleo-moratalaz,,"Con cita previa, que se pide en la web de cita previa de la Comunidad o en el 012; sin cita, si hay disponibilidad."
01-oficina-de-empleo,p11-19,Oficinas de empleo de Madrid capital,ficha,Oficina de empleo Nueva Numancia,oficina de empleo,Atiende a los códigos postales 28038 y 28018 (compartido).,C/ Francisco Iglesias 9-11,28038,Madrid,"Metro Puente de Vallecas, a 250 m",915016802;915016717,o.e.nuevanumancia@madrid.org,https://www.comunidad.madrid/centros/oficina-empleo-nueva-numancia,,"Con cita previa, que se pide en la web de cita previa de la Comunidad o en el 012; sin cita, si hay disponibilidad."
01-oficina-de-empleo,p11-11,Oficinas de empleo de Madrid capital,ficha,Oficina de empleo Prosperidad,oficina de empleo,"Atiende a los códigos postales 28002, 28028 y 28043. Cerrada por obras desde el 12 de marzo de 2026.","C/ Canillas, 104",28002,Madrid,"Metro Alfonso XIII, a 500 m",915196542;915195519,o.e.prosperidad@madrid.org,https://www.comunidad.madrid/centros/oficina-empleo-prosperidad,,"Mientras duren las obras atienden en cualquier otra oficina; las más cercanas son Goya, Estrecho-Azca y Barrio de la Concepción. Cita en la web o en el 012."
01-oficina-de-empleo,p11-12,Oficinas de empleo de Madrid capital,ficha,Oficina de empleo Puerta del Ángel,oficina de empleo,Atiende a los códigos postales 28011 y 28047 (compartido).,"Glorieta de Puente de Segovia, 3 (entrada por Marqués de Monistrol, 1)",28011,Madrid,"Metro Puerta del Ángel, a 250 m",914636775;914636566,o.e.puertaangel@madrid.org,https://www.comunidad.madrid/centros/oficina-empleo-puerta-angel,,"Con cita previa, que se pide en la web de cita previa de la Comunidad o en el 012; sin cita, si hay disponibilidad."
01-oficina-de-empleo,p11-13,Oficinas de empleo de Madrid capital,ficha,Oficina de empleo San Isidro,oficina de empleo,Atiende al código postal 28019.,"C/ Tejares, 4",28019,Madrid,"Metro Urgel, a 350 m",914722511,o.e.sanisidro@madrid.org,https://www.comunidad.madrid/centros/oficina-empleo-san-isidro,,"Con cita previa, que se pide en la web de cita previa de la Comunidad o en el 012; sin cita, si hay disponibilidad."
01-oficina-de-empleo,p11-14,Oficinas de empleo de Madrid capital,ficha,Oficina de empleo Sanchinarro,oficina de empleo,"Atiende a los códigos postales 28016, 28033, 28036, 28050 y 28055.","Av. del Ing. Emilio Herrera, 23",28050,Madrid,"Metro Ligero Blasco Ibáñez, a 250 m",913441342;913441344,o.e.santamarca@madrid.org,https://www.comunidad.madrid/centros/oficina-empleo-sanchinarro,,"Con cita previa, que se pide en la web de cita previa de la Comunidad o en el 012; sin cita, si hay disponibilidad."
01-oficina-de-empleo,p11-15,Oficinas de empleo de Madrid capital,ficha,Oficina de empleo Santa Eugenia,oficina de empleo,"Atiende a los códigos postales 28018 (compartido), 28031, 28051 y 28053.","C/ Cabeza Mesada, 5",28031,Madrid,"Metro Sierra de Guadalupe, a 750 m",913052431,o.e.vallecas@madrid.org,https://www.comunidad.madrid/centros/oficina-empleo-santa-eugenia,,"Con cita previa, que se pide en la web de cita previa de la Comunidad o en el 012; sin cita, si hay disponibilidad."
01-oficina-de-empleo,p11-16,Oficinas de empleo de Madrid capital,ficha,Oficina de empleo Usera,oficina de empleo,Atiende a los códigos postales 28026 y 28041 (compartido).,"C/ Antonio López, 101",28026,Madrid,"Metro Usera, a 600 m",917923694,o.e.usera@madrid.org,https://www.comunidad.madrid/centros/oficina-empleo-usera,,"Con cita previa, que se pide en la web de cita previa de la Comunidad o en el 012; sin cita, si hay disponibilidad."
01-oficina-de-empleo,p11-17,Oficinas de empleo de Madrid capital,ficha,Oficina de empleo Villaverde,oficina de empleo,Atiende a los códigos postales 28021 y 28041 (compartido).,"C/ Salsipuedes, 7",28021,Madrid,"Cercanías Villaverde Alto, a 650 m",917972254;917972227,oevillaverde@madrid.org,https://www.comunidad.madrid/centros/oficina-empleo-villaverde,,"Con cita previa, que se pide en la web de cita previa de la Comunidad o en el 012; sin cita, si hay disponibilidad."
01-oficina-de-empleo,p11-01,Oficinas de empleo de Madrid capital,ficha,Oficina de empleo Águeda Díez,oficina de empleo,"Atiende a los códigos postales 28025, 28044 y 28054.","Pza. Águeda Díez, 4",28019,Madrid,"Metro Oporto, a 200 m",914719898;914719822,o.e.carabanchel@madrid.org,https://www.comunidad.madrid/centros/oficina-empleo-agueda-diez,,"Con cita previa, que se pide en la web de cita previa de la Comunidad o en el 012; sin cita, si hay disponibilidad."
01-oficina-de-empleo,nueva-oe-alcala-henares,Oficinas de empleo del resto de la Comunidad,ficha,Oficina de empleo Alcalá de Henares,oficina de empleo,"Atiende a Alcalá de Henares y a 16 municipios cercanos, entre ellos Meco, Villalbilla, Daganzo, Camarma y Torres de la Alameda.","C/ Molina de Aragón, 1",28806,Alcalá de Henares,"Cercanías Alcalá de Henares, a 250 m",918880866;918880633;918887264;918887063,,https://www.comunidad.madrid/centros/oficina-empleo-alcala-henares,,"Con cita previa, que se pide en la web de cita previa de la Comunidad o en el 012; sin cita, si hay disponibilidad."
01-oficina-de-empleo,nueva-oe-alcobendas,Oficinas de empleo del resto de la Comunidad,ficha,Oficina de empleo Alcobendas,oficina de empleo,"Atiende a Alcobendas (28100, 28108 y 28109) y a Valdeolmos-Alalpardo (28130). Está en San Sebastián de los Reyes.","C/ Isla de Hierro, 7",28703,San Sebastián de los Reyes,"Metro Reyes Católicos, a 700 m",916616080;916621102,o.e.alcobendas@madrid.org,https://www.comunidad.madrid/centros/oficina-empleo-alcobendas,,"Con cita previa, que se pide en la web de cita previa de la Comunidad o en el 012; sin cita, si hay disponibilidad."
01-oficina-de-empleo,nueva-oe-alcorcon-1,Oficinas de empleo del resto de la Comunidad,ficha,Oficina de empleo Alcorcón I,oficina de empleo,Atiende a los códigos postales 28921 y 28922 de Alcorcón.,"C/ Cáceres, 20",28921,Alcorcón,"Metro Alcorcón Central, a 300 m",916124493;916124211,o.e.alcorcon1@madrid.org,https://www.comunidad.madrid/centros/oficina-empleo-alcorcon-i,,"Con cita previa, que se pide en la web de cita previa de la Comunidad o en el 012; sin cita, si hay disponibilidad."
01-oficina-de-empleo,nueva-oe-alcorcon-2,Oficinas de empleo del resto de la Comunidad,ficha,Oficina de empleo Alcorcón II,oficina de empleo,"Atiende a Alcorcón (28923 a 28925), Villaviciosa de Odón, Brunete, San Martín de Valdeiglesias y otros municipios del suroeste.","C/ Porto Lagos, 13",28924,Alcorcón,"Metro Parque Lisboa, a 300 m",916103650;916103500,o.e.alcorcon2@madrid.org,https://www.comunidad.madrid/centros/oficina-empleo-alcorcon-ii,,"Con cita previa, que se pide en la web de cita previa de la Comunidad o en el 012; sin cita, si hay disponibilidad."
01-oficina-de-empleo,nueva-oe-aranjuez,Oficinas de empleo del resto de la Comunidad,ficha,Oficina de empleo Aranjuez,oficina de empleo,"Atiende a Aranjuez, Colmenar de Oreja, Chinchón y Villaconejos.","C/ Libertad, 2",28300,Aranjuez,,918924812;918924086,o.e.aranjuez@madrid.org,https://www.comunidad.madrid/centros/oficina-empleo-aranjuez,,"Con cita previa, que se pide en la web de cita previa de la Comunidad o en el 012; sin cita, si hay disponibilidad."
01-oficina-de-empleo,nueva-oe-arganda,Oficinas de empleo del resto de la Comunidad,ficha,Oficina de empleo Arganda del Rey,oficina de empleo,"Atiende a Arganda del Rey y a 17 municipios del sureste, entre ellos Morata de Tajuña, Campo Real y Villarejo de Salvanés.","C/ Valdearganda, 6",28500,Arganda del Rey,,918716916;918716780,o.e.arganda@madrid.org,https://www.comunidad.madrid/centros/oficina-empleo-arganda-rey,,"Con cita previa, que se pide en la web de cita previa de la Comunidad o en el 012; sin cita, si hay disponibilidad."
01-oficina-de-empleo,nueva-oe-collado-villalba,Oficinas de empleo del resto de la Comunidad,ficha,Oficina de empleo Collado Villalba,oficina de empleo,"Atiende a Collado Villalba y a 22 municipios de la sierra, entre ellos Galapagar, Guadarrama, Torrelodones y El Escorial.","C/ Piedrahita, 42",28400,Collado Villalba,,918503888;918500270,o.e.villalba@madrid.org,https://www.comunidad.madrid/centros/oficina-empleo-collado-villalba,,"Con cita previa, que se pide en la web de cita previa de la Comunidad o en el 012; sin cita, si hay disponibilidad."
01-oficina-de-empleo,nueva-oe-colmenar-viejo,Oficinas de empleo del resto de la Comunidad,ficha,Oficina de empleo Colmenar Viejo,oficina de empleo,"Atiende a Colmenar Viejo, Tres Cantos, Soto del Real, Manzanares el Real, Miraflores y otros municipios de la zona.","C/ Padre Claret, 17",28770,Colmenar Viejo,,918467110,o.e.colmenar@madrid.org,https://www.comunidad.madrid/centros/oficina-empleo-colmenar-viejo,,"Con cita previa, que se pide en la web de cita previa de la Comunidad o en el 012; sin cita, si hay disponibilidad."
01-oficina-de-empleo,nueva-oe-coslada,Oficinas de empleo del resto de la Comunidad,ficha,Oficina de empleo Coslada,oficina de empleo,"Atiende a Coslada, Mejorada del Campo, San Fernando de Henares y Velilla de San Antonio.","C/ Mar Mediterráneo esquina C/ Puerto de Cádiz, s/n",28821,Coslada,,916694890;916694920,o.e.coslada@madrid.org,https://www.comunidad.madrid/centros/oficina-empleo-coslada,,"Con cita previa, que se pide en la web de cita previa de la Comunidad o en el 012; sin cita, si hay disponibilidad."
01-oficina-de-empleo,nueva-oe-fuenlabrada,Oficinas de empleo del resto de la Comunidad,ficha,Oficina de empleo Fuenlabrada,oficina de empleo,"Atiende a Fuenlabrada, Humanes de Madrid y Moraleja de Enmedio.","C/ Las Gardenias, 1 (entrada por Avda. del Vivero)",28942,Fuenlabrada,,916153197;916153620,o.e.fuenlabrada@madrid.org,https://www.comunidad.madrid/centros/oficina-empleo-fuenlabrada,,"Con cita previa, que se pide en la web de cita previa de la Comunidad o en el 012; sin cita, si hay disponibilidad."
01-oficina-de-empleo,nueva-oe-getafe-1,Oficinas de empleo del resto de la Comunidad,ficha,Oficina de empleo Getafe I,oficina de empleo,"Atiende a los códigos postales 28901, 28902 y 28909 de Getafe.","C/ Carabanchel, 15",28901,Getafe,"Cercanías Getafe Centro, a 500 m",916832162;916832221,o.e.getafe1@madrid.org,https://www.comunidad.madrid/centros/oficina-empleo-getafe-i,,"Con cita previa, que se pide en la web de cita previa de la Comunidad o en el 012; sin cita, si hay disponibilidad."
01-oficina-de-empleo,nueva-oe-getafe-2,Oficinas de empleo del resto de la Comunidad,ficha,Oficina de empleo Getafe II,oficina de empleo,Atiende a los códigos postales 28903 a 28907 de Getafe.,"Avda. de las Arcas del Agua, 2",28905,Getafe,"Metro Conservatorio, a 50 m",916838442;916838388,o.e.getafe2@madrid.org,https://www.comunidad.madrid/centros/oficina-empleo-getafe-ii,,"Con cita previa, que se pide en la web de cita previa de la Comunidad o en el 012; sin cita, si hay disponibilidad."
01-oficina-de-empleo,nueva-oe-leganes-1,Oficinas de empleo del resto de la Comunidad,ficha,Oficina de empleo Leganés I,oficina de empleo,"Atiende a los códigos postales 28910 a 28913, 28914 (compartido), 28917 y 28918 de Leganés.","C/ Jesús Miguel Haddad Blanco, 18",28914,Leganés,,916800875;916803053,o.e.leganes1@madrid.org,https://www.comunidad.madrid/centros/oficina-empleo-leganes-i,,"Con cita previa, que se pide en la web de cita previa de la Comunidad o en el 012; sin cita, si hay disponibilidad."
01-oficina-de-empleo,nueva-oe-leganes-2,Oficinas de empleo del resto de la Comunidad,ficha,Oficina de empleo Leganés II,oficina de empleo,"Atiende a los códigos postales 28914 (compartido), 28915, 28916 y 28919 de Leganés.","C/ Rey Pastor, 48",28914,Leganés,"Metro El Carrascal, a 550 m",916804452;916804451,o.e.leganes2@madrid.org,https://www.comunidad.madrid/centros/oficina-empleo-leganes-ii,,"Con cita previa, que se pide en la web de cita previa de la Comunidad o en el 012; sin cita, si hay disponibilidad."
01-oficina-de-empleo,nueva-oe-majadahonda,Oficinas de empleo del resto de la Comunidad,ficha,Oficina de empleo Majadahonda,oficina de empleo,"Atiende a Majadahonda, Las Rozas, Pozuelo de Alarcón, Boadilla del Monte, Villanueva de la Cañada y Villanueva del Pardillo.","Rda. Carralero, 21",28220,Majadahonda,,916340528;916340592,o.e.majadahonda@madrid.org,https://www.comunidad.madrid/centros/oficina-empleo-majadahonda,,"Con cita previa, que se pide en la web de cita previa de la Comunidad o en el 012; sin cita, si hay disponibilidad."
01-oficina-de-empleo,nueva-oe-mostoles-1,Oficinas de empleo del resto de la Comunidad,ficha,Oficina de empleo Móstoles I,oficina de empleo,Atiende a los códigos postales 28932 a 28935 de Móstoles y a Navalcarnero.,"C/ Pintor Velázquez, 57",28935,Móstoles,"Metro Hospital de Móstoles, a 850 m",916145961;916641085,o.e.mostoles1@madrid.org,https://www.comunidad.madrid/centros/oficina-empleo-mostoles-i,,"Con cita previa, que se pide en la web de cita previa de la Comunidad o en el 012; sin cita, si hay disponibilidad."
01-oficina-de-empleo,nueva-oe-mostoles-2,Oficinas de empleo del resto de la Comunidad,ficha,Oficina de empleo Móstoles II,oficina de empleo,"Atiende a Móstoles (28931, 28936 a 28938), Arroyomolinos, El Álamo, Sevilla la Nueva, Villa del Prado y otros municipios.","C/ Daoiz, 17",28931,Móstoles,"Metro Pradillo, a 500 m",916641727;916641595,o.e.mostoles2@madrid.org,https://www.comunidad.madrid/centros/oficina-empleo-mostoles-ii,,"Con cita previa, que se pide en la web de cita previa de la Comunidad o en el 012; sin cita, si hay disponibilidad."
01-oficina-de-empleo,nueva-oe-movil,Oficinas de empleo del resto de la Comunidad,ficha,Oficina de Empleo Móvil,oficina de empleo itinerante,"Autobús que lleva la inscripción, la renovación de la demanda y la información de cursos y ofertas a municipios sin oficina.",,,,,,,https://www.comunidad.madrid/centros/oficina-empleo-movil,,"Presencial, por las mañanas de lunes a jueves; el calendario de municipios de cada semana está en su página."
01-oficina-de-empleo,nueva-oe-parla,Oficinas de empleo del resto de la Comunidad,ficha,Oficina de empleo Parla,oficina de empleo,"Atiende a Parla, Griñón, Casarrubuelos, Cubas de la Sagra, Torrejón de la Calzada y Torrejón de Velasco.","C/ Carolina Coronado, 10",28982,Parla,"Metro Ligero Iglesia Centro, a 100 m",916999610,o.e.parla@madrid.org,https://www.comunidad.madrid/centros/oficina-empleo-parla,,"Con cita previa, que se pide en la web de cita previa de la Comunidad o en el 012; sin cita, si hay disponibilidad."
01-oficina-de-empleo,nueva-oe-pinto,Oficinas de empleo del resto de la Comunidad,ficha,Oficina de empleo Pinto,oficina de empleo,Atiende a Pinto (código postal 28320).,"Avenida de Europa, 1",28320,Pinto,,916928252,o.e.pinto@madrid.org,https://www.comunidad.madrid/centros/oficina-empleo-pinto,,"Con cita previa, que se pide en la web de cita previa de la Comunidad o en el 012; sin cita, si hay disponibilidad."
01-oficina-de-empleo,nueva-oe-rivas,Oficinas de empleo del resto de la Comunidad,ficha,Oficina de empleo Rivas-Vaciamadrid,oficina de empleo,"Atiende a los códigos postales 28521, 28522, 28523 y 28529.",C/ Marie Curie 9,28521,Rivas-Vaciamadrid,"Metro Rivas Futura, a 400 m",912761757,o.e.rivas@madrid.org,https://www.comunidad.madrid/centros/oficina-empleo-rivas-vaciamadrid,,"Con cita previa, que se pide en la web de cita previa de la Comunidad o en el 012; sin cita, si hay disponibilidad."
01-oficina-de-empleo,nueva-oe-san-sebastian-reyes,Oficinas de empleo del resto de la Comunidad,ficha,Oficina de empleo San Sebastián de los Reyes,oficina de empleo,"Atiende a San Sebastián de los Reyes, Alcobendas, Algete y los municipios de la Sierra Norte.","C/ Isla de Hierro, 7",28703,San Sebastián de los Reyes,"Metro Reyes Católicos, a 700 m",916517100;916517043,o.e.sansebastiandelosreyes@madrid.org,https://www.comunidad.madrid/centros/oficina-empleo-san-sebastian-reyes,,"Con cita previa, que se pide en la web de cita previa de la Comunidad o en el 012; sin cita, si hay disponibilidad."
01-oficina-de-empleo,nueva-oe-torrejon,Oficinas de empleo del resto de la Comunidad,ficha,Oficina de empleo Torrejón de Ardoz,oficina de empleo,"Atiende a Torrejón de Ardoz, Ajalvir, Loeches, Paracuellos de Jarama, Fresno de Torote y Ribatejada.","C/ Juan XXIII, 6, 8, 10",28850,Torrejón de Ardoz,"Cercanías Torrejón de Ardoz, a 250 m",916761064;916761361,o.e.torrejon@madrid.org,https://www.comunidad.madrid/centros/oficina-empleo-torrejon-ardoz,,"Con cita previa, que se pide en la web de cita previa de la Comunidad o en el 012; sin cita, si hay disponibilidad."
01-oficina-de-empleo,nueva-oe-valdemoro,Oficinas de empleo del resto de la Comunidad,ficha,Oficina de empleo Valdemoro,oficina de empleo,"Atiende a Valdemoro, Ciempozuelos, San Martín de la Vega y Titulcia.","Pº de la Estación, 17",28341,Valdemoro,"Cercanías Valdemoro, a 650 m",918018370;918018371,o.e.valdemoro@madrid.org,https://www.comunidad.madrid/centros/oficina-empleo-valdemoro,,"Con cita previa, que se pide en la web de cita previa de la Comunidad o en el 012; sin cita, si hay disponibilidad."
02-prestaciones,nueva-sepe-atencion-online,Atención del SEPE,ficha,Atención online del SEPE,,Formulario para consultas generales sobre prestaciones; no responde sobre expedientes concretos ni pagos.,,,,,,,https://www.sepe.es/HomeSepe/mas-informacion-contacto/Atencion-online.html,,Formulario de consultas en internet.
02-prestaciones,nueva-sepe-certificados,Atención del SEPE,ficha,Certificados de prestaciones,,"Certificados de situación, de prestación actual, de importes y de IRPF.",,,,,,,https://sede.sepe.gob.es/portalSede/procedimientos-y-servicios/personas/proteccion-por-desempleo/obtencion-de-certificados.html,,"Con certificado digital, DNI electrónico, Cl@ve o PIN al teléfono móvil."
02-prestaciones,nueva-sepe-cita,Atención del SEPE,ficha,Cita previa del SEPE,,"Cita para la oficina de prestaciones, imprescindible para que te atiendan. El teléfono de cita funciona las 24 horas.",,,,,919267970,,https://sede.sepe.gob.es/portalSede/procedimientos-y-servicios/personas/proteccion-por-desempleo/cita-previa.html,,Por internet en la sede electrónica o llamando al 91 926 79 70.
02-prestaciones,nueva-sepe-consulta,Atención del SEPE,ficha,Consulta de tu prestación,,"Estado de la prestación, solicitudes, recibos de nómina, denegaciones y certificado de empresa.",,,,,,,https://sede.sepe.gob.es/portalSede/procedimientos-y-servicios/personas/proteccion-por-desempleo/consultas.html,,"Con certificado digital, DNI electrónico, Cl@ve o PIN al teléfono móvil."
02-prestaciones,nueva-sepe-simulador,Atención del SEPE,ficha,Programa de autocálculo de prestaciones,,Simulador para saber qué prestación o subsidio te corresponde al acabar el contrato o al agotar el paro. No es vinculante.,,,,,,,https://sede.sepe.gob.es/dgsimulador/introSimulador.do,,Acceso libre por internet.
02-prestaciones,nueva-sepe-sede,Atención del SEPE,ficha,Sede electrónica del SEPE,,"Todos los trámites de prestaciones por internet: solicitud, prórroga del subsidio, certificados, baja y consulta.",,,,,,,https://sede.sepe.gob.es/portalSede,https://sede.sepe.gob.es/portalSede/procedimientos-y-servicios/personas/proteccion-por-desempleo.html,"Con certificado digital, DNI electrónico o Cl@ve."
02-prestaciones,nueva-sepe-simulador-cae,Atención del SEPE,ficha,Simulador del complemento de apoyo al empleo,,Calcula cuánto y durante cuánto tiempo cobrarías si compatibilizas el paro o el subsidio con un trabajo por cuenta ajena.,,,,,,,https://sede.sepe.gob.es/portalSede/procedimientos-y-servicios/personas/proteccion-por-desempleo/simulador-complemento-apoyo-empleo.html,,"Acceso libre, sin identificarse. El resultado es orientativo."
02-prestaciones,nueva-sepe-solicitud,Atención del SEPE,ficha,Solicitud de prestaciones por internet,,"Solicitud de la prestación contributiva, los subsidios y el pago único, con la misma validez que en la oficina.",,,,,,,https://sede.sepe.gob.es/portalSede/procedimientos-y-servicios/personas/proteccion-por-desempleo/solicitud-de-prestaciones.html,,"Con certificado digital, DNI electrónico o Cl@ve, y estando inscrito como demandante de empleo."
02-prestaciones,nueva-sepe-060,Atención del SEPE,ficha,Teléfono 060 de atención a la ciudadanía,,"Información de prestaciones por desempleo, trámites y certificados de prestaciones por teléfono.",,,,,,,https://www.sepe.es/HomeSepe/mas-informacion-contacto/atencion-telefonica.html,,"Llamando al 060 (con coste); en Madrid, de lunes a viernes de 9 a 14 h. Los números 800 y 807 no son del SEPE."
02-prestaciones,nueva-sepe-area-personal,Atención del SEPE,ficha,Área Personal del SEPE,,"Consulta y tramitación de tu prestación o subsidio, presolicitud, cambio de cuenta bancaria y nómina.",,,,,,,https://sede.sepe.gob.es/portalSede/procedimientos-y-servicios/personas/proteccion-por-desempleo/area-personal.html,,"Con PIN enviado al móvil, certificado digital, DNI electrónico o Cl@ve."
02-prestaciones,nueva-sepe-buscador-oficinas,Oficinas de prestaciones,ficha,Buscador de oficinas del SEPE,,"Red de oficinas de prestaciones, por código postal o por provincia. No siempre están en la dirección de la oficina de empleo.",,,,,,,https://www.sepe.es/HomeSepe/que-es-el-sepe/Red-de-oficinas.html,,Consulta libre; para ir a la oficina hace falta cita previa.
03-agencia-para-el-empleo,p13-04,Agencias de zona,ficha,Agencia de Proximidad de Arganzuela,agencia de colocación,Orientación laboral y bolsa de empleo para personas desempleadas; intermediación para empresas.,"Paseo de los Pontones, 10",28005,Madrid,"Metro Pirámides, a 450 m",913643460,aparganzuelaae@madrid.es,https://www.madrid.es/portales/munimadrid/es/Inicio/Educacion-y-empleo/Empleo/Agencia-de-Proximidad-de-Arganzuela/?vgnextfmt=default&vgnextoid=845d9744cc0fd210VgnVCM1000000b205a0aRCRD&vgnextchannel=3f50c5dee78fe410VgnVCM1000000b205a0aRCRD,https://saltaempleo.madrid.es/empleo-formacion/ofertas/,"Primera vez: cita previa en el sistema municipal de cita previa, en el 010 o el 914 800 010, o en una Oficina de Atención a la Ciudadanía."
03-agencia-para-el-empleo,p13-06,Agencias de zona,ficha,Agencia de Proximidad de Barajas,agencia de colocación,Orientación laboral y bolsa de empleo para personas desempleadas; intermediación para empresas.,"Avenida de Cantabria, 6",28042,Madrid,"Metro Alameda de Osuna, a 350 m",917412190,apbarajasae@madrid.es,https://www.madrid.es/portales/munimadrid/es/Inicio/Educacion-y-empleo/Empleo/Agencia-de-Proximidad-de-Barajas/?vgnextfmt=default&vgnextoid=81e1cf4ee3448210VgnVCM2000000c205a0aRCRD&vgnextchannel=3f50c5dee78fe410VgnVCM1000000b205a0aRCRD,https://saltaempleo.madrid.es/empleo-formacion/ofertas/,"Primera vez: cita previa en el sistema municipal de cita previa, en el 010 o el 914 800 010, o en una Oficina de Atención a la Ciudadanía."
03-agencia-para-el-empleo,nueva-ap-carabanchel,Agencias de zona,ficha,Agencia de Proximidad de Carabanchel,agencia de colocación,Orientación laboral y bolsa de empleo para personas desempleadas; intermediación para empresas.,"Avenida de Carabanchel Alto, 52",28044,Madrid,"Metro Carabanchel Alto, a 100 m",915133085,apcarabanchelae@madrid.es,https://www.madrid.es/portales/munimadrid/es/Inicio/Educacion-y-empleo/Empleo/Agencia-de-Proximidad-de-Carabanchel/?vgnextfmt=default&vgnextoid=65c9d91db2790110VgnVCM2000000c205a0aRCRD&vgnextchannel=3f50c5dee78fe410VgnVCM1000000b205a0aRCRD,https://saltaempleo.madrid.es/empleo-formacion/ofertas/,"Primera vez: cita previa en el sistema municipal de cita previa, en el 010 o el 914 800 010, o en una Oficina de Atención a la Ciudadanía."
03-agencia-para-el-empleo,p13-08,Agencias de zona,ficha,Agencia de Proximidad de Latina,agencia de colocación,Orientación laboral y bolsa de empleo para personas desempleadas; intermediación para empresas.,"Calle Alhambra, 89",28047,Madrid,"Cercanías Laguna, a 350 m",915088758,aplatinaae@madrid.es,https://www.madrid.es/portales/munimadrid/es/Inicio/Educacion-y-empleo/Empleo/Agencia-de-Proximidad-de-Latina/?vgnextfmt=default&vgnextoid=d01487d2102a5210VgnVCM1000000b205a0aRCRD&vgnextchannel=3f50c5dee78fe410VgnVCM1000000b205a0aRCRD,https://saltaempleo.madrid.es/empleo-formacion/ofertas/,"Primera vez: cita previa en el sistema municipal de cita previa, en el 010 o el 914 800 010, o en una Oficina de Atención a la Ciudadanía."
03-agencia-para-el-empleo,p13-12,Agencias de zona,ficha,Agencia de Proximidad de Mercamadrid,agencia de colocación,"Bolsa de empleo del sector alimentario, para quien tiene experiencia o formación en el sector, y orientación laboral.","Zona Comercial, local 1E/1F, Mercamadrid (salida 20 de la M-40)",28018,Madrid,,914786583;915880332,aemercamadrid@madrid.es,https://www.madrid.es/portales/munimadrid/es/Inicio/Educacion-y-empleo/Empleo/Agencia-de-Proximidad-de-MercaMadrid/?vgnextfmt=default&vgnextoid=da78d06e632a5210VgnVCM1000000b205a0aRCRD&vgnextchannel=3f50c5dee78fe410VgnVCM1000000b205a0aRCRD,https://saltaempleo.madrid.es/empleo-formacion/ofertas/,"Cita previa en el sistema municipal de cita previa, en el 010 o el 915 880 332; también admite el currículum por correo."
03-agencia-para-el-empleo,p13-07,Agencias de zona,ficha,Agencia de Proximidad de Puente de Vallecas,agencia de colocación,Orientación laboral y bolsa de empleo para personas desempleadas; intermediación para empresas.,"Avenida de la Albufera, 42",28038,Madrid,"Metro Nueva Numancia, a 200 m",914779664,apvallecasae@madrid.es,https://www.madrid.es/portales/munimadrid/es/Inicio/Educacion-y-empleo/Empleo/Agencia-de-Proximidad-de-Puente-de-Vallecas/?vgnextfmt=default&vgnextoid=9367548c4939d210VgnVCM1000000b205a0aRCRD&vgnextchannel=3f50c5dee78fe410VgnVCM1000000b205a0aRCRD,https://saltaempleo.madrid.es/empleo-formacion/ofertas/,"Primera vez: cita previa en el sistema municipal de cita previa, en el 010 o el 914 800 010, o en una Oficina de Atención a la Ciudadanía."
03-agencia-para-el-empleo,p13-05,Agencias de zona,ficha,Agencia de Proximidad de Tetuán,agencia de colocación,Orientación laboral y bolsa de empleo para personas desempleadas; intermediación para empresas.,"Calle Juan Pantoja, 2",28039,Madrid,"Metro Alvarado, a 50 m",915336559,aptetuanae@madrid.es,https://www.madrid.es/portales/munimadrid/es/Inicio/Educacion-y-empleo/Empleo/Agencia-de-Proximidad-de-Tetuan/?vgnextfmt=default&vgnextoid=bd12ff632081c010VgnVCM1000000b205a0aRCRD&vgnextchannel=3f50c5dee78fe410VgnVCM1000000b205a0aRCRD,https://saltaempleo.madrid.es/empleo-formacion/ofertas/,"Primera vez: cita previa en el sistema municipal de cita previa, en el 010 o el 914 800 010, o en una Oficina de Atención a la Ciudadanía."
03-agencia-para-el-empleo,p13-09,Agencias de zona,ficha,Agencia de Proximidad de Vicálvaro,agencia de colocación,Orientación laboral y bolsa de empleo para personas desempleadas; intermediación para empresas.,"Avenida de Daroca, 327",28032,Madrid,"Metro Vicálvaro, a 50 m",917753950,apvicalvaroae@madrid.es,https://www.madrid.es/portales/munimadrid/es/Inicio/Educacion-y-empleo/Empleo/Agencia-de-Proximidad-de-Vicalvaro/?vgnextfmt=default&vgnextoid=f7613f6b3d91f010VgnVCM2000000c205a0aRCRD&vgnextchannel=3f50c5dee78fe410VgnVCM1000000b205a0aRCRD,https://saltaempleo.madrid.es/empleo-formacion/ofertas/,"Primera vez: cita previa en el sistema municipal de cita previa, en el 010 o el 914 800 010, o en una Oficina de Atención a la Ciudadanía."
03-agencia-para-el-empleo,p13-11,Agencias de zona,ficha,Agencia de Proximidad de Villaverde,agencia de colocación,Orientación laboral y bolsa de empleo para personas desempleadas; intermediación para empresas.,"Avenida de Orovilla, 54",28041,Madrid,"Metro Ciudad de los Ángeles, a 350 m",917239223,apvillaverdeae@madrid.es,https://www.madrid.es/portales/munimadrid/es/Inicio/Educacion-y-empleo/Empleo/Agencia-de-Proximidad-de-Villaverde/?vgnextfmt=default&vgnextoid=5a62ff632081c010VgnVCM1000000b205a0aRCRD&vgnextchannel=3f50c5dee78fe410VgnVCM1000000b205a0aRCRD,https://saltaempleo.madrid.es/empleo-formacion/ofertas/,"Primera vez: cita previa en el sistema municipal de cita previa, en el 010 o el 914 800 010, o en una Oficina de Atención a la Ciudadanía."
03-agencia-para-el-empleo,nueva-ae-bus-empleo,Centros de formación y otros servicios,renglon,Bus del Empleo (oficina móvil de la Agencia),,"Unidad móvil con orientación laboral, formación y bolsa de empleo que recorre diez distritos.",,,,,,,https://www.madrid.es/portales/munimadrid/es/Inicio/Educacion-y-empleo/Empleo/Agencia-para-el-Empleo-de-Madrid/?vgnextfmt=default&vgnextoid=c65815fa10294110VgnVCM1000000b205a0aRCRD&vgnextchannel=3f50c5dee78fe410VgnVCM1000000b205a0aRCRD&idCapitulo=50245890,,"Sin cita previa, por orden de llegada, de 9 a 14 h; las rutas y fechas están en un PDF de la página."
03-agencia-para-el-empleo,nueva-cf-barajas,Centros de formación y otros servicios,ficha,Centro de Formación de Barajas,centro de formación municipal,Centro de formación de la Agencia para el Empleo.,"Avenida de Cantabria, 6",28042,Madrid,"Metro Alameda de Osuna, a 350 m",914800338,,https://www.madrid.es/portales/munimadrid/es/Inicio/Educacion-y-empleo/Empleo/Centro-de-Formacion-de-Barajas/?vgnextfmt=default&vgnextoid=e73a0a47f441f010VgnVCM2000000c205a0aRCRD&vgnextchannel=3f50c5dee78fe410VgnVCM1000000b205a0aRCRD,https://saltaempleo.madrid.es/empleo-formacion/programas-formacion/,Los cursos se consultan y se solicitan en saltaempleo.madrid.es.
03-agencia-para-el-empleo,nueva-cf-carmenes,Centros de formación y otros servicios,ficha,Centro de Formación Los Cármenes,centro de formación municipal,Centro de formación de la Agencia para el Empleo.,"Calle Alhambra, 89",28047,Madrid,"Cercanías Laguna, a 350 m",914666137,aecarmenes@madrid.es,https://www.madrid.es/portales/munimadrid/es/Inicio/Educacion-y-empleo/Empleo/Centro-de-Formacion-Los-Carmenes/?vgnextfmt=default&vgnextoid=0bfe7589f451c010VgnVCM1000000b205a0aRCRD&vgnextchannel=3f50c5dee78fe410VgnVCM1000000b205a0aRCRD,https://saltaempleo.madrid.es/empleo-formacion/programas-formacion/,Los cursos se consultan y se solicitan en saltaempleo.madrid.es.
03-agencia-para-el-empleo,p13-10,Centros de formación y otros servicios,ficha,Centro de la Agencia para el Empleo en Retiro,,Información sobre los recursos de la Agencia y oficina de la red Eures (Servicios Europeos de Empleo).,"Avenida de la Ciudad de Barcelona, 164",28007,Madrid,"Metro Pacífico, a 200 m",,,https://www.madrid.es/portales/munimadrid/es/Inicio/Educacion-y-empleo/Empleo/Centro-de-la-Agencia-para-el-Empleo-en-Retiro/?vgnextfmt=default&vgnextoid=ef0f03bc4d911810VgnVCM1000001d4a900aRCRD&vgnextchannel=3f50c5dee78fe410VgnVCM1000000b205a0aRCRD,,"Presencial, de lunes a viernes de 8:30 a 14 h; por teléfono, a través del 010."
03-agencia-para-el-empleo,nueva-cf-vallecas-viverismo,Centros de formación y otros servicios,ficha,Centro Vallecas Viverismo,centro de formación municipal,"Certificados de profesionalidad de actividades auxiliares de agricultura y de viveros, jardines y centros de jardinería.","Camino del Pozo del Tío Raimundo, 6",28031,Madrid,"Cercanías El Pozo, a 600 m",609887209,,https://www.madrid.es/portales/munimadrid/es/Inicio/Educacion-y-empleo/Empleo/Centro-Vallecas-Viverismo/?vgnextfmt=default&vgnextoid=154db33c54864710VgnVCM2000001f4a900aRCRD&vgnextchannel=3f50c5dee78fe410VgnVCM1000000b205a0aRCRD,https://saltaempleo.madrid.es/empleo-formacion/programas-formacion/,Los cursos se consultan y se solicitan en saltaempleo.madrid.es.
03-agencia-para-el-empleo,nueva-em-cuidados,Centros de formación y otros servicios,ficha,Escuela Municipal de Cuidados (EMCU),centro de formación municipal,"Formación gratuita en los sectores sociosanitario, sanidad, seguridad, deporte, textil e imagen personal.","Calle Huelga, 5",28031,Madrid,"Metro Congosto, a 450 m",913052066;653477619,emcuidados@madrid.es,https://emcuidados.madrid.es/,https://saltaempleo.madrid.es/empleo-formacion/programas-formacion/,Los cursos se consultan y se solicitan en saltaempleo.madrid.es.
03-agencia-para-el-empleo,nueva-em-empleo-verde,Centros de formación y otros servicios,ficha,Escuela Municipal de Empleo Verde y Oficios (EMEVO),centro de formación municipal,"Formación gratuita en energías renovables, jardinería, mantenimiento, fontanería y electricidad.","Calle Ginebro, 1",28041,Madrid,"Metro San Fermín-Orcasur, a 500 m",,emempleoverdeyoficios@madrid.es,https://emempleoverdeyoficios.madrid.es/,https://saltaempleo.madrid.es/empleo-formacion/programas-formacion/,Los cursos se consultan y se solicitan en saltaempleo.madrid.es.
03-agencia-para-el-empleo,nueva-em-hosteleria,Centros de formación y otros servicios,ficha,Escuela Municipal de Hostelería y Alimentación (EMHA),centro de formación municipal,"Cursos y talleres gratuitos de cocina, repostería, sala y atención al cliente.","Calle Virgen de las Viñas, 16, planta primera",28031,Madrid,"Cercanías Santa Eugenia, a 650 m",,emhosteleriayalimentacion@madrid.es,https://emhosteleriayalimentacion.madrid.es/,https://saltaempleo.madrid.es/empleo-formacion/programas-formacion/,Los cursos se consultan y se solicitan en saltaempleo.madrid.es.
03-agencia-para-el-empleo,nueva-em-talento-digital,Centros de formación y otros servicios,ficha,Escuela Municipal de Talento Digital,centro de formación municipal,"Cursos y talleres gratuitos de competencias digitales: ofimática, programación, marketing digital, ciberseguridad.","Calle Amposta, 34",28037,Madrid,"Metro Avenida de Guadalajara, a 600 m",,aeformacion@madrid.es,https://www.madrid.es/portales/munimadrid/es/Inicio/Educacion-y-empleo/Empleo/Escuela-Municipales-de-Formacion-AE/?vgnextfmt=default&vgnextoid=90eb058231b17910VgnVCM1000001d4a900aRCRD&vgnextchannel=3f50c5dee78fe410VgnVCM1000000b205a0aRCRD&idCapitulo=12787835,https://saltaempleo.madrid.es/empleo-formacion/programas-formacion/,Los cursos se consultan y se solicitan en saltaempleo.madrid.es.
03-agencia-para-el-empleo,nueva-ae-orientacion,Centros de formación y otros servicios,renglon,Orientación laboral de la Agencia (CEOP y Aula de Entrenamiento),,"Asesoramiento personalizado, currículum, entrevistas y ordenadores para buscar empleo, en las agencias de proximidad.",,,,,,,https://saltaempleo.madrid.es/empleo-formacion/orientacion-laboral/,,Cita previa en tu agencia de proximidad.
03-agencia-para-el-empleo,nueva-ae-programas-empleo-formacion,Centros de formación y otros servicios,renglon,Programas públicos de empleo-formación,,"Prácticas remuneradas a jornada completa en dependencias municipales, con formación, para demandantes de empleo.",,,,,,,https://www.madrid.es/portales/munimadrid/es/Inicio/Educacion-y-empleo/Empleo/Agencia-para-el-Empleo-de-Madrid/?vgnextfmt=default&vgnextoid=c65815fa10294110VgnVCM1000000b205a0aRCRD&vgnextchannel=3f50c5dee78fe410VgnVCM1000000b205a0aRCRD&idCapitulo=10432554,,Convocatoria anual; se participa a través de las oficinas de empleo de la Comunidad de Madrid.
03-agencia-para-el-empleo,nueva-salta-empleo,Centros de formación y otros servicios,ficha,"SaltaEmpleo, portal de empleo y formación de la Agencia",agencia de colocación,"Portal de la Agencia para el Empleo: ofertas de trabajo, cursos gratuitos y orientación laboral.",,,,,,agenciadecolocacion@madrid.es,https://saltaempleo.madrid.es/,https://saltaempleo.madrid.es/empleo-formacion/ofertas/,"Registro en el portal: te das de alta, completas tus datos y envías tu perfil."
03-agencia-para-el-empleo,nueva-vue-madrid-emprende,Centros de formación y otros servicios,ficha,Ventanilla Única del Emprendimiento (Madrid Emprende),,"Asesoramiento gratuito para crear tu empresa o darte de alta como autónomo, plan de empresa, ayudas y financiación.","Calle Cartagena, 178 (esquina a Príncipe de Vergara, 140), planta baja",28002,Madrid,"Metro Cruz del Rayo, a 50 m",,,https://www.madrid.es/portales/munimadrid/es/Ventanilla-Unica-del-Emprendedor/?vgnextfmt=default&vgnextoid=37f53b62483b2410VgnVCM1000000b205a0aRCRD&vgnextchannel=a68fed8a96b06010VgnVCM100000dc0ca8c0RCRD,,Cita previa en línea para la atención presencial; asesoramiento telemático con un formulario de la página.
04-jovenes,nueva-garantia-juvenil-sepe,Garantía Juvenil,ficha,Garantía Juvenil (SEPE),,"Iniciativa europea para facilitar el acceso al trabajo de jóvenes de 16 a 29 años: ofertas de empleo, formación gratuita y orientación.",,,,,,,https://www.sepe.es/HomeSepe/Personas/encontrar-trabajo/Garantia-Juvenil.html,https://garantiajuvenil.sepe.es/login.action,Inscripción en línea en el portal de Garantía Juvenil del SEPE.
04-jovenes,nueva-garantia-juvenil-cm,Garantía Juvenil,ficha,Garantía Juvenil en la Comunidad de Madrid,,"Información, orientación y ayuda para inscribirte en Garantía Juvenil, en el Centro de Información Juvenil de la Comunidad.","Calle General Díaz Porlier, 35",28001,Madrid,"Metro Lista, a 200 m",915437412,garantia.cridj@madrid.org,https://www.comunidad.madrid/juventud/garantia-juvenil,https://garantiajuvenil.sepe.es/login.action,"Presencial, de lunes a viernes de 9 a 14 h, por teléfono o por correo."
04-jovenes,nueva-cij-madrid,Información y asesoría juvenil,ficha,Centro de Información Juvenil del Ayuntamiento de Madrid,centro municipal de información juvenil,"Centro de la red municipal de información juvenil: empleo, formación, becas, vivienda.","Paseo de la Chopera, 41",28045,Madrid,"Metro Legazpi, a 500 m",914801218,ninfjuventud@madrid.es,https://www.madrid.es/portales/munimadrid/es/Inicio/Jovenes/Red-de-Oficinas-de-Informacion-Juvenil/?vgnextfmt=default&vgnextoid=cc00b9d68abdb610VgnVCM2000001f4a900aRCRD&vgnextchannel=3e10b7dd3f7fe410VgnVCM1000000b205a0aRCRD,,Sin cita previa.
04-jovenes,nueva-cridj,Información y asesoría juvenil,ficha,Centro Regional de Información y Documentación Juvenil (CRIDJ),,"Información y orientación juvenil de la Comunidad de Madrid, ayuda con Garantía Juvenil y asesoría de estudios.","Calle General Díaz Porlier, 35",28001,Madrid,"Metro Lista, a 200 m",915437412,correo.cridj@madrid.org,https://www.comunidad.madrid/centros/centro-regional-informacion-documentacion-juvenil-cridj,,"Presencial, de lunes a viernes de 9 a 14 h; la asesoría de estudios, con cita previa o por correo."
04-jovenes,nueva-injuve,Información y asesoría juvenil,renglon,Injuve (Instituto de la Juventud),,Actualidad de empleo para jóvenes y red estatal de centros de información juvenil.,"Calle José Ortega y Gasset, 71",28006,Madrid,"Metro Lista, a 200 m",917827600,,https://www.injuve.es/empleo,,Consulta en su web.
04-jovenes,nueva-la-gatera,Información y asesoría juvenil,renglon,La Gatera: puerta al empleo joven,,Grupo de Facebook y perfil de Instagram municipales donde se publican ofertas de empleo y de formación para jóvenes.,,,,,,,https://www.madrid.es/portales/munimadrid/es/Inicio/Jovenes/La-Gatera-puerta-al-empleo-joven/?vgnextfmt=default&vgnextoid=9d17175d9b6a8710VgnVCM1000001d4a900aRCRD&vgnextchannel=3e10b7dd3f7fe410VgnVCM1000000b205a0aRCRD,,Uniéndote al grupo de Facebook o siguiendo el perfil de Instagram.
04-jovenes,nueva-oij-zona1,Información y asesoría juvenil,ficha,"Oficina de Información Juvenil, zona 1",oficina municipal de información juvenil,"Información sobre empleo, formación, becas y vivienda. Distritos: Chamartín, Salamanca, Tetuán y Chamberí.","Calle Raimundo Fernández Villaverde, 2",28003,Madrid,"Metro Cuatro Caminos, a 50 m",916117802;616505834,oijzona1@madrid.es,https://www.madrid.es/portales/munimadrid/es/Inicio/Jovenes/Red-de-Oficinas-de-Informacion-Juvenil/?vgnextfmt=default&vgnextoid=cc00b9d68abdb610VgnVCM2000001f4a900aRCRD&vgnextchannel=3e10b7dd3f7fe410VgnVCM1000000b205a0aRCRD,,Sin cita previa; para las tutorías de empleo se pide cita en la oficina.
04-jovenes,nueva-oij-zona2,Información y asesoría juvenil,ficha,"Oficina de Información Juvenil, zona 2",oficina municipal de información juvenil,"Información sobre empleo, formación, becas y vivienda. Distritos: Fuencarral-El Pardo y Moncloa-Aravaca.","Calle Hontalbilla, 10",28034,Madrid,"Metro Fuencarral, a 350 m",917364378;609927405,oijzona2@madrid.es,https://www.madrid.es/portales/munimadrid/es/Inicio/Jovenes/Red-de-Oficinas-de-Informacion-Juvenil/?vgnextfmt=default&vgnextoid=cc00b9d68abdb610VgnVCM2000001f4a900aRCRD&vgnextchannel=3e10b7dd3f7fe410VgnVCM1000000b205a0aRCRD,,Sin cita previa; para las tutorías de empleo se pide cita en la oficina.
04-jovenes,nueva-oij-zona3,Información y asesoría juvenil,ficha,"Oficina de Información Juvenil, zona 3",oficina municipal de información juvenil,"Información sobre empleo, formación, becas y vivienda. Distritos: Latina, Centro y Carabanchel.","Calle Alfonso Fernández, 23",28044,Madrid,"Metro La Peseta, a 350 m",915118980;608644666,oijzona3@madrid.es,https://www.madrid.es/portales/munimadrid/es/Inicio/Jovenes/Red-de-Oficinas-de-Informacion-Juvenil/?vgnextfmt=default&vgnextoid=cc00b9d68abdb610VgnVCM2000001f4a900aRCRD&vgnextchannel=3e10b7dd3f7fe410VgnVCM1000000b205a0aRCRD,,Sin cita previa; para las tutorías de empleo se pide cita en la oficina.
04-jovenes,nueva-oij-zona4,Información y asesoría juvenil,ficha,"Oficina de Información Juvenil, zona 4",oficina municipal de información juvenil,"Información sobre empleo, formación, becas y vivienda. Distritos: Villaverde y Arganzuela.","Calle Sodio, 16",28045,Madrid,"Metro Las Rosas, a 250 m",626512412,oijzona4@madrid.es,https://www.madrid.es/portales/munimadrid/es/Inicio/Jovenes/Red-de-Oficinas-de-Informacion-Juvenil/?vgnextfmt=default&vgnextoid=cc00b9d68abdb610VgnVCM2000001f4a900aRCRD&vgnextchannel=3e10b7dd3f7fe410VgnVCM1000000b205a0aRCRD,,Sin cita previa; para las tutorías de empleo se pide cita en la oficina.
04-jovenes,nueva-oij-zona5,Información y asesoría juvenil,ficha,"Oficina de Información Juvenil, zona 5",oficina municipal de información juvenil,"Información sobre empleo, formación, becas y vivienda. Distritos: Moratalaz, Ciudad Lineal y Vicálvaro.","Calle Titanio, 5",28032,Madrid,"Metro San Cipriano, a 200 m",620452327,oijzona5@madrid.es,https://www.madrid.es/portales/munimadrid/es/Inicio/Jovenes/Red-de-Oficinas-de-Informacion-Juvenil/?vgnextfmt=default&vgnextoid=cc00b9d68abdb610VgnVCM2000001f4a900aRCRD&vgnextchannel=3e10b7dd3f7fe410VgnVCM1000000b205a0aRCRD,,Sin cita previa; para las tutorías de empleo se pide cita en la oficina.
04-jovenes,nueva-oij-zona6,Información y asesoría juvenil,ficha,"Oficina de Información Juvenil, zona 6",oficina municipal de información juvenil,"Información sobre empleo, formación, becas y vivienda. Distritos: Villa de Vallecas, Retiro y Puente de Vallecas.","Calle Real de Arganda, 39",28031,Madrid,"Metro Villa de Vallecas, a 350 m",913052448;628062450,oijzona6@madrid.es,https://www.madrid.es/portales/munimadrid/es/Inicio/Jovenes/Red-de-Oficinas-de-Informacion-Juvenil/?vgnextfmt=default&vgnextoid=cc00b9d68abdb610VgnVCM2000001f4a900aRCRD&vgnextchannel=3e10b7dd3f7fe410VgnVCM1000000b205a0aRCRD,,Sin cita previa; para las tutorías de empleo se pide cita en la oficina.
04-jovenes,nueva-oij-zona7,Información y asesoría juvenil,ficha,"Oficina de Información Juvenil, zona 7",oficina municipal de información juvenil,"Información sobre empleo, formación, becas y vivienda. Distritos: Barajas, Hortaleza y San Blas-Canillejas.","Avenida de Logroño, 179",28042,Madrid,"Metro Alameda de Osuna, a 600 m",917475444;626580934,oijzona7@madrid.es,https://www.madrid.es/portales/munimadrid/es/Inicio/Jovenes/Red-de-Oficinas-de-Informacion-Juvenil/?vgnextfmt=default&vgnextoid=cc00b9d68abdb610VgnVCM2000001f4a900aRCRD&vgnextchannel=3e10b7dd3f7fe410VgnVCM1000000b205a0aRCRD,,Sin cita previa; para las tutorías de empleo se pide cita en la oficina.
04-jovenes,nueva-oij-zona8,Información y asesoría juvenil,ficha,"Oficina de Información Juvenil, zona 8",oficina municipal de información juvenil,"Información sobre empleo, formación, becas y vivienda. Distritos: Usera.","Calle Avena, 5",28026,Madrid,"Metro Plaza Elíptica, a 850 m",689278363,oijzona8@madrid.es,https://www.madrid.es/portales/munimadrid/es/Inicio/Jovenes/Red-de-Oficinas-de-Informacion-Juvenil/?vgnextfmt=default&vgnextoid=cc00b9d68abdb610VgnVCM2000001f4a900aRCRD&vgnextchannel=3e10b7dd3f7fe410VgnVCM1000000b205a0aRCRD,,Sin cita previa; para las tutorías de empleo se pide cita en la oficina.
04-jovenes,nueva-oficina-joven-tive,Información y asesoría juvenil,ficha,Oficina Joven TIVE - Moncloa,,Oficina de información juvenil de la Comunidad de Madrid.,"Calle Fernando el Católico, 88",28015,Madrid,"Metro Moncloa, a 150 m",915437412,,https://www.comunidad.madrid/centros/oficina-joven-tive-moncloa,,"Presencial, de lunes a viernes de 9 a 14 h."
04-jovenes,nueva-oij-tutorias-empleo,Información y asesoría juvenil,renglon,Tutorías de empleo de las Oficinas de Información Juvenil,,"Tutoría individual para trabajar el currículum, las necesidades de formación y las dudas de la búsqueda de empleo.",,,,,,,https://www.madrid.es/portales/munimadrid/es/Inicio/Jovenes/Tutorias-de-empleo/?vgnextfmt=default&vgnextoid=fd284a44d97a8710VgnVCM1000001d4a900aRCRD&vgnextchannel=3e10b7dd3f7fe410VgnVCM1000000b205a0aRCRD,,Se pide en tu Oficina de Información Juvenil más cercana.
04-jovenes,nueva-ciudad-joven,Programas de empleo y prácticas,ficha,Ciudad Joven: proyecto Albarracín,asociación,"Itinerarios personalizados de inserción sociolaboral para jóvenes de 16 a 30 años en situación de vulnerabilidad, y talleres prelaborales.","C/ Avelino Fernández de la Poza, 55",28053,Madrid,"Cercanías Asamblea de Madrid-Entrevías, a 550 m",915070954;915076281,empleo@ciudadjoven.org,https://www.ciudadjoven.org/web/,https://www.ciudadjoven.org/web/programas/proyecto-de-insercion-sociolaboral-albarracin/,"Por correo o teléfono del proyecto; el proyecto de empleo atiende en C/ Cerro de la Alcazaba, 4 (Puente de Vallecas)."
04-jovenes,nueva-ayuda-en-accion,Programas de empleo y prácticas,ficha,Impulsa Empleo Joven (Ayuda en Acción),,"Programa gratuito para jóvenes de 16 a 29 años inscritos en Garantía Juvenil que no estudian ni trabajan: orientación, formación y prácticas.","C/ Serrano Anguita, 13",28004,Madrid,"Metro Bilbao, a 200 m",638191952;683253393,,https://ayudaenaccion.org/,https://impulsaempleojoven.org/,Formulario de inscripción en impulsaempleojoven.org (te llaman) o por los teléfonos de Madrid.
04-jovenes,p45-13,Programas de empleo y prácticas,ficha,Opción 3,cooperativa de iniciativa social,"Cooperativa de iniciativa social sin ánimo de lucro: proyectos de acompañamiento social, formación y empleo para jóvenes.",,,,,910339402,info@opcion3.es,https://www.opcion3.es/,,"No publica página de empleo; contacto por formulario, correo o teléfono."
04-jovenes,nueva-plan-empleo-joven-cm,Programas de empleo y prácticas,renglon,Plan de Empleo Joven de la Comunidad de Madrid,,"Programas para menores de 30 años: ayudas a la contratación estable, contrato formativo, formación en alternancia y talento digital.",,,,,,programa.empleo.joven@madrid.org,https://www.comunidad.madrid/empleo/plan-empleo-joven,,Las ayudas las pide la empresa que contrata; infórmate en tu oficina de empleo.
04-jovenes,nueva-talento-joven-camara,Programas de empleo y prácticas,ficha,Talento Joven (Cámara de Comercio de Madrid),,Programa de cualificación y empleo: cursos gratuitos para jóvenes inscritos en Garantía Juvenil.,"Plaza de la Independencia, 1",28001,Madrid,"Metro Retiro, a 300 m",915383500,picemadrid@camaramadrid.es,,https://cursosgratuitosmadrid.org/,Inscripción en la web de la Cámara; hay que estar inscrito en Garantía Juvenil.
05-tu-distrito,nueva-empleo-comunitario-madrid,Mesas de empleo y ferias de empleo,renglon,Empleo Comunitario Madrid,,"Recursos de empleo de los 21 distritos de Madrid, mapas de empleo por distrito, mesas de empleo y calendario de ferias.",,,,,,,https://empleocomunitariomadrid.wordpress.com/,https://empleocomunitariomadrid.wordpress.com/ferias-empleo-2025/,Consulta en la web: cada distrito tiene su página y su mapa de empleo en PDF.
05-tu-distrito,nueva-feria-empleo-discapacidad,Mesas de empleo y ferias de empleo,ficha,Feria de Empleo para Personas con Discapacidad,,"Feria de la Comunidad de Madrid con empresas, ofertas y actividades para demandantes con discapacidad. Entrada gratuita.","La Nave, calle Cifuentes, 5",28021,Madrid,,686644982;611672682,info.eyd@madrid.org,https://www.empleoydiscapacidad.madrid/,,Inscripción gratuita en su web.
05-tu-distrito,nueva-feria-talento-joven,Mesas de empleo y ferias de empleo,ficha,Feria de Empleo Talento Joven (Cámara de Madrid),,"Encuentro entre empresas con ofertas y jóvenes inscritos en Garantía Juvenil, con talleres de búsqueda de empleo.","Calle Pedro Salinas, 11",28043,Madrid,"Metro Avenida de la Paz, a 500 m",915383500,picemadrid@camaramadrid.es,https://cursosgratuitosmadrid.org/ferias-de-empleo-pice/,,Inscripción en su web; plazas limitadas.
05-tu-distrito,nueva-feria-emplea-villaverde,Mesas de empleo y ferias de empleo,ficha,Feria Emplea Villaverde,,"Feria de empleo del distrito: empresas que recogen currículum, mesas de entidades y talleres.","La Nave, calle Cifuentes, 5",28021,Madrid,,,,https://www.feriaempleavillaverde.es/,,Inscripción en su web.
05-tu-distrito,nueva-empleo-boadilla,Servicios de empleo de los ayuntamientos,ficha,Agencia de Colocación de Boadilla del Monte (SILBO),agencia de colocación municipal,Intermediación y orientación laboral; publica las ofertas en el portal de empleo SILBO y en su aplicación.,,,Boadilla del Monte,,913726270,agcolocacion@aytoboadilla.com,https://www.ayuntamientoboadilladelmonte.org/agencia-de-colocacion,https://silbo.aytoboadilla.org/,Registro como candidato en el portal SILBO.
05-tu-distrito,p27-03,Servicios de empleo de los ayuntamientos,ficha,Agencia de Colocación de Brunete,agencia de colocación,"Agencia de colocación del Ayuntamiento, con portal para buscar ofertas de trabajo e inscribir el currículum.","Plaza Mayor, 1",28690,Brunete,,918159066,empleo@brunete.org,https://brunete.org/concejalias/empleate/,https://brunete.portalemp.com/,Registro como demandante en su portal de empleo.
05-tu-distrito,nueva-empleo-collado-villalba,Servicios de empleo de los ayuntamientos,ficha,Agencia de Colocación de Collado Villalba,agencia de colocación municipal,Servicio público y gratuito de intermediación: inscripción de demandantes y gestión de ofertas en línea.,"Calle Rincón de las Eras, 10 (Centro de Iniciativas Municipales)",28400,Collado Villalba,,912795151,desarrollolocal@ayto-colladovillalba.org,https://www.colladovillalba.es/agencia-de-colocaci%C3%B3n.-acceso-portal-de-empleo,https://colladovillalba.portalemp.com/,Registro en su portal de empleo; atención presencial con cita previa por correo.
05-tu-distrito,nueva-empleo-coslada,Servicios de empleo de los ayuntamientos,ficha,Agencia de Colocación de Coslada,agencia de colocación municipal,"Intermediación laboral gratuita entre demandantes y empresas, orientación laboral y formación para el empleo.","Avenida de los Príncipes de España, 20",28823,Coslada,"Metro La Rambla, a 100 m",916278200,empleo-bolsa@ayto-coslada.es,https://bolsaempleo.ayto-coslada.es/,https://bolsaempleo.ayto-coslada.es/index.php,Inscripción en línea en su portal; hay que mantenerse en situación activa.
05-tu-distrito,p27-01,Servicios de empleo de los ayuntamientos,ficha,Agencia de Colocación de Humanes de Madrid,agencia de colocación,Agencia de colocación del Ayuntamiento: ofertas de empleo de empresas de la zona y cursos de formación.,"C/ Macarena, 3",28970,Humanes de Madrid,"Cercanías Humanes, a 150 m",914982150,agenciadecolocacion@ayto-humanesdemadrid.es,https://ayto-humanesdemadrid.es/,https://www.gestionandote.com/agencia/humanes,Inscripción en su portal de empleo; atención presencial con cita previa.
05-tu-distrito,p28-04,Servicios de empleo de los ayuntamientos,ficha,Agencia de Colocación de Navalcarnero,agencia de colocación,"Agencia de colocación del Ayuntamiento, con portal de ofertas de empleo y cursos de formación.","Plaza de Francisco Sandoval, 1, 2ª planta",28600,Navalcarnero,,918101300,concejaliadesarrolloempleo@ayto-navalcarnero.com,https://navalcarnero.es/navalcarnero/formacionempleo/,https://navalcarnero.portalemp.com/,Registro en su portal de empleo; atención presencial con cita previa por teléfono.
05-tu-distrito,nueva-empleo-pozuelo,Servicios de empleo de los ayuntamientos,ficha,Agencia de Colocación de Pozuelo de Alarcón,agencia de colocación municipal,"Ofertas de empleo, alta como demandante, club de empleo y programa Pozuelo Sénior +45.","Camino Viejo de Madrid, 4, local 2",28223,Pozuelo de Alarcón,"Metro Ligero Bélgica, a 450 m",917093096,,https://www.pozuelodealarcon.org/empleo-y-empresas/empleo/agencia-autorizada-de-colocacion,https://agenciadecolocacion.pozuelodealarcon.org/ofertas.html,Alta como demandante en la agencia; las ofertas se consultan en su portal.
05-tu-distrito,nueva-empleo-rivas,Servicios de empleo de los ayuntamientos,ficha,Agencia de Colocación de Rivas Vaciamadrid,agencia de colocación municipal,Servicio municipal gratuito de intermediación laboral para personas que buscan trabajo y empresas.,"Calle Crisol, 1 (entrada por calle Electrodo)",28522,Rivas-Vaciamadrid,,916602991,agenciacolocacion@rivasciudad.es,https://agenciadecolocacion.rivasciudad.es/,,Registro como candidato en su portal; cita por teléfono.
05-tu-distrito,nueva-empleo-san-fernando,Servicios de empleo de los ayuntamientos,ficha,Agencia de Colocación de San Fernando de Henares,agencia de colocación municipal,"Oficina de Desarrollo Local: agencia pública de colocación, orientación y formación para el empleo.","Plaza de Fernando VI, 11",28830,San Fernando de Henares,"Metro San Fernando, a 350 m",916735712,agenciadecolocacion@ayto-sanfernando.com,https://www.ayto-sanfernando.com/empleo-y-formacion/,https://sanferempleo.wixsite.com/sanferempleo,Presencial en el Centro Municipal Marcelino Camacho o por correo.
05-tu-distrito,nueva-empleo-valdemoro,Servicios de empleo de los ayuntamientos,ficha,Agencia de Colocación de Valdemoro,agencia de colocación municipal,"Intermediación laboral gratuita entre personas desempleadas de Valdemoro y empresas, con portal de empleo.","Calle Tenerías, 28 (Centro Ramón Areces)",28342,Valdemoro,,918099681,agenciacolocacion@valdemoro.es,https://www.valdemoro.es/agenciacolocacion,https://agenciacolocacion.valdemoro.es/,"Registro en el portal de la agencia o presencial, de lunes a viernes de 9 a 14 h."
05-tu-distrito,p27-02,Servicios de empleo de los ayuntamientos,ficha,Agencia de Colocación de Venturada,agencia de colocación,"Agencia de colocación del Ayuntamiento, con portal de ofertas de empleo, cursos y apoyo a quien emprende.","Plaza Ayuntamiento, 2",28729,Venturada,,918439212;918439998,agenciadecolocacion@venturada.org,https://venturada.portalemp.com/,https://venturada.portalemp.com/ofertas.html,Registro como demandante en su portal de empleo.
05-tu-distrito,nueva-empleo-parla,Servicios de empleo de los ayuntamientos,ficha,Agencia Municipal de Empleo de Parla,agencia de colocación municipal,"Ofertas de empleo, intermediación laboral, asesoramiento, formación y certificados de profesionalidad.","Calle Ramón y Cajal, 3 y 5 (posterior)",28981,Parla,"Metro Ligero Bulevar Sur, a 250 m",916999383;916058743,,https://www.ayuntamientoparla.es/servicios/empleo-y-formacion,,Inscripción en el servicio de intermediación laboral; atención presencial y telefónica.
05-tu-distrito,nueva-empleo-alcala,Servicios de empleo de los ayuntamientos,ficha,Alcalá Desarrollo,agencia de colocación municipal,"Agencia de colocación municipal: ofertas de empleo, tutorías de orientación y formación para demandantes de la zona.","Calle Victoria, 10",28802,Alcalá de Henares,,918883300,,https://alcaladesarrollo.ayto-alcaladehenares.es/empleo/,https://alcaladesarrollo.ayto-alcaladehenares.es/empleo/ofertas-de-empleo/,"Perfil en su servicio de empleo en línea, o tutoría con cita (en línea o por teléfono, ext. 4335)."
05-tu-distrito,nueva-empleo-getafe,Servicios de empleo de los ayuntamientos,ficha,ALEF Getafe (Agencia Local de Empleo y Formación),agencia de colocación municipal,"Organismo municipal de empleo y formación: bolsa de empleo, orientación laboral y cursos.","Calle Díaz y Barcala, s/n (Sector III)",28905,Getafe,,916654400,informacion@alefgetafe.org,https://www.alefgetafe.org/,https://gesempleo.alefgetafe.org/,Inscripción en su bolsa de empleo en línea.
05-tu-distrito,nueva-empleo-alcobendas,Servicios de empleo de los ayuntamientos,ficha,Bolsa de Empleo de Alcobendas,agencia de colocación municipal,"Portal de empleo municipal: ofertas de empresas, espacio del demandante con consejos y rincón del emprendedor.","Plaza Mayor, 1",28100,Alcobendas,"Metro Manuel de Falla, a 550 m",916597600,bolsaempleo@aytoalcobendas.org,https://bolsaempleo.alcobendas.org/,https://bolsaempleo.alcobendas.org/ofertas.html,Registro en el portal de empleo; atención telefónica en la extensión 4201.
05-tu-distrito,nueva-empleo-leganes,Servicios de empleo de los ayuntamientos,ficha,Bolsa de Empleo de Leganés (Desarrollo Local),servicio municipal de empleo,"Intermediación laboral municipal, orientación laboral y atención a emprendedores.","Avenida del Museo, 4",28914,Leganés,"Metro Casa del Reloj, a 350 m",912489648;912489632,agenciaparaelempleo@leganes.org,https://www.leganes.org/w/area-de-desarrollo-local-bolsa-de-empleo,,"Presencial martes, miércoles y jueves de 10 a 14 h; la orientación, con cita por teléfono."
05-tu-distrito,nueva-empleo-sanse,Servicios de empleo de los ayuntamientos,ficha,Bolsa de Empleo de San Sebastián de los Reyes,agencia de colocación municipal,Agencia de colocación municipal: cruza las ofertas de las empresas con los perfiles inscritos en la bolsa.,,,San Sebastián de los Reyes,,916637909,bolsaempleo@ssreyes.org,https://ssreyes.portalemp.com/,https://ssreyes.portalemp.com/,"Registro en su portal; presencial en el Centro Municipal de Empresas, avenida Cerro del Águila, 9."
05-tu-distrito,nueva-empleo-arganda,Servicios de empleo de los ayuntamientos,ficha,Bolsa de Empleo Municipal de Arganda del Rey,servicio municipal de empleo,Servicio de intermediación laboral del ayuntamiento para personas empadronadas y empresas.,"Calle Juan XXIII, 4",28500,Arganda del Rey,"Metro Arganda del Rey, a 900 m",918711344,desarrollo_local@argandadelrey.es,https://www.argandadelrey.es/servicios-cpt/noticias-empleo/bolsa-de-empleo/,https://www.argandadelrey.es/servicios-cpt/noticias-empleo/ofertas-de-empleo/,"Formulario de inscripción y currículum, en sus oficinas o por correo; se renueva cada seis meses."
05-tu-distrito,nueva-empleo-fuenlabrada,Servicios de empleo de los ayuntamientos,ficha,CIFE Fuenlabrada,agencia de colocación municipal,"Centro municipal de Iniciativas para la Formación y el Empleo: agencia de colocación, orientación y cursos.","Avenida de las Provincias, 33",28941,Fuenlabrada,"Cercanías La Serna, a 650 m",916062512,cife.info@ayto-fuenlabrada.es,https://cife.ayto-fuenlabrada.es/,https://cife.ayto-fuenlabrada.es/empleo/,"Presencial con cita, que se pide por teléfono."
05-tu-distrito,nueva-empleo-tres-cantos,Servicios de empleo de los ayuntamientos,ficha,Desarrollo Económico y Empleo de Tres Cantos,servicio municipal de empleo,"Orientación laboral individual, talleres, escuela virtual de formación y portal de ofertas de empleo.","Plaza del Ayuntamiento, 1",28760,Tres Cantos,"Cercanías Tres Cantos, a 300 m",912938000,,https://web.trescantos.es/area_municipal/empleo/,https://www.gestionandote.com/agencia/trescantos,"Cita previa por teléfono (ext. 4107) para la orientación; las ofertas, en su portal."
05-tu-distrito,nueva-empleo-las-rozas,Servicios de empleo de los ayuntamientos,ficha,Empleo Las Rozas,agencia de colocación municipal,"Agencia de colocación municipal: ofertas de empresas de la zona, talleres de empleo y planes de acción por perfiles.",,,Las Rozas de Madrid,,917579424,empleo@lasrozas.es,https://www.lasrozas.es/hacienda-economia-y-empleo/Empleo,https://empleo.lasrozas.es/,Registro en su portal de empleo; información por teléfono o por correo.
05-tu-distrito,nueva-empleo-alcorcon,Servicios de empleo de los ayuntamientos,ficha,IMEPE Alcorcón,agencia de colocación municipal,"Instituto municipal de empleo: agencia de colocación, orientación laboral, formación y emprendimiento.","Calle Químicas, 2",28923,Alcorcón,,916648415,imepe@ayto-alcorcon.es,https://imepe-alcorcon.com/agencia-de-colocacion/,https://alcorconemplea.es/,Alta como demandante en su web («Acceso demandantes») o con cita por teléfono.
05-tu-distrito,nueva-empleo-mostoles,Servicios de empleo de los ayuntamientos,ficha,Móstoles Desarrollo,agencia de colocación municipal,"Agencia de colocación municipal: ofertas de empleo, orientación, club de empleo, talleres y asesoría laboral.","Calle Pintor Velázquez, 68",28935,Móstoles,"Metro Hospital de Móstoles, a 550 m",916853090,info@mostolesdesarrollo.es,https://mostolesdesarrollo.es/empleo-y-agencia-de-colocacion,https://www.mostolesemplea.es/,"Registro en el portal Móstoles Emplea, con el currículum actualizado."
05-tu-distrito,p29-05,Servicios de empleo de los ayuntamientos,ficha,"OFEDE, Agencia de Colocación de Torres de la Alameda",agencia de colocación,"Servicio municipal de empleo, orientación, intermediación laboral y apoyo a empresas.","Plaza del Sol, 16",28813,Torres de la Alameda,,911351663;689411150,ofede@torresdelaalameda.org,https://www.torresdelaalameda.org/concejalias/concejalia-de-empleo/ofede-agencia-de-colocacion/,https://www.torresdelaalameda.es/ofede/ofertas-empleo/,Inscripción en la bolsa de empleo desde su web; atención presencial de 8 a 14 h.
05-tu-distrito,nueva-empleo-torrejon,Servicios de empleo de los ayuntamientos,ficha,Oficina Municipal de Empleo de Torrejón de Ardoz,servicio municipal de empleo,"Bolsa de empleo municipal, orientación e intermediación laboral y asesoramiento para el autoempleo.",,,Torrejón de Ardoz,,916600667,empleo@ayto-torrejon.es,https://bolsaempleo.ayto-torrejon.es/,https://bolsaempleo.ayto-torrejon.es/ofertas-bolsa-empleo,"Inscripción en la bolsa en línea o presencial en calle Londres, 7 (Torrejón 2000); cita con el formulario de contacto."
05-tu-distrito,nueva-empleo-majadahonda,Servicios de empleo de los ayuntamientos,ficha,Servicio Municipal de Empleo de Majadahonda,agencia de colocación municipal,"Agencia de colocación municipal: orientación laboral, talleres y bolsa de empleo.","Avenida de Guadarrama, 34",28220,Majadahonda,,916341440;648867928,empleo@majadahonda.org,https://www.majadahonda.org/telefonos-de-interes/-/asset_publisher/azmufD8Iv9jP/content/s-m-de-empleabilidad,https://majadahonda.portalemp.com/,Registro en su portal de empleo; atención presencial con cita previa.
05-tu-distrito,nueva-empleo-pinto,Servicios de empleo de los ayuntamientos,ficha,Servicio Municipal de Empleo de Pinto,agencia de colocación municipal,Agencia de colocación y bolsa de trabajo municipal para demandantes y empresas.,"Calle Federico García Lorca, 12",28320,Pinto,"Cercanías Pinto, a 750 m",912483800,fempleo@ayto-pinto.es,https://empleo.ayto-pinto.es/,https://www.gestionandote.com/agencia/pinto,Inscripción en su portal o presencial con cita.
06-formacion,nueva-cfd-alcobendas,Centros de formación de la Comunidad de Madrid,ficha,Centro de Formación Digital Alcobendas,centro público de formación,"Cursos gratuitos de informática: programación, seguridad informática, inteligencia artificial y videojuegos.","C/ Anabel Segura, 7",28108,Alcobendas,"Metro La Moraleja, a 850 m",,centrodigitalalcobendas@madrid.org,https://www.comunidad.madrid/centros/centro-formacion-digital-alcobendas,https://vialaboris.comunidad.madrid/Formacion/,"En el buscador de cursos de la Comunidad de Madrid, filtrando por «Digital Alcobendas»."
06-formacion,nueva-cfd-san-blas,Centros de formación de la Comunidad de Madrid,ficha,Centro de Formación Digital San Blas,centro público de formación,"Cursos gratuitos de informática: programación, administración, gestión y seguridad informática.","C/ Arcos de Jalón, 15",28037,Madrid,"Metro Alsacia, a 600 m",652874734,centrodigitalsanblas@madrid.org,https://www.comunidad.madrid/centros/centro-formacion-digital-san-blas,https://vialaboris.comunidad.madrid/Formacion/,"En el buscador de cursos de la Comunidad de Madrid, filtrando por «Digital San Blas»."
06-formacion,nueva-cmice-fuencarral,Centros de formación de la Comunidad de Madrid,ficha,"Centro de Formación en Administración, Seguros y Finanzas",centro público de formación,"Cursos gratuitos de administración y gestión, seguros y finanzas, idiomas y ofimática. Centro de Referencia Nacional.","Ctra. de Colmenar Viejo, km 13,800",28049,Madrid,"Metro Congosto, a 400 m",913721125,cf.finanzasyseguros@madrid.org,https://www.comunidad.madrid/centros/centro-formacion-administracion-seguros-finanzas,https://finanzasyseguros.centrosdeformacion.empleo.madrid.org/cursos-2026-2028,"Solicitud en línea en la web del centro; también en el buscador de cursos, filtrando por «CMICE Fuencarral». Tienen prioridad las personas desempleadas."
06-formacion,nueva-cmice-paracuellos,Centros de formación de la Comunidad de Madrid,ficha,Centro de Formación en Edificación y Obra Civil,centro público de formación,"Cursos gratuitos de construcción, con talleres y campo de prácticas. Centro de Referencia Nacional en edificación y obra civil.","Finca Tirabuey, s/n",28860,Paracuellos de Jarama,,916580413,cf.edificayobracivil@madrid.org,https://www.comunidad.madrid/centros/centro-formacion-edificacion-obra-civil,https://edificayobracivil.centrosdeformacion.empleo.madrid.org/cursos-2026-2028,"Solicitud en línea en la web del centro; también en el buscador de cursos, filtrando por «CMICE Paracuellos». Tienen prioridad las personas desempleadas."
06-formacion,nueva-cmice-leganes,Centros de formación de la Comunidad de Madrid,ficha,"Centro de Formación en Electricidad, Electrónica y Aeronáutica",centro público de formación,"Cursos gratuitos de electricidad, electrónica y aeronáutica. Centro de Referencia Nacional en máquinas electromecánicas.","Paseo de la Ermita, 17 (entrada por C/ Jesús Miguel Haddad Blanco, 18)",28914,Leganés,"Metro San Nicasio, a 850 m",916800126,cf.elecyaeronautica@madrid.org,https://www.comunidad.madrid/centros/centro-formacion-electricidad-electronica-aeronautica,https://elecyaeronautica.centrosdeformacion.empleo.madrid.org/cursos-2026-2028,"Solicitud en línea en la web del centro; también en el buscador de cursos, filtrando por «CMICE Leganés». Tienen prioridad las personas desempleadas."
06-formacion,nueva-cmice-getafe,Centros de formación de la Comunidad de Madrid,ficha,Centro de Formación en Tecnologías de la Información y las Comunicaciones,centro público de formación,"Cursos gratuitos de informática: programación, administración de sistemas, seguridad, ofimática e inglés. Centro de Referencia Nacional.","C/ Arcas del Agua, 2 (Sector 3)",28905,Getafe,,916838160,centrof.madridsur@madrid.org,https://www.comunidad.madrid/centros/centro-formacion-tecnologias-informacion-comunicaciones,https://cftic.centrosdeformacion.empleo.madrid.org/cursos-2026-2028,"Solicitud en línea en la web del centro; también en el buscador de cursos, filtrando por «CMICE Getafe». Tienen prioridad las personas desempleadas."
06-formacion,nueva-cmice-moratalaz,Centros de formación de la Comunidad de Madrid,ficha,Centro de Formación en Tecnologías del Frío y la Climatización,centro público de formación,Cursos gratuitos de refrigeración y climatización. Centro de Referencia Nacional en frío y climatización.,"C/ Hacienda de Pavones, 350",28030,Madrid,"Metro Pavones, a 200 m",913710250;913710330,cf.frioyclimatizacion@madrid.org,https://www.comunidad.madrid/centros/centro-formacion-tecnologias-frio-climatizacion,https://frioyclimatizacion.centrosdeformacion.empleo.madrid.org/cursos-2026-2028,"Solicitud en línea en la web del centro; también en el buscador de cursos, filtrando por «CMICE Moratalaz». Tienen prioridad las personas desempleadas."
06-formacion,nueva-cepa,Centros de formación de la Comunidad de Madrid,renglon,Centros de Educación de Personas Adultas (CEPA),centros públicos,"Centros públicos para mayores de 18 años: enseñanzas iniciales, español para extranjeros, graduado en ESO, pruebas de acceso y grado básico.",,,,,,,https://www.comunidad.madrid/educacion/oferta-formativa-educacion-personas-adultas-cepa,https://www.comunidad.madrid/educacion/admision-centros-educacion-personas-adultas-cepa,Matrícula en el propio centro o por la Secretaría Virtual; la lista de centros con dirección y teléfono está en la página de la oferta formativa.
06-formacion,nueva-accion-laboral-formacion,Centros colaboradores con cursos gratuitos,ficha,Acción Laboral (formación),,"Cursos gratuitos online y presenciales en Alcorcón, sobre todo para trabajadores en activo de Madrid: ofimática, recursos humanos, inteligencia artificial, teleasistencia.","C/ Noya, 5, bajo",28925,Alcorcón,"Cercanías San José de Valderas, a 350 m",607270659,infocursos@accionlaboral.com,https://formacion.accionlaboral.com/,https://formacion.accionlaboral.com/cursos-gratuitos-madrid/,«Solicita información» en su web o presencial en sus oficinas de Alcorcón.
06-formacion,nueva-alboran,Centros colaboradores con cursos gratuitos,ficha,Alborán Formación,,"Cursos gratuitos online y presenciales en Madrid para trabajadores, autónomos y desempleados: ofimática, gestión, atención al cliente, servidores web, audiovisuales.","C/ Hermandad Donantes de Sangre, 49, posterior",28041,Madrid,"Cercanías Puente Alcocer, a 400 m",911592870,alboran@alboranformacion.es,https://alboranformacion.es/,https://cursos.alboranformacion.es/madrid/,Inscripción en la ficha de cada curso de su portal de cursos («Inscripción: plazo abierto»).
06-formacion,nueva-cas-training,Centros colaboradores con cursos gratuitos,ficha,Cas Training,,"Cursos gratuitos de informática, presenciales en Alcobendas y Getafe y online: programación, sistemas y cloud, ciberseguridad, datos e inteligencia artificial, ofimática.","C/ de la Basílica, 19",28020,Madrid,"Cercanías Nuevos Ministerios, a 450 m",915536162,formacionsubvencionada@cas-training.com,https://cursoscastraining.es/,https://cursoscastraining.es/proximos-inicios/presencial-madrid/,«Solicitar mi plaza» en la ficha de cada curso de su web.
06-formacion,nueva-cdm,Centros colaboradores con cursos gratuitos,ficha,CDM Formación,,Centro homologado por el SEPE y la Comunidad de Madrid para formación subvencionada y certificados de profesionalidad; tres centros en Móstoles.,"Avda. de Portugal, 10",28932,Móstoles,"Cercanías Móstoles, a 300 m",916643378,,https://www.cdmformacion.com/,https://www.cdmformacion.com/servicios.php,Solicitud de información en su web («Solicita un curso») o por teléfono.
06-formacion,nueva-froebel,Centros colaboradores con cursos gratuitos,ficha,Centro de Estudios Froebel,,"Cursos gratuitos para desempleados, jóvenes de Garantía Juvenil y ocupados en Torrejón de Ardoz; informática y certificados de profesionalidad.","C/ Brújula, 4, posterior",28850,Torrejón de Ardoz,,916757328,formacion@academiafroebel.com,http://www.academiafroebel.com/,http://www.academiafroebel.com/cursos-gratuitos-desempleados-jovenes-ocupados/,Por correo o teléfono: la página de cursos gratuitos está «en mantenimiento» y remite a su Instagram (@froebel_formacion).
06-formacion,nueva-coremsa,Centros colaboradores con cursos gratuitos,ficha,Coremsa Formación,,"Cursos gratuitos del SEPE y de la Comunidad de Madrid para desempleados, trabajadores y autónomos, online y presenciales en Madrid: hostelería, almacén, gestión comercial, emergencias.",,,,,900102264,,https://www.coremsaformacion.com/,https://www.coremsaformacion.com/cursos/madrid/,«Inscríbete» en la ficha de cada curso o formulario «Solicita más información» de su web.
06-formacion,nueva-femxa,Centros colaboradores con cursos gratuitos,ficha,Cursos Femxa,,"Cursos gratuitos online, en aula virtual y presenciales para trabajadores, autónomos y desempleados de la Comunidad de Madrid: gestión, comercio, diseño, docencia, hostelería.",,,,,900100957;619926324,,https://www.cursosfemxa.es/,https://www.cursosfemxa.es/cursos-gratuitos-trabajadores-desempleados/madrid,Registro en su web y «solicitar plaza» en el curso; en algunos casos hay que residir en la Comunidad de Madrid.
06-formacion,nueva-dicampus,Centros colaboradores con cursos gratuitos,ficha,Dicampus,,"Formación 100 % subvencionada online y presencial para personas en desempleo y en activo: administración y finanzas, ciberseguridad, comercio, docencia, recursos humanos.","C/ Getafe, 15",28912,Leganés,"Metro Casa del Reloj, a 250 m",695460198,info@dicampus.com,https://www.dicampus.es/,https://www.dicampus.es/cursos/,"«Proceso de solicitud de plaza» en su web, desde la ficha de cada curso."
06-formacion,nueva-euroconsultoria,Centros colaboradores con cursos gratuitos,ficha,Euroformac (Euroconsultoría Formación Empresa),,"Cursos gratuitos para desempleados, trabajadores y autónomos, presenciales en Madrid y online: gestión, atención al cliente, redes, ofimática, herramientas digitales, ludotecas.","C/ Ayala, 87",28006,Madrid,"Metro Lista, a 250 m",914362572,info@grupoeuroformac.com,https://cursosgratuitos.grupoeuroformac.com/,https://cursosgratuitos.grupoeuroformac.com/ubicacion/madrid/,«Reservar plaza» en la ficha de cada curso de su web o teléfono gratuito 900 866 434.
06-formacion,nueva-five-alcala,Centros colaboradores con cursos gratuitos,ficha,FIVE Formación Internacional,,"Certificados de profesionalidad y cursos de especialización con recursos del SEPE para desempleados y trabajadores, en Alcalá de Henares y Móstoles.","Paseo de los Curas, 24 | C/ Los Molinos, 1 (28803 Alcalá de Henares) | C/ Gran Capitán, 18, local 2 (28933 Móstoles)",28803,Alcalá de Henares,,911833121,five@five.es,https://fiveinternacional.com/,https://fiveinternacional.com/formacion-para-el-empleo/,Formulario de contacto y teléfono de su web.
06-formacion,nueva-foro-formacion,Centros colaboradores con cursos gratuitos,ficha,Foro de Formación y Ediciones,,"Cursos gratuitos online para trabajadores de Madrid y planes estatales: gestión contable y fiscal, almacén, empresas digitales, medio ambiente, agrario, alimentación.","C/ Santa Leonor, 61, planta 3ª, puerta 4",28037,Madrid,"Metro Simancas, a 700 m",913756606;919498072,info@forodeformacion.org,https://www.forodeformacion.org/,https://www.forodeformacion.org/cursos-gratuitos-madrid/,«Solicitar información para inscribirse» en cada curso de su web.
06-formacion,nueva-juan23-formacion,Centros colaboradores con cursos gratuitos,ficha,Fundación Juan XXIII (Centro de Formación Profesional),fundación,"Certificados de profesionalidad gratuitos para personas con discapacidad intelectual o en vulnerabilidad psicosocial: hostelería, comercio y almacén, administración, jardinería.","Avda. Gran Vía del Este, 1",28032,Madrid,"Cercanías Vicálvaro, a 200 m",914137349,info@fundacionjuan23.org,https://www.fundacionjuanxxiii.org/,https://www.fundacionjuanxxiii.org/formacion,Solicitud de información por formulario en su web o por teléfono.
06-formacion,nueva-gala,Centros colaboradores con cursos gratuitos,ficha,Gala Formación,,"Cursos y certificados de profesionalidad gratuitos, presenciales y online: transporte (CAP, ADR), logística, sociosanitario, limpieza, jardinería, administración, hostelería.","C/ Goya, 108 | Av. de la Reina Sofía, 12 (28919 Leganés) | C/ Salvador Dalí, 4 (28933 Móstoles)",28009,Madrid,"Metro O'Donnell, a 200 m",919267680,info@galaformacion.com,https://galaformacion.com/,https://galaformacion.com/cursos-para-desempleados/,«Solicitar plaza» en cada curso de su web.
06-formacion,nueva-hazerta,Centros colaboradores con cursos gratuitos,ficha,Hazerta,,"Cursos gratuitos para desempleados y trabajadores de Madrid, presenciales y en teleformación: intervención social, salud, nutrición, informática y programación, transporte y logística.","C/ Dr. Gómez Ulla, 24 | C/ Albasanz, 75, 3º C1 (28037 Madrid)",28028,Madrid,"Metro Ventas, a 300 m",918388528;621141249,inscripcion@hazerta.es,https://cursoshazerta.es/,https://cursoshazerta.es/cursos-desempleados-madrid/,«Inscripción y detalles» en cada curso de su web; también por correo o teléfono.
06-formacion,nueva-impulso06,Centros colaboradores con cursos gratuitos,ficha,Impulso06,,"Cursos gratuitos para trabajadores y desempleados de la Comunidad de Madrid, presenciales y en aula virtual: administración, informática, marketing, construcción, salud, idiomas.","Avda. Pablo Iglesias, 15",28003,Madrid,"Metro Guzmán el Bueno, a 350 m",919059206;919059306,info@impulso06.com,https://impulso06.com/,https://impulso06.com/encuentra-tu-curso/,«Continuar con la preinscripción» en la ficha de cada curso de su web.
06-formacion,nueva-lider-system,Centros colaboradores con cursos gratuitos,ficha,Líder System,,"Cursos gratuitos y certificados de profesionalidad, presenciales en Getafe y Alcorcón y online: administración, comercio, electricidad, hostelería, idiomas, informática, sanidad.","C/ Oriente, 13",28901,Getafe,"Metro Alonso de Mendoza, a 550 m",917655081,formacion@lidersystem.com,https://lidersystem.com/,https://lidersystem.com/cursos-gratuitos/,«Solicitar información» en cada curso de su web o por teléfono.
06-formacion,nueva-masercisa,Centros colaboradores con cursos gratuitos,ficha,Masercisa (escuela de formación de UGT Madrid),,"Cursos gratuitos en aula virtual y en sus centros para trabajadores, autónomos y desempleados de Madrid, financiados por la Comunidad de Madrid y el SEPE.","C/ García Luna, 3",28002,Madrid,"Metro Cruz del Rayo, a 250 m",917454530,masercisa@masercisa.es,https://masercisa.es/,https://masercisa.es/cursos-gratuitos-septiembre/,Buscador de cursos en su web; información por teléfono o correo.
06-formacion,nueva-mercamadrid-formacion,Centros colaboradores con cursos gratuitos,ficha,Mercamadrid Formación,,"Cursos gratuitos para desempleados, trabajadores y autónomos de la Comunidad de Madrid en comercio de alimentos frescos (pescadería, carnicería, frutería), almacén, logística y ofimática.","Calle 40, 4B (Mercamadrid)",28053,Madrid,,917850000,formacion@mercamadrid.es,https://www.mercamadrid.es/mercamadridformacion/,https://www.mercamadrid.es/mercamadridformacion/formacion-empleo/,Formulario de contacto en su web o teléfono (extensión 253).
06-formacion,nueva-nascor,Centros colaboradores con cursos gratuitos,ficha,Nascor Formación,,"Cursos gratuitos para desempleados y trabajadores, muchos con certificado de profesionalidad, en aula virtual, teleformación y presencial en sus centros de Madrid, Pozuelo y Tres Cantos.","C/ José Picón, 5 | C/ Torrelaguna, 123 (28043 Madrid) | C/ Conde de Serrallo, 6 (28029 Madrid)",28028,Madrid,"Metro Diego de León, a 250 m",900907079;662200677,cursos@nascorformacion.com,https://cursosnascor.com/,https://cursosnascor.com/listado-cursos?situacion=Desempleado,Solicitud desde la ficha de cada curso en su web («Ver curso») o por teléfono gratuito.
06-formacion,nueva-virensis,Centros colaboradores con cursos gratuitos,ficha,Virensis,,"Cursos gratuitos presenciales en Madrid y online para desempleados y trabajadores: administración y gestión, comercio y marketing, idiomas, informática y sanitaria.","C/ General Ramírez de Madrid, 8",28020,Madrid,"Metro Estrecho, a 450 m",913834555;644135621,info@formacion-virensis.com,https://cursosvirensis.es/,https://formacion-virensis.com/?active_tab=2#para-desempleados,Buscador de cursos en su web; información por teléfono o correo.
06-formacion,nueva-buscador-cursos-cm,Buscadores de cursos gratuitos,renglon,Buscador de cursos de la Comunidad de Madrid,,"Toda la oferta gratuita de formación para el empleo de la Comunidad de Madrid, por familia profesional, municipio o certificado profesional.",,,,,,,https://vialaboris.comunidad.madrid/Formacion/,,
06-formacion,nueva-buscador-cursos-sepe,Buscadores de cursos gratuitos,renglon,Buscador de cursos del SEPE,,Buscador de cursos de formación de la sede electrónica del Servicio Público de Empleo Estatal.,,,,,,,https://sede.sepe.gob.es/buscadorcursos/RXBusqInsCursosWebRED/busquedaFormacionAvanzada.do,,
06-formacion,nueva-fundae-habilitantes,Buscadores de cursos gratuitos,renglon,Buscador de formaciones habilitantes (Fundae),,"Catálogo de cursos que acaban en un certificado, carné o tarjeta exigido por norma para ejercer una profesión.",,,,,,,https://www.fundae.es/trabajadores/home/acciones-formativas-habilitantes,,
06-formacion,nueva-salta-empleo-cursos,Buscadores de cursos gratuitos,renglon,Cursos de la Agencia para el Empleo (Salta Empleo),,"Cursos gratuitos del Ayuntamiento de Madrid en sus escuelas municipales de formación, presenciales y en línea.",,,,,,,https://saltaempleo.madrid.es/empleo-formacion/programas-formacion/,,
06-formacion,nueva-cursos-construccion,Buscadores de cursos gratuitos,renglon,Cursos en Construcción (Fundación Laboral de la Construcción),,"Buscador de cursos 100 % subvencionados de la Fundación Laboral de la Construcción: oficios, maquinaria, BIM, seguridad y salud, en sus centros de Vicálvaro, Magnolias y Móstoles.",,,,,900813355,,https://www.cursosenconstruccion.com/cursos-subvencionados/madrid,,
06-formacion,nueva-fundae-digitalizate,Buscadores de cursos gratuitos,renglon,Digitalízate (Fundae),,Recursos formativos gratuitos cedidos por empresas mediante convenios con Fundae y la colaboración del SEPE.,,,,,,,https://experienciafundae.es/digitalizate/1,,
06-formacion,nueva-efundae,Buscadores de cursos gratuitos,renglon,eFundae,,"Plataforma de formación en línea de Fundae, sin coste: tecnología, datos, comercio electrónico, sostenibilidad y emprendimiento.",,,,,,,https://www.efundae.es,,
06-formacion,nueva-fundae,Buscadores de cursos gratuitos,ficha,Fundae: buscador de cursos,fundación estatal,"Cursos gratuitos para personas trabajadoras, con oferta por sectores y transversal; también formación subvencionada por el SEPE.","C/ Torrelaguna, 56",28027,Madrid,"Metro Barrio de la Concepción, a 700 m",911195430,,https://www.fundae.es/trabajadores,https://experienciafundae.es/buscador,"En el buscador de Experiencia Fundae. Si estás en desempleo y entras en un curso de las convocatorias de subvenciones, puedes pedir beca o ayuda."
06-formacion,nueva-generacion-d,Buscadores de cursos gratuitos,renglon,Generación D,,"Buscador estatal de actividades formativas en competencias digitales, en línea y presenciales.",,,,,,,https://generaciond.gob.es/,,
06-formacion,nueva-madrid-aula-digital,Buscadores de cursos gratuitos,ficha,Madrid Aula Digital,,"Más de 150 cursos gratuitos de habilidades digitales de la Comunidad de Madrid, de nivel básico a avanzado, presenciales, en línea o mixtos.",,,,,900423270,soporte@madridauladigital.org,https://auladigital.comunidad.madrid,,Registro en la plataforma para acceder al catálogo de cursos.
06-formacion,nueva-todofp-acreditacion,Acreditación de la experiencia,renglon,Acreditación de competencias en TodoFP,,Portal del Ministerio de Educación y Formación Profesional sobre el reconocimiento oficial de la experiencia laboral.,,,,,,,https://www.todofp.es/acreditacion-de-competencias.html,,
06-formacion,nueva-incual-acreditacion,Acreditación de la experiencia,renglon,Acreditación de competencias: información estatal (INCUAL),,"Explica el procedimiento, los requisitos y la norma que lo regula en toda España. El instituto no acredita: lo hacen las comunidades autónomas.",,,,,,,https://incual.educacion.gob.es/acreditacion,,
06-formacion,nueva-pac-comunidad-madrid,Acreditación de la experiencia,ficha,Procedimiento de acreditación de competencias profesionales (Comunidad de Madrid),,Reconoce de forma oficial lo que sabes hacer por experiencia o formación no formal; sirve para completar un certificado profesional o un título de FP.,,,,,,,https://www.comunidad.madrid/empleo/acreditacion-experiencia-laboral,,"Hoy no se admiten solicitudes nuevas: la Comunidad está actualizando el procedimiento. Informan en las oficinas de empleo, en sus centros de formación y en el 012."
06-formacion,nueva-expedicion-certificado-profesional,Acreditación de la experiencia,ficha,Solicitud del certificado profesional (Comunidad de Madrid),,Para pedir el certificado profesional o la acreditación parcial cuando ya tienes los módulos superados o las competencias acreditadas. Sin tasas.,,,,,,,https://www.comunidad.madrid/empleo/certificados-profesionales,https://sede.comunidad.madrid/autorizaciones-licencias-permisos-carnes/certificados-profesionales-grados,"En línea con firma electrónica, o rellenando el formulario y presentándolo en una oficina de registro. La recogida es con cita previa."
06-formacion,nueva-cap-conductores,Carnés y acreditaciones que abren puertas,ficha,CAP y tarjeta de cualificación del conductor,,Necesarios para conducir profesionalmente con permisos C o D: autobús y camión.,,,,,,,https://www.comunidad.madrid/transporte/certificado-aptitud-profesional-tarjeta-cualificacion-conductores,https://www.comunidad.madrid/transporte/pruebas-aptitud-profesional-conductores,Curso de cualificación inicial en un centro CAP autorizado y examen de la Comunidad de Madrid. La tarjeta dura cinco años y se renueva con un curso de 35 horas.
06-formacion,nueva-cert-delitos-sexuales,Carnés y acreditaciones que abren puertas,ficha,Certificado de delitos de naturaleza sexual,,"Obligatorio para cualquier trabajo o voluntariado con contacto habitual con menores: comedores, extraescolares, campamentos, escuelas infantiles.",,,,,,,https://www.mjusticia.gob.es/es/ciudadania/tramites/certificado-delitos,https://sede.mjusticia.gob.es/tramites/certificado-registro-central,"Por internet en la sede del Ministerio de Justicia, con Cl@ve, certificado digital o DNI electrónico. Por norma general se emite en el momento."
06-formacion,nueva-cp-sociosanitaria,Carnés y acreditaciones que abren puertas,ficha,Certificados profesionales de atención sociosanitaria,,"Son dos: en el domicilio (auxiliar de ayuda a domicilio) y en instituciones sociales (gerocultor, cuidador en residencias).",,,,,,,https://www.comunidad.madrid/empleo/certificados-profesionales,https://vialaboris.comunidad.madrid/Formacion/,Con un curso gratuito de certificado profesional (buscador de la Comunidad de Madrid o de la Agencia para el Empleo) o acreditando la experiencia.
06-formacion,nueva-monitor-tiempo-libre,Carnés y acreditaciones que abren puertas,ficha,Diploma de monitor o monitora de tiempo libre,,Para trabajar con infancia y juventud en actividades de tiempo libre. Curso de 150 horas teóricas y 160 de prácticas.,,,,,,,https://www.comunidad.madrid/juventud/escuelas-tiempo-libre-reconocidas,,En una escuela de tiempo libre reconocida por la Comunidad de Madrid: solo ellas dan el diploma oficial. Hay que tener 17 años y la ESO o equivalente.
06-formacion,p44-04,Carnés y acreditaciones que abren puertas,ficha,Escuela Rastros,escuela de tiempo libre,Escuela de formación de monitores y coordinadores de ocio y tiempo libre; sus cursos incluyen la inscripción en una bolsa de trabajo.,"C/ Tenerife, 44",28039,Madrid,"Metro Alvarado, a 300 m",635505134,info@escuelarastros.com,https://escuelarastros.com/,,La bolsa de trabajo es para quien hace sus cursos; información por correo o teléfono.
06-formacion,nueva-carretillero,Carnés y acreditaciones que abren puertas,ficha,Formación de carretillero,,"La piden almacenes, logística, industria y obra. No hay carné oficial ni obligatorio: se exige formación específica y autorización de la empresa.",,,,,,,https://www.insst.es/materias/equipos/equipos-de-trabajo/faq,,En centros de formación o servicios de prevención; busca cursos gratuitos en los buscadores de este capítulo. La empresa decide si tu formación basta.
06-formacion,nueva-manipulador-alimentos,Carnés y acreditaciones que abren puertas,ficha,Formación de manipulador de alimentos,,"La piden hostelería, comedores, supermercados y cocinas. El carné ya no existe, pero la formación en higiene alimentaria sigue siendo obligatoria.",,,,,,,https://www.comunidad.madrid/salud/manipuladores-alimentos,,"No hay entidad oficial única: la da la propia empresa, una asociación del sector o un centro de formación. La empresa decide si la que aportas es suficiente."
06-formacion,nueva-permiso-d,Carnés y acreditaciones que abren puertas,ficha,Permiso de conducir D (autobuses),,Permiso para conducir autobuses. Para la conducción profesional hace falta además el CAP.,,,,,,,https://www.dgt.es/nuestros-servicios/permisos-de-conducir/clases-de-permisos-de-conducir/,https://www.dgt.es/nuestros-servicios/permisos-de-conducir/obtener-un-nuevo-permiso-de-conducir/requisitos-preparacion-y-presentacion-a-examen/,"Requisitos, preparación y examen, en la página de la DGT. Se renueva cada cinco años hasta los 65."
06-formacion,nueva-tpc,Carnés y acreditaciones que abren puertas,ficha,Tarjeta Profesional de la Construcción (TPC),fundación paritaria,"Acredita la formación en prevención de riesgos, la categoría y la experiencia en construcción. La expide la Fundación Laboral de la Construcción.","C/ Rivas, 25 | C/ Magnolias, 35, 28029 Madrid",28052,Madrid,,913233459;910501766,,https://www.trabajoenconstruccion.com/,https://www.trabajoenconstruccion.com/solicita1.aspx,"Solicitud en línea o en un punto de tramitación, donde se entrega la documentación. Puedes pedirla en paro con 30 días de alta en el sector en los últimos 60 meses."
06-formacion,nueva-tpm,Carnés y acreditaciones que abren puertas,ficha,Tarjeta Profesional del Metal (TPM),,Para quien trabaja en el sector del metal fuera de obras de construcción: acredita la formación en prevención de riesgos y la categoría profesional.,,,,,,,https://www.fmfce.com/,https://www.fmfce.com/puntos.php,En los puntos de tramitación de la Fundación del Metal para la Formación; el listado está en su web.
06-formacion,nueva-tip-vigilante,Carnés y acreditaciones que abren puertas,ficha,TIP de vigilante de seguridad,,"Tarjeta de identidad profesional que habilita para ejercer de vigilante de seguridad, vigilante de explosivos o escolta privado.",,,,,913227600;913227612,procesos.dfp@policia.es,https://www.policia.es/portalaspirantes/es/web/seguridad-privada,,Curso en un centro de formación de seguridad privada y pruebas que convoca la Policía Nacional; la solicitud se presenta en su Portal del Aspirante.
33-colectivos,nueva-fravm-45,Si tienes más de 45 años,ficha,FRAVM: Servicio de Empleo e Impulso +45,agencia de colocación,"Servicio de empleo vecinal: orientación, formación e intermediación; Impulso +45 atiende a mayores de 45 años en asociaciones de vecinos.","C/ San Cosme y San Damián, 24, 1-1, 28012 Madrid",28012,Madrid,"Metro Lavapiés, a 200 m",917252909,empleo@fravm.org,https://fravm.org/,https://fravm.org/proyectos-fram/empleo-impulso-45/,Escribe o llama al servicio de empleo; la atención es en asociaciones vecinales (mapa de ubicaciones en la página del proyecto). Para personas empadronadas en Madrid con permiso de trabajo.
33-colectivos,nueva-hada,Si tienes más de 45 años,ficha,Fundación Grupo Hada,agencia de colocación,"Itinerarios de inserción para desempleados de larga duración y en riesgo de exclusión (U-Integrales +45), jóvenes y personas con discapacidad.","C/ Arboleda, 14, planta 1, despacho 121 D-5, 28031 Madrid",28031,Madrid,,910558654;695212558,empleo@grupohada.org,https://grupohada.org/,https://grupohada.portalemp.com/,"Registro en su portal de empleo o en la oficina, de lunes a viernes de 8 a 15 h."
33-colectivos,nueva-generacion-savia,Si tienes más de 45 años,ficha,Generación Savia,proyecto de la Fundación Endesa,"Plataforma para profesionales sénior, de más de 50 años: buscador de empleo, intermediación laboral y formaciones.","Calle Ribera del Loira, 60",28042,Madrid,"Metro Feria de Madrid, a 450 m",,info@generacionsavia.org,https://www.generacionsavia.org/,https://www.generacionsavia.org/buscador/empleo/intermediacion,Registro en su plataforma con el perfil «Soy senior».
33-colectivos,nueva-fadecco-ofertas-45,Si tienes más de 45 años,renglon,Ofertas para mayores de 45 años de la Fundación Adecco,,Apartado del portal de empleo de la Fundación Adecco con ofertas para mayores de 45 años desempleados de larga duración.,,,,,,,https://empleo.fundacionadecco.org/,https://empleo.fundacionadecco.org/ofertas-empleo-personas-vulnerables/mayores-45-parados-larga-duracion,Inscripción en cada oferta desde su portal de empleo.
33-colectivos,nueva-cm-plan-empleo-senior,Si tienes más de 45 años,renglon,Plan de Empleo Sénior de la Comunidad de Madrid,,"Medidas para personas desempleadas mayores de 45 años: orientación profesional especializada, tutores laborales y formación.",,,,,,,https://www.comunidad.madrid/empleo/plan-empleo-senior,,La página enlaza con el buscador de oficinas de empleo y con la oficina virtual de empleo.
33-colectivos,nueva-sepe-subsidio-52,Si tienes más de 45 años,ficha,Subsidio para mayores de 52 años (SEPE),,"Página oficial del subsidio por desempleo para quien tiene 52 años o más: requisitos, duración, documentación y cómo tramitarlo.",,,,,,,https://www.sepe.es/HomeSepe/prestaciones-desempleo/subsidio-desempleo/tengo-mas-de-52.html,https://sede.sepe.gob.es/portalSede/procedimientos-y-servicios/personas/proteccion-por-desempleo/solicitud-de-prestaciones.html,"Solicitud en la sede electrónica del SEPE o en la oficina de prestaciones, con cita previa."
33-colectivos,nueva-abierto-amanecer,Si eres mujer,ficha,Abierto Hasta el Amanecer,cooperativa de iniciativa social,"Proyectos de empleo y mujer en Vallecas: orientación y formación para el empleo, emprendimiento cooperativo e itinerarios para mayores de 40 años.","C/ Puerto de Viñamala, 15, 28018 Madrid",28018,Madrid,"Metro Buenos Aires, a 800 m",917786017,abierto@abiertomadrid.coop,https://abiertomadrid.coop/,https://abiertomadrid.coop/que-hacemos/empleo-y-mujer/,"Contacto por teléfono, correo o el formulario de su web."
33-colectivos,nueva-alternativa-marcha,Si eres mujer,ficha,Alternativa en Marcha,asociación,"Apoyo a madres en riesgo de exclusión, mujeres refugiadas y familias sin recursos: itinerario de inserción con orientación sociolaboral.","C/ Poeta Blas de Otero, 66, bajo local, 28017 Madrid",28017,Madrid,"Metro La Elipa, a 350 m",914049118,aem@alternativaenmarcha.com,https://alternativaenmarcha.org/,https://alternativaenmarcha.org/empleo/,"Para participantes de sus proyectos; contacto por teléfono, correo o formulario."
33-colectivos,nueva-opanel,Si eres mujer,ficha,Asociación Mujeres Opañel,asociación,Autonomía económica de mujeres con pocos recursos: itinerarios integrados de inserción sociolaboral y proyectos de igualdad en Carabanchel.,"Plaza de Cantoria, 2, bajo, 28019 Madrid",28019,Madrid,"Metro Urgel, a 50 m",914729540;914728378,amo@amo.org.es,https://xn--mujeresopael-jhb.org/,https://xn--mujeresopael-jhb.org/itinerarios-insercion-sociolaboral-2023/,Contacto por teléfono o en su sede.
33-colectivos,nueva-mujeres-progresistas,Si eres mujer,ficha,Federación de Mujeres Progresistas,federación,"Capacitación para el empleo de mujeres: itinerarios de inserción sociolaboral, búsqueda de empleo, asesoramiento jurídico laboral y emprendimiento.","C/ Ribera de Curtidores, 3, 28005 Madrid",28005,Madrid,"Metro La Latina, a 200 m",915390238,,https://fmujeresprogresistas.org/,https://fmujeresprogresistas.org/hacemos/empleo/,Contacto por teléfono o el formulario de su web.
33-colectivos,nueva-ana-bella,Si eres mujer,ficha,Fundación Ana Bella,fundación,"Formación, acompañamiento e inserción laboral para mujeres supervivientes de violencia de género en desempleo.",,,,,,,https://www.fundacionanabella.org/,https://www.fundacionanabella.org/que-hacemos/escuela/,"Formulario de contacto de su web, con la opción «Ayuda para encontrar trabajo»."
33-colectivos,nueva-santa-maria-real,Si eres mujer,ficha,Fundación Santa María la Real: Área de Empleo e Inclusión Social,fundación,"Lanzaderas de empleo y programas de empleo para mujeres en desempleo (Regresa, Entrena Empleo), además de empleo joven y empleo verde.","C/ San Marcos, 39-41, bajo, 28004 Madrid",28004,Madrid,"Metro Chueca, a 200 m",915211330,areaempleo@santamarialareal.org,https://santamarialareal.org/,https://areaempleofsmlr.es/,Inscripción en cada programa desde la web del Área de Empleo.
33-colectivos,nueva-mzc,Si eres mujer,ficha,Mujeres en Zona de Conflicto (MZC),ONG,Acción social con mujeres: inserción sociolaboral de mujeres víctimas de trata o de explotación sexual y en situación de prostitución (Plan Camino).,"C/ Estrecho de Gibraltar, 18, 28017 Madrid",28017,Madrid,"Metro Pueblo Nuevo, a 200 m",918316419,madrid@mzc.es,https://mzc.es/,https://mzc.es/proyectos/plan-camino-plan-de-insercion-sociolaboral-para-mujeres-y-ninas-victimas-de-trata-de-explotacion-sexual-y-para-mujeres-en-situacion-de-prostitucion-ano-ii/,Cita previa desde su web o en la delegación de Madrid.
33-colectivos,nueva-emprendedoras-camaras,Si eres mujer,ficha,Programa Emprendedoras (Cámara de Comercio de España),,"Para mujeres con una idea de negocio: diagnóstico de viabilidad, tutorías, formación y apoyo con el plan de empresa.","C/ Ribera de Loira, 12",28042,Madrid,"Metro Feria de Madrid, a 800 m",915906900,info@camara.es,https://www.camara.es/creacion-de-empresas/emprendedoras,,A través de la Cámara de Comercio más cercana.
33-colectivos,nueva-cm-programa-mujer,Si eres mujer,ficha,Programa Mujer de la Comunidad de Madrid,centro público,"Orientación laboral para mujeres en desempleo, con itinerario personalizado, sesiones de orientación y formación; también atención jurídica y psicológica.","C/ Infanta Mercedes, 59",28020,Madrid,"Metro Tetuán, a 150 m",911976454,programamujer@madrid.org,https://www.comunidad.madrid/asuntos-sociales/programa-mujer,,"Por teléfono o por correo electrónico, o en el centro."
33-colectivos,nueva-inmujeres-informacion,Si eres mujer,ficha,Servicio de información del Instituto de las Mujeres,organismo público,"Información y asesoramiento gratuitos sobre derechos de las mujeres en el empleo y la Seguridad Social, y sobre recursos de igualdad.",,,,,900191010,inmujer@inmujeres.es,https://www.inmujeres.gob.es/servRecursos/servInformacion/home.htm,,"Consulta por formulario en internet o por teléfono gratuito, de lunes a viernes de 9 a 20 h. Es información general: no resuelve casos particulares."
33-colectivos,nueva-treball,Si eres mujer,ficha,Treball Solidari: programa Confía,ONG,"Programa Confía: apoyo al autoempleo de mujeres en exclusión financiera con grupos solidarios, formación, acompañamiento y microcréditos sin aval.","C/ Maestro Arbós, 9, planta 1, despacho 106, 28045 Madrid",28045,Madrid,"Metro Legazpi, a 200 m",654931837,madrid.treballsolidari@gmail.com,https://treballsolidari.org/,https://treballsolidari.org/programa-confia/presentacion/,Contacto con la sede de Madrid por teléfono o correo; se trabaja en grupos con reuniones quincenales.
33-colectivos,nueva-aesco,Si vienes de otro país,ficha,AESCO,ONG,Acogida y asesoría jurídica a personas migrantes; formación gratuita y acceso a los portales de empleo de empresas y ETT colaboradoras.,"C/ Fornillos, 4, local, 28026 Madrid",28026,Madrid,"Metro Plaza Elíptica, a 350 m",914775831,gestion@ong-aesco.org,https://ong-aesco.com/,https://ong-aesco.com/empleo-2/,"Contacto por teléfono; las ofertas, en los portales de las empresas que enlaza su página de empleo."
33-colectivos,nueva-guarani,Si vienes de otro país,ficha,Asociación Guaraní,asociación,"Inclusión de personas migrantes: asesoramiento jurídico, orientación laboral, cursos para mejorar la empleabilidad, español y examen de nacionalidad.","C/ Gutierre de Cetina, 41, 28017 Madrid",28017,Madrid,"Metro Ascao, a 300 m",914567345,guarani@guarani.org.es,https://www.asociacionguarani.com/,https://www.asociacionguarani.com/ProyectosNacionales.html,"En su sede, de lunes a viernes de 10 a 14 y de 15 a 17 h."
33-colectivos,nueva-puente-esperanza,Si vienes de otro país,ficha,Asociación Puente de Esperanza,asociación,"Acogida, orientación laboral y cursos para personas migrantes: geriatría, cocina, camareros, limpieza, informática, español y herramientas de empleo.","C/ Villaamil, 48, 28039 Madrid",28039,Madrid,"Metro Francos Rodríguez, a 550 m",913118153,asociacion@puentedeesperanza.es,https://www.puentedeesperanza.es/,https://www.puentedeesperanza.es/taller-de-herramientas-para-el-empleo,No publica vía de empleo: contacto por teléfono o correo.
33-colectivos,nueva-ruminahui,Si vienes de otro país,ficha,Asociación Rumiñahui,asociación,"Información y asesoramiento jurídico a personas migrantes, sobre todo en extranjería, e itinerarios personalizados de inserción laboral.","Calle Carolina Coronado, 28, 28017 Madrid | Calle Inspector Juan Antonio Bueno, 13, 28924 Alcorcón",28017,Madrid,"Metro Ascao, a 250 m",915301535,ruminahui@ruminahui.org,https://www.ruminahui.org/,https://www.ruminahui.org/empleo/,"Atención general de lunes a viernes, de 10 a 15 h y de 16 a 18.30 h, o por el formulario de contacto."
33-colectivos,nueva-cm-cepi,Si vienes de otro país,ficha,Centros de Participación e Integración (CEPI),red de la Comunidad de Madrid,"Asesoría jurídica, orientación laboral, cursos de formación para el empleo, de idiomas e informática y clases de español. Gratuitos.","Ronda de Segovia, 34, 28005 Madrid | Calle Canillas, 11, 28002 Madrid | C/ Nuestra Señora del Carmen, 17, 28039 Madrid",28005,Madrid,"Metro Puerta de Toledo, a 350 m",913656702,,https://www.comunidad.madrid/asuntos-sociales/centros-participacion-e-integracion,,"Presencial en cualquier CEPI. La página tiene el directorio con teléfonos y horarios; hay más centros en Alcalá, Alcobendas, Collado Villalba y Leganés."
33-colectivos,nueva-extranjeria-cita,Si vienes de otro país,ficha,Cita previa de extranjería,página oficial,Cita previa para presentar solicitudes en las oficinas de extranjería y para trámites ante la Policía Nacional.,,,,,,,https://sede.administracionespublicas.gob.es/pagina/index/directorio/icpplus,,"La cita se pide por internet, en la sede electrónica. Cada trámite tiene su propia cita."
33-colectivos,nueva-diaconia,Si vienes de otro país,ficha,Diaconía España,plataforma de acción social,"Inclusión sociolaboral de personas migrantes: Camino hacia el Empleo, orientación sociolaboral para migrantes de fuera de la UE con papeles en regla.","C/ Julián Camarillo, 38, 2.ª planta, 28037 Madrid | C/ Antonio Prieto, 99, 28026 Madrid (Usera)",28037,Madrid,"Metro Suanzes, a 600 m",917643269;911264945,,https://diaconia.es/,https://diaconia.es/migraciones/,Contacto por teléfono o el formulario de su web.
33-colectivos,nueva-acobe,Si vienes de otro país,ficha,Fundación ACOBE,fundación,"Inserción sociolaboral de personas migrantes: talleres prelaborales, formación, orientación e intermediación laboral, orientación jurídica.","C/ Virgen del Sagrario, 25, local, 28027 Madrid | C/ Amparo Usera, 9, local, 28026 Madrid",28027,Madrid,"Metro Barrio de la Concepción, a 100 m",914049502;913757862,info@acobe.org,https://acobe.org/,https://acobe.org/index.php/2024/06/13/insercion-socio-laboral/,Cita previa por teléfono con fotocopia del NIE o DNI y de la demanda de empleo del SEPE.
33-colectivos,nueva-san-ezequiel,Si vienes de otro país,ficha,Fundación San Ezequiel Moreno,agencia de colocación,"Agencia de colocación con delegación en Vallecas: orientación, formación y prospección de empleo para personas migrantes y vulnerables.","C/ Melquiades Biencinto, 7, despacho 3.3, 28053 Madrid",28053,Madrid,"Metro Puente de Vallecas, a 100 m",622903969,infomadrid@fundacionsanezequiel.org,https://fundacionsanezequiel.org/,https://fundacionsanezequiel.org/servicios-a-personas/agencia-de-colocacion/,Cita previa por teléfono o correo.
33-colectivos,nueva-homologacion-no-univ,Si vienes de otro país,ficha,Homologación de títulos extranjeros no universitarios,página oficial,"Homologación y convalidación de títulos y estudios extranjeros de ESO, Bachillerato y Formación Profesional (Ministerio de Educación, FP y Deportes).",,,,,,,https://www.educacionfpydeportes.gob.es/mc/convalidacion-homologacion/convalidacion-no-universitaria.html,https://www.educacionfpydeportes.gob.es/mc/convalidacion-homologacion/convalidacion-no-universitaria/solicitud.html,Solicitud en la sede electrónica del ministerio y presentación en una oficina de registro.
33-colectivos,nueva-nexo,Si vienes de otro país,ficha,Nexo por la Integración,agencia de colocación,"Itinerarios de empleo y formación para personas vulnerables, asesoría jurídica a migrantes y solicitantes de asilo, certificados de profesionalidad.","C/ Bernardino Obregón, 8, 28012 Madrid",28012,Madrid,"Cercanías Embajadores, a 200 m",911684854,oficinatecnica@nexointegracion.org,https://nexointegracion.org/,https://nexointegracion.org/areas-de-intervencion/,Correo o formulario de su web; bolsa de empleo en su portal de transparencia.
33-colectivos,nueva-extranjeria-madrid,Si vienes de otro país,ficha,Oficina de Extranjería en Madrid,oficina pública,"Oficina de la Delegación del Gobierno que tramita las autorizaciones de extranjería en Madrid, con cuatro sedes.","Calle Silva, 19, 28004 Madrid | Calle San Nicasio, 31, 28911 Leganés | Avenida Plaza de Toros, 14, 28025 Madrid",28004,Madrid,"Metro Santo Domingo, a 150 m",912729500,,https://mptmd.gob.es/portal/delegaciones_gobierno/delegaciones/madrid/servicios/extranjeria.html,https://sede.administracionespublicas.gob.es/pagina/index/directorio/icpplus,"Con cita previa para presentar solicitudes. Horario general: de lunes a viernes, de 9 a 14 h."
33-colectivos,nueva-oficina-municipal-inmigracion,Si vienes de otro país,ficha,Oficinas municipales de información y orientación para la población inmigrante,servicio municipal,"Información sobre trámites y consultas de extranjería, orientación laboral, clases de español e interpretación telefónica.","Calle Juan Pantoja, 2, 28039 Madrid | Calle Vía Carpetana, 99, 28047 Madrid",28039,Madrid,"Metro Alvarado, a 50 m",917581437;914625480,oficinainmigracion@oficinainmigracion.info,https://oficinamunicipalinmigracion.es/,,"Con cita previa. De lunes a viernes, de 9 a 15 h y de 16 a 18 h (horario publicado para la oficina norte)."
33-colectivos,nueva-rescate,Si vienes de otro país,ficha,ONG Rescate Internacional,ONG,"Acogida e inclusión de personas refugiadas y migrantes: alojamiento temporal, orientación legal, atención psicológica y formación para el empleo.","Avda. de Córdoba, 15, 3.º A, 28026 Madrid",28026,Madrid,"Metro Almendrales, a 100 m",914472872,rescate@ongrescate.org,https://ongrescate.org/,https://ongrescate.org/espana/,No publica vía de empleo: contacto por teléfono o correo.
33-colectivos,nueva-inclusion-migraciones,Si vienes de otro país,ficha,Portal de inmigración: hojas informativas,página oficial,"Hojas informativas oficiales de cada autorización de extranjería: requisitos, trámites, documentación, plazos, lugares de presentación y tasas.",,,,,,,https://www.inclusion.gob.es/web/migraciones/,https://www.inclusion.gob.es/web/migraciones/hojas-informativas,Consulta libre: se busca la hoja por la situación en que estás o por el tipo de autorización.
33-colectivos,nueva-pueblos-unidos,Si vienes de otro país,ficha,Pueblos Unidos,fundación,"Formación y empleo para personas migrantes: formación básica y en oficios, orientación, acompañamiento individual e intermediación laboral.","C/ Mártires de la Ventilla, 103, 28029 Madrid",28029,Madrid,"Metro Ventilla, a 300 m",917320691,info@pueblosunidos.org,https://pueblosunidos.org/,https://pueblosunidos.org/formacion-y-empleo/,"Contacto por teléfono, correo o el formulario de su web."
33-colectivos,nueva-reconocimiento-ue,Si vienes de otro país,renglon,Reconocimiento de títulos de la Unión Europea para profesiones reguladas,,"Para titulados de la Unión Europea, el Espacio Económico Europeo y Suiza. Cada profesión se reconoce en el ministerio que le corresponde.",,,,,,,https://www.ciencia.gob.es/Universidades/validate/reconocimiento_ue.html,,"La página dice qué profesiones reconoce el Ministerio de Ciencia, Innovación y Universidades y adónde acudir para las demás."
33-colectivos,nueva-red-inmigracion,Si vienes de otro país,ficha,Red Madrileña de Inmigración y Ayuda al Refugiado,asociación,"Orientación laboral, talleres de búsqueda de empleo e intermediación con empresas para personas migrantes, refugiadas y solicitantes de asilo.",,,,,,info@migraciones.madrid,https://migraciones.madrid/,https://migraciones.madrid/empleo/,Formulario de su web o correo.
33-colectivos,nueva-extranjeria-sede,Si vienes de otro país,ficha,Trámites de extranjería en la sede electrónica,página oficial,"Estado de tramitación de tu expediente, pago de tasas, consultas a las oficinas y presentación de solicitudes por internet (Mercurio).",,,,,,,https://sede.administracionespublicas.gob.es/procedimientos/index/categoria/34,,Por internet; cada procedimiento indica cómo identificarse.
33-colectivos,nueva-homologacion-univ,Si vienes de otro país,ficha,Valida-TE: títulos universitarios extranjeros,página oficial,"Portal del Ministerio de Ciencia, Innovación y Universidades para la homologación y la declaración de equivalencia de títulos universitarios.",,,,,,,https://www.ciencia.gob.es/Universidades/validate/como_reconocer.html,https://www.ciencia.gob.es/Universidades/validate/homologacion.html,Solicitud por la sede electrónica de Universidades.
33-colectivos,p15-01-situacion,Si tienes discapacidad,ficha,COCEMFE,agencia de colocación,Servicio de empleo para personas con discapacidad física y orgánica.,"C/ Luis Cabrera, 63",28002,Madrid,"Metro Prosperidad, a 200 m",917443600,cocemfe@cocemfe.es,https://www.cocemfe.es/,https://www.cocemfe.es/busqueda-empleo/,"Formulario «¿Buscas empleo?» de su web, con el currículum adjunto."
33-colectivos,nueva-a-la-par-situacion,Si tienes discapacidad,ficha,Fundación A la Par,centro especial de empleo,"Bolsa de empleo FundaJobs, orientación y empleo con apoyo para personas con discapacidad intelectual o TEA.","C/ Monasterio de las Huelgas, 15",28049,Madrid,"Metro Paco de Lucía, a 300 m",917355790,informacion@alapar.ong,https://alapar.ong/,https://alapar.ong/fundajobs/,Formulario de FundaJobs. Piden el certificado de discapacidad en vigor.
33-colectivos,p19-04-situacion,Si tienes discapacidad,ficha,Fundación Adecco,agencia de colocación,Programas de empleo y ofertas para personas con discapacidad y otras con dificultades de acceso al empleo.,"C/ Príncipe de Vergara, 110, 6º",28002,Madrid,"Metro Avenida de América, a 250 m",917004920,,https://fundacionadecco.org/,https://empleo.fundacionadecco.org/,Currículum en su portal de empleo.
33-colectivos,nueva-fundacion-randstad-situacion,Si tienes discapacidad,ficha,Fundación Randstad,,"Itinerarios personalizados de formación y búsqueda de empleo, y ofertas, para personas con discapacidad.","Vía de los Poblados, 9, edificio B, 5.ª planta",28033,Madrid,"Metro San Lorenzo, a 700 m",,fundacion.randstad@fundacionrandstad.es,https://www.randstad.es/fundacion-randstad/,https://www.randstad.es/fundacion-randstad/empleo-discapacidad/,
33-colectivos,p15-07-situacion,Si tienes discapacidad,ficha,Inserta Empleo (Fundación ONCE),agencia de colocación,"Orientación, formación e intermediación laboral para personas con discapacidad reconocida del 33 % o más.","C/ Fray Luis de León, 11",28012,Madrid,"Metro Palos de la Frontera, a 350 m",914688500,,https://www.insertaempleo.es/,,Registro en el portal Por Talento.
33-colectivos,nueva-dual,Si tienes un problema de salud mental,ficha,Asociación Dual,asociación,"Atención a personas con patología dual. Programa de inserción sociolaboral para personas vulnerables, sobre todo mujeres y personas inmigrantes.","C/ Albendiego, 7, 28029 Madrid",28029,Madrid,"Metro Ventilla, a 200 m",913231555,asociacion.dual@patologiadual.com,https://patologiadual.com/,https://patologiadual.com/formacion-y-empleo,"Contacto por teléfono o correo; el programa de empleo hace un itinerario individualizado con orientación, talleres e intermediación."
33-colectivos,nueva-red-crl,Si tienes un problema de salud mental,ficha,Centros de Rehabilitación Laboral (CRL) de la Comunidad de Madrid,red pública,Red pública de atención social a personas con enfermedad mental grave: recuperar hábitos y capacidades laborales y apoyar el acceso al empleo.,,,,,,,https://www.comunidad.madrid/asuntos-sociales/red-atencion-social-personas-enfermedad-mental,https://www.comunidad.madrid/centros/buscador-centros-rehabilitacion-laboral-personas-enfermedad-mental,Solo por derivación desde el centro de salud mental que te atiende; no hay solicitud directa. El buscador de centros dice cuál te corresponde.
33-colectivos,nueva-buen-samaritano,Si tienes un problema de salud mental,ficha,Fundación El Buen Samaritano,fundación,"Integración social y laboral de personas con problemas de salud mental: Centros de Rehabilitación Laboral en Arganzuela, Carabanchel y Villaverde.","C/ Arquitectura, 1, 28005 Madrid (CRL Arganzuela) | Camino de los Ingenieros, 13, 28047 Madrid (CRL Carabanchel) | C/ Alcocer, 42, 28041 Madrid (CRL Villaverde)",28005,Madrid,"Metro Acacias, a 500 m",917658206;915252140;917975838,info@fundacionbuensamaritano.es,https://fundacionbuensamaritano.es/,,Por derivación desde el centro de salud mental. Los CRL abren de lunes a jueves de 8 a 18 h.
33-colectivos,nueva-hospitalarias-crl,Si tienes un problema de salud mental,ficha,"Fundación Hospitalarias Comunidad de Madrid: CRL Retiro, San Miguel y Vallecas",centros de rehabilitación laboral,"Centros de rehabilitación laboral de salud mental de las Hermanas Hospitalarias en Retiro, Ciudad Lineal y Villa de Vallecas.","C/ Alcalde Sainz de Baranda, 93, 28007 Madrid (CRL Retiro) | C/ Arturo Soria, 204, 28043 Madrid (CRL San Miguel) | Avda. de la Albufera, 321, 28031 Madrid (CRL Vallecas)",28007,Madrid,"Metro Sainz de Baranda, a 300 m",917370623;914135011;917517579,,https://fundacionhospitalarias.org/es,https://fundacionhospitalarias.org/es/nuestros-centros/madrid,Por derivación desde el centro de salud mental.
33-colectivos,nueva-manantial,Si tienes un problema de salud mental,ficha,Fundación Manantial,fundación,Sus Centros de Rehabilitación Laboral (San Blas y Hortaleza) preparan para el empleo a personas con problemas de salud mental.,"C/ Sofía, 177 J, local D, 28022 Madrid (CRL San Blas) | Avda. Arroyo del Santo, 12, 28042 Madrid (CRL Hortaleza)",28022,Madrid,"Metro Las Rosas, a 200 m",913717212,,https://www.fundacionmanantial.org/,https://www.fundacionmanantial.org/servicios-de-salud-mental/empleo-y-salud-mental/,A los CRL se llega por derivación desde el centro de salud mental. Su página de empleo da un correo para quien busca trabajo.
33-colectivos,nueva-grupo5-crl,Si tienes un problema de salud mental,ficha,Grupo 5: CRL Fuencarral y CRL Pedro Zerolo,centros de rehabilitación laboral,Centros de rehabilitación laboral de la red pública de salud mental: entrenamiento laboral y acompañamiento en la incorporación al puesto de trabajo.,"C/ Alfredo Marquerie, 11, bajo D, 28034 Madrid (CRL Fuencarral) | Plaza de Pedro Zerolo, 7, 28004 Madrid (CRL Pedro Zerolo)",28034,Madrid,"Cercanías Ramón y Cajal, a 300 m",911291601;915226848,,https://www.grupo5.net/,https://www.grupo5.net/centros/centro-de-rehabilitacion-laboral-fuencarral/,Por derivación desde el centro de salud mental.
33-colectivos,nueva-intress-crl,Si tienes un problema de salud mental,ficha,Intress: CRL Tetuán,centro de rehabilitación laboral,"Centro de rehabilitación laboral de la red pública de atención social a personas con enfermedad mental, gestionado por Intress.","C/ Doctor Santero, 22, 28039 Madrid",28039,Madrid,"Metro Cuatro Caminos, a 250 m",919920109,,https://www.intress.org/,https://www.comunidad.madrid/centros/centro-rehabilitacion-laboral-crl-tetuan,Por derivación desde el centro de salud mental.
33-colectivos,nueva-walk,Si tienes un problema de salud mental,ficha,Walk Rehabilitación: CRL Usera,centro de rehabilitación laboral,"CRL Usera, de la red pública de atención a personas con enfermedad mental grave: habilidades y hábitos para incorporarse al mundo laboral.","C/ Beasáin, 25-33, posterior, local 3 (entrada por C/ Ordicia), 28041 Madrid",28041,Madrid,,913418967,informacion@walkredi.org,https://walkredi.org/,https://walkredi.org/rehabilitacion-laboral/,Por derivación desde el centro de salud mental.
33-colectivos,nueva-autonomos-villaverde,Si quieres trabajar por tu cuenta,renglon,Asociación de Autónomos de Villaverde: Feria Emplea Villaverde,asociación,"Feria de empleo anual en Villaverde (octubre): empresas que recogen currículos, mesas de orientación para el empleo y el autoempleo y talleres.","Paseo de Alberto Palacios, 13, 28021 Madrid",28021,Madrid,"Cercanías Villaverde Alto, a 550 m",,vivirvillaverde@gmail.com,https://www.feriaempleavillaverde.es/,https://www.feriaempleavillaverde.es/ofertas-de-trabajo/,"Inscripción a la feria desde su web; la edición de 2026 es el 15 de octubre en La Nave (C/ Cifuentes, 5)."
33-colectivos,nueva-ata,Si quieres trabajar por tu cuenta,ficha,ATA (Federación Nacional de Asociaciones de Autónomos),asociación de autónomos,Asociación de autónomos que asesora gratuitamente por teléfono; tiene guía de alta y de ayudas para autónomos.,,,,,900101816,ata@ata.es,https://ata.es/,https://ata.es/guia-de-alta-de-autonomos/,Por teléfono gratuito.
33-colectivos,nueva-sepe-capitaliza,Si quieres trabajar por tu cuenta,ficha,Capitaliza tu prestación: el pago único (SEPE),página oficial,Cobro anticipado del paro que te queda para hacerte autónomo o entrar como socio en una cooperativa o sociedad laboral.,,,,,,,https://www.sepe.es/HomeSepe/autonomos/capitaliza-tu-prestacion.html,https://sede.sepe.gob.es/portalSede/procedimientos-y-servicios/personas/proteccion-por-desempleo/solicitud-de-prestaciones.html,"Se solicita antes de iniciar la actividad, a la vez que el paro o después."
33-colectivos,nueva-ciec,Si quieres trabajar por tu cuenta,ficha,"CIEC, Centro de Innovación y Economía Circular",centro municipal,"Centro del Ayuntamiento de Madrid en Vicálvaro: apoyo y mentoría a proyectos de economía circular, cursos y talleres de capacitación.","C/ del Prat, 59, 28032 Madrid",28032,Madrid,"Metro Vicálvaro, a 450 m",679747121,comunicacion@ciecmadrid.es,https://ciecmadrid.es/,,Contacto por teléfono o correo; los cursos se anuncian en su web.
33-colectivos,nueva-nantik-lum,Si quieres trabajar por tu cuenta,ficha,Fundación Nantik Lum,fundación,"Microcréditos, formación grupal y acompañamiento para emprender; el Programa Crea es para mujeres de Madrid que buscan empleo o quieren emprender.",,,,,917374827,nantiklum@nantiklum.org,https://nantiklum.org/,https://nantiklum.org/emprendimiento-y-microfinanzas/programa-crea/,Inscripción en el formulario de cada programa en su web; empieza con una entrevista inicial.
33-colectivos,nueva-segsocial-autonomo,Si quieres trabajar por tu cuenta,ficha,Guía práctica de trabajo autónomo (Seguridad Social),página oficial,"Guía oficial para hacerte autónomo: alta en la Seguridad Social y en Hacienda, cuotas, tarifa plana y otros descuentos en la cuota.",,,,,,,https://portal.seg-social.gob.es/wps/portal/importass/importass/Colectivos/Trabajo+Autonomo/guia,,"El alta y la tarifa plana se piden en Importass, con Cl@ve permanente, certificado o DNI electrónico."
33-colectivos,nueva-cm-pae,Si quieres trabajar por tu cuenta,ficha,Puntos de Atención al Emprendedor (PAE) de la Comunidad de Madrid,servicio público,"Información y asesoramiento para crear tu empresa o hacerte autónomo, y tramitación del alta por internet.","C/ Ramírez de Prado, 5 bis, 28045 Madrid | C/ Martínez Villergas, 52, 28027 Madrid | C/ Hacienda de Pavones, 350, 28030 Madrid",28045,Madrid,"Cercanías Delicias, a 350 m",655691593,asesoramiento.emprendedores@madrid.org,https://www.comunidad.madrid/empleo/puntos-atencion-emprendedor-pae,,"Imprescindible cita previa, por teléfono. Hay más puntos en Colmenar Viejo, Móstoles y Alcalá de Henares."
33-colectivos,nueva-viveros-madrid,Si quieres trabajar por tu cuenta,ficha,Red de viveros de empresas del Ayuntamiento de Madrid,red municipal,"Siete centros de Madrid Emprende que combinan despachos con acompañamiento, asesoramiento y servicios comunes.","Calle Cidro, 3, 28044 Madrid | Calle Camino de los Vinateros, 106, 28030 Madrid | Calle La Diligencia, 9, 28018 Madrid",28044,Madrid,"Metro Carabanchel Alto, a 650 m",916963291,viverocarabanchel@madridemprende.es,https://www.madrid.es/portales/munimadrid/es/Inicio/Educacion-y-empleo/Empleo/Direcciones-y-telefonos/Red-de-viveros-de-empresas/?vgnextfmt=default&vgnextoid=948116542b6a9210VgnVCM2000000c205a0aRCRD&vgnextchannel=3954c5dee78fe410VgnVCM1000000b205a0aRCRD,,"Con cita previa con el vivero. La página lista los siete, también San Blas, Vicálvaro, Villaverde y el de alimentación."
33-colectivos,nueva-secot,Si quieres trabajar por tu cuenta,ficha,SECOT,asociación de voluntarios sénior,"Profesionales y directivos jubilados que dan asesoramiento y formación empresarial gratis a emprendedores, autónomos y pequeñas empresas.","C/ Conde de Torralba, 11",28046,Madrid,"Metro Begoña, a 250 m",913192202,central@secot.org,https://www.secot.org/,https://www.secot.org/contacta/,Formulario de contacto de su web.
33-colectivos,nueva-uatae,Si quieres trabajar por tu cuenta,ficha,UATAE (Unión de Asociaciones de Trabajadores Autónomos y Emprendedores),asociación de autónomos,Organización de autónomos. La orientación jurídica gratuita es para asociados; los demás planes de asesoría son de pago.,"Calle General Palanca, 37",28045,Madrid,"Metro Delicias, a 50 m",915177375,info@uatae.org,https://uatae.org/,https://uatae.org/asesoriajuridica/,Formulario de su web o por teléfono.
07-agencias-de-colocacion,p15-05,Generalistas,ficha,Acción Laboral,agencia de colocación y recolocación,Agencia de colocación sin ánimo de lucro: intermediación laboral y formación para personas desempleadas.,"C/ Noya, 5, local",28925,Alcorcón,"Cercanías San José de Valderas, a 350 m",607270659,,https://www.accionlaboral.com/,https://www.accionlaboral.com/es/AgenciaColocacion,Inscripción en el portal de su agencia de colocación.
07-agencias-de-colocacion,p20-04,Generalistas,ficha,Adalid,agencia de colocación,"Agencia de colocación del Grupo Aspasia, con portal de ofertas propio.","Calle Las Mercedes, 19",28020,Madrid,"Metro Estrecho, a 150 m",910201509,agenciadecolocacion@adalidsc.es,https://www.gestionandote.com/agencia/adalid_grupoaspasia,https://www.gestionandote.com/agencia/adalid_grupoaspasia/ofertas,Inscripción en las ofertas de su portal.
07-agencias-de-colocacion,p23-11,Generalistas,ficha,AEDHE (Asociación de Empresarios del Henares),agencia de colocación,"Bolsa de empleo de la asociación de empresarios, con ofertas en Alcalá de Henares, Torrejón de Ardoz y el Corredor del Henares.","C/ Punto Net, 4, 2ª planta, 28805 Alcalá de Henares | C/ La Mancha, 1, 1ª planta, 28823 Coslada",28805,Alcalá de Henares,,918895061,agenciadecolocacion@aedhe.es,https://aedhe.es/,https://aedhe.es/agencia-de-colocacion/,"Currículum por correo, con DNI/NIE y fecha de nacimiento, o en persona sin cita, de lunes a viernes de 8:30 a 15:00."
07-agencias-de-colocacion,p18-09,Generalistas,ficha,Ibecon (Grupo Aspasia),agencia de colocación y recolocación,Agencia de colocación y empresa de recolocación con portal de ofertas propio.,"C/ Hernán Cortés, 12",28004,Madrid,"Metro Chueca, a 200 m",983456470,agenciadecolocacion@ibecon.org,https://www.gestionandote.com/agencia/ibecon_grupoaspasia,https://www.gestionandote.com/agencia/ibecon_grupoaspasia,Inscripción en su portal de empleo para enviar el currículum.
07-agencias-de-colocacion,p21-09,Generalistas,ficha,IDEL (Innovación y Desarrollo Local),agencia de colocación,"Consultora con servicio de intermediación laboral a través de su agencia de colocación, orientación y apoyo al emprendimiento.","C/ Cronos, 63, 3ª planta, oficina 1",28037,Madrid,"Metro Torre Arias, a 350 m",915734760,idel@idelsl.com,https://www.idelsl.com/,https://www.idelsl.com/servicios/empleo-y-emprendimiento/,"Por teléfono, correo o formulario de contacto; atienden en persona o de forma telemática."
07-agencias-de-colocacion,p19-07,Generalistas,ficha,Ingeus,agencia de colocación y recolocación,"Acompañamiento individualizado para la inserción laboral, en programas de empleo y formación.","C/ Embajadores, 206 triplicado, 1º C",28045,Madrid,"Metro Legazpi, a 150 m",690900962,info@ingeus.es,https://www.ingeus.es/,https://www.ingeus.es/empleo/,Formulario de contacto de su web.
07-agencias-de-colocacion,p21-07,Generalistas,ficha,UPTA (Unión de Profesionales y Trabajadores Autónomos),agencia de colocación,Organización de autónomos: asesoramiento y acompañamiento a quien quiere trabajar por cuenta propia.,"C/ Ciudad Real, 5",28045,Madrid,"Metro Delicias, a 50 m",915398126,,https://upta.es/,https://upta.es/proyectos/autoempleo/,Por teléfono o con el formulario de contacto de su web; de lunes a jueves.
07-agencias-de-colocacion,p23-02,Discapacidad,ficha,ACIME,agencia de colocación,"Orientación laboral personalizada, itinerarios de inserción y tutorías para sus usuarios.","C/ Leonor de la Vega, 7, bajos",28005,Madrid,"Metro Puerta de Toledo, a 350 m",913650765,empleo@acime.es,https://www.acime.es/,https://www.acime.es/programas-y-servicios/empleo/,Por teléfono o por correo a su área de empleo.
07-agencias-de-colocacion,p15-01,Discapacidad,ficha,COCEMFE,agencia de colocación,Servicio de empleo para personas con discapacidad física y orgánica.,"C/ Luis Cabrera, 63",28002,Madrid,"Metro Prosperidad, a 200 m",917443600,cocemfe@cocemfe.es,https://www.cocemfe.es/,https://www.cocemfe.es/busqueda-empleo/,"Formulario «¿Buscas empleo?» de su web, con el currículum adjunto."
07-agencias-de-colocacion,p18-07,Discapacidad,ficha,FAMMA-Cocemfe Madrid,agencia de colocación,Intermediación laboral entre empresas y personas con discapacidad en Madrid.,"C/ Galileo, 69",28015,Madrid,,915933550,empleo@famma.org,https://famma.org/empleo-y-formacion/agencia-de-colocacion/,https://famma.org/empleo-y-formacion/ofertas-de-empleo/,Inscripción en la agencia desde su web; ofertas publicadas en la misma.
07-agencias-de-colocacion,p16-02,Discapacidad,ficha,FEBHI (Federación de Espina Bífida e Hidrocefalia),agencia de colocación,Servicio de empleo para personas con discapacidad.,"C/ Vinaroz, 32",28002,Madrid,"Metro Cruz del Rayo, a 350 m",917440282,portalempleo@febhi.org,https://febhi.org/,,"Con cita previa, que se pide por teléfono."
07-agencias-de-colocacion,p22-11,Discapacidad,ficha,Federación Nacional ALCER,agencia de colocación,"Servicio Integral de Empleo, gratuito, de apoyo a la incorporación al mercado laboral de personas con discapacidad.","C/ Constancia, 35",28002,Madrid,"Metro Prosperidad, a 250 m",915610837,empleo@alcer.org,https://alcer.org/,https://alcer.org/empleo/,Inscripción en el área de candidatos de su Servicio Integral de Empleo.
07-agencias-de-colocacion,p19-04,Discapacidad,ficha,Fundación Adecco,agencia de colocación,Programas de empleo y ofertas para personas con discapacidad y otras con dificultades de acceso al empleo.,"C/ Príncipe de Vergara, 110, 6º",28002,Madrid,"Metro Avenida de América, a 250 m",917004920,,https://fundacionadecco.org/,https://empleo.fundacionadecco.org/,Currículum en su portal de empleo.
07-agencias-de-colocacion,p28-12,Discapacidad,ficha,Fundación GoodJob,agencia de colocación,Integración laboral y social de personas con discapacidad y en riesgo de exclusión.,"C/ Sector Oficios, 32",28760,Tres Cantos,"Cercanías Tres Cantos, a 700 m",910828109,rrhh@goodjob.es,https://www.fundaciongoodjob.org/,,Correo para candidatos que publica en su página de contacto.
07-agencias-de-colocacion,p15-09,Discapacidad,ficha,Fundación Prevent,agencia de colocación,Acompañamiento e intermediación laboral entre empresas y personas con discapacidad; formación y emprendimiento.,"C/ Cavanilles, 43, bajo",28007,Madrid,"Metro Conde de Casal, a 350 m",917241621,,https://www.fundacionprevent.com/,https://www.fundacionprevent.com/empleo-y-formacion/,Contacto por el formulario de su web o por teléfono.
07-agencias-de-colocacion,p19-08,Discapacidad,ficha,Fundación Raíles,agencia de colocación,"Agencia de colocación para personas desempleadas, en una fundación de apoyo a personas con discapacidad intelectual.","Avda. Rafael Alberti, 4, 28038 Madrid | C/ Rafael Fernández Hijicos, 32, 28038 Madrid (Centro de Formación y Empleo)",28038,Madrid,"Metro Miguel Hernández, a 450 m",913807370,info@fundacionrailes.org,https://fundacionrailes.org/,https://fundacionrailes.org/centros-y-servicios/centro-de-formacion-y-empleo/agencia-de-colocacion/,"Contacto por teléfono, correo o el formulario de su web."
07-agencias-de-colocacion,p16-08,Discapacidad,ficha,Fundación Universia,agencia de colocación,"Formación, becas y empleo para personas con discapacidad; portal con ofertas de empleo y prácticas.","Paseo de la Castellana, 24, planta 0",28046,Madrid,"Metro Rubén Darío, a 250 m",695566579,,https://www.fundacionuniversia.net/es/index.html,https://www.fundacionuniversia.net/es/empleo.html,Inscripción en las ofertas de su portal de empleo.
07-agencias-de-colocacion,p15-07,Discapacidad,ficha,Inserta Empleo (Fundación ONCE),agencia de colocación,"Orientación, formación e intermediación laboral para personas con discapacidad reconocida del 33 % o más.","C/ Fray Luis de León, 11",28012,Madrid,"Metro Palos de la Frontera, a 350 m",914688500,,https://www.insertaempleo.es/,https://www.portalento.es/,Registro en el portal Por Talento.
07-agencias-de-colocacion,p22-10,Discapacidad,ficha,Zauma Inclusión y Diversidad,agencia de colocación,"Consultora de la Ley General de Discapacidad, con selección de profesionales con discapacidad.","C/ Bravo Murillo, 377, 4º, oficina E",28020,Madrid,"Metro Plaza de Castilla, a 200 m",910000471,info@zauma.es,https://www.zauma.es/,https://www.zauma.es/servicios/empleo/,Sección «Empleo para profesionales con discapacidad» de su web; contacto por teléfono o correo.
07-agencias-de-colocacion,p19-01,Entidades sociales,ficha,Accem Madrid,agencia de colocación,"Organización de atención a personas refugiadas, migrantes y en situación de vulnerabilidad.","C/ Magallanes, 1, entreplanta",28015,Madrid,"Metro Quevedo, a 150 m",915327478,madrid.informacion@accem.es,https://www.accem.es/,,"Citas e información en su oficina de Madrid, por teléfono o correo."
07-agencias-de-colocacion,p21-06,Entidades sociales,ficha,Alucinos La Salle,agencia de colocación,Asociación socioeducativa de San Fermín con orientación para el empleo y formación de personas adultas.,"C/ Adora, 9, posterior",28041,Madrid,"Metro San Fermín-Orcasur, a 450 m",917923917,empleo@alucinos.org,https://www.alucinos.net/,,Por teléfono o por correo a su área de empleo.
07-agencias-de-colocacion,p15-11,Entidades sociales,ficha,Asociación Eslabón,agencia de colocación,Iniciativas de promoción de empleo: cursos sin coste para personas desempleadas e intermediación.,"C/ Ntra. Sra. de la Luz, 44",28025,Madrid,"Metro Carabanchel, a 450 m",915255569,eslabon@eslabon.org,https://eslabon.org/,https://eslabon.org/formacion-para-desempleados/,No publica vía de empleo: contacto por teléfono o correo.
07-agencias-de-colocacion,p15-03,Entidades sociales,ficha,CEAR Madrid,agencia de colocación,"Atención directa, jurídica y bolsa de empleo para personas refugiadas y migrantes.","Avda. de Asturias, 33, bajo",28029,Madrid,"Metro Ventilla, a 100 m",915550698,,https://www.cear.es/,,"Presencial sin cita previa, de lunes a jueves de 9:00 a 14:00."
07-agencias-de-colocacion,nueva-caritas-madrid,Entidades sociales,ficha,Cáritas Madrid,agencia de colocación,"Entidad social de la Iglesia en Madrid, con agencia de colocación autorizada.","C/ Santa Hortensia, 1B",28002,Madrid,"Metro Alfonso XIII, a 300 m",915489580,caritasmadrid@caritasmadrid.org,https://www.caritasmadrid.org/,,Contacto con la entidad por teléfono o correo.
07-agencias-de-colocacion,p23-06,Entidades sociales,ficha,Fundación Cepaim,agencia de colocación,"Fundación por la convivencia intercultural, con programas de empleo y formación.","C/ de Luisa Muñoz, 6, 28019 Madrid | C/ Nicolás Morales, 11, 3º D, 28019 Madrid",28019,Madrid,"Metro Oporto, a 200 m",915985156,madrid@cepaim.org,https://www.cepaim.org/,,"Presencial o por teléfono en sus centros de Madrid, de lunes a viernes."
07-agencias-de-colocacion,p20-07,Entidades sociales,ficha,Fundación San Martín de Porres,agencia de colocación,"Fundación para personas sin hogar, con área de inserción sociolaboral y de economía social.","Vía Carpetana, 47",28047,Madrid,"Cercanías Laguna, a 900 m",914281170,,https://fundacionsmp.org/,,Por teléfono o con el formulario de contacto de su web.
07-agencias-de-colocacion,p15-08,Entidades sociales,ficha,Fundación Secretariado Gitano,agencia de colocación,"Promoción social y acceso al empleo de la población gitana; sedes en Vallecas, Villaverde, Carabanchel y Móstoles.","C/ Ahijones, s/n",28018,Madrid,,914220960;915079140,,https://www.gitanos.org/,https://www.gitanos.org/donde/madrid/,Contacto con la sede más cercana; están en «Dónde trabajamos» de su web.
07-agencias-de-colocacion,p16-04,Entidades sociales,ficha,Fundación Tomillo,agencia de colocación,Orientación sociolaboral e intermediación con empresas para personas en situación de vulnerabilidad.,"C/ Albuñuelas, 15",28041,Madrid,"Metro San Fermín-Orcasur, a 550 m",913698201,,https://tomillo.org/,https://tomillo.org/acompanamiento-al-empleo/,"Formulario de contacto de su web, asunto «Acompañamiento al Empleo»."
07-agencias-de-colocacion,p20-06,Entidades sociales,ficha,La Kalle,agencia de colocación,Servicio de intermediación laboral con acompañamiento individualizado y contacto con empresas; escuelas de capacitación laboral.,"C/ Javier de Miguel, 92, bloque 1, bajo",28018,Madrid,"Metro Buenos Aires, a 700 m",917772822;601318169,asociacion@lakalle.org,https://lakalle.org/,https://lakalle.org/servicio-de-intermediacion-laboral/,Por teléfono o correo a su Escuela de Empleo.
07-agencias-de-colocacion,p20-05,Entidades sociales,ficha,Las Alamedillas,agencia de colocación,Asociación de intervención social con programas de inserción sociolaboral para personas en situación de vulnerabilidad.,"Glorieta del Marqués de Vadillo, 10",28019,Madrid,"Metro Marqués de Vadillo, a 150 m",915651468,alamedillas@alamedillas.org,https://alamedillas.org/,,Por teléfono antes de acudir: atienden de forma temporal en un local de la glorieta.
07-agencias-de-colocacion,p22-05,Entidades sociales,ficha,Punto Omega (agencia Intermedia),agencia de colocación,"Agencia de colocación de la asociación, con portal de ofertas para candidatos y empresas.","C/ E, 20",28938,Móstoles,,916132336,intermedia@puntomega.es,https://intermedia.puntomega.es/,https://intermedia.puntomega.es/candidatos/registro,Registro como candidato en el portal de la agencia; atención al público de 9:00 a 15:00.
07-agencias-de-colocacion,p25-05,Empleo de hogar y cuidados,ficha,Edades (Barrio de Salamanca-Retiro),agencia de colocación,"Selección de cuidadoras de personas mayores, empleadas de hogar y ayuda a domicilio; red de oficinas en franquicia.","C/ General Díaz Porlier, 27",28001,Madrid,"Metro Goya, a 250 m",628830732,,https://edades.eu/madrid/,https://edades.eu/trabaja-con-nosotros/,Envío de tus datos en «Trabaja con nosotros»; las demás oficinas están en «Oficinas» de su web.
07-agencias-de-colocacion,p25-02,Empleo de hogar y cuidados,ficha,Fundación Atilano Sánchez Sánchez (FASS),agencia de colocación,Agencia de colocación de cuidadores y personal doméstico para personas mayores de 65 años en la Comunidad de Madrid.,"C/ Boltaña, 86",28022,Madrid,"Metro Canillejas, a 300 m",910294422;625144807,info@fundacionfass.org,https://fundacionfass.org/,https://fundacionfass.org/programas-de-ayuda/cuidadores-de-personas-mayores-en-madrid/,Cita por teléfono para una entrevista en persona y entrar en la bolsa de la agencia de colocación.
07-agencias-de-colocacion,p16-06,Empleo de hogar y cuidados,ficha,SerHogar System Boadilla del Monte,agencia de colocación,"Selección de empleadas de hogar internas, externas y por horas, y cuidado de mayores y niños.","C/ Valle de Tormes, 2, local 126 (centro comercial)",28669,Boadilla del Monte,,916323429,shsmadrid5@serhogarsystem.com,https://www.serhogarsystem.com/boadilla-del-monte/,https://www.serhogarsystem.com/empleo/,Currículum por el formulario «Envíanos tu CV» de la web.
07-agencias-de-colocacion,p24-09,Centros de formación con bolsa de empleo,ficha,Aranda Formación,agencia de colocación,"Escuelas de formación profesional y certificados, con agencia de colocación y bolsa de empleo.","Avda. de la Reina Victoria, 8, 28003 Madrid | C/ Raimundo Fernández Villaverde, 11, 28003 Madrid | Plaza Santa Marta de Ortigueira, 3, 28925 Alcorcón",28003,Madrid,"Metro Cuatro Caminos, a 100 m",911150220;916104060,,https://arandaformacion.com/,https://arandaformacion.portalemp.com/,"Portal de su bolsa de empleo (Portalemp), enlazado desde la web."
07-agencias-de-colocacion,p20-12,Centros de formación con bolsa de empleo,ficha,CATFA Formación y Empleo,agencia de colocación,Centro de formación para el empleo; su agencia orienta a su alumnado y le acerca ofertas de empresas colaboradoras.,"C/ de Jaén, 1",28850,Torrejón de Ardoz,"Cercanías Torrejón de Ardoz, a 650 m",916757078,informacion@catfaformacion.com,https://catfaformacion.com/,https://catfaformacion.com/agencia-de-colocacion/,Servicio para su alumnado: se accede al terminar la formación en el centro.
07-agencias-de-colocacion,p24-06,Centros de formación con bolsa de empleo,ficha,Centros de Formación Certifica,agencia de colocación,Centro de certificados profesionales con agencia de colocación y portal de empleo para candidatos y empresas.,"C/ Valentín Beato, 11",28037,Madrid,"Metro Suanzes, a 150 m",914211685;699974701,info@certifica.eu,https://www.certifica.eu/,https://certifica.agenciascolocacion.com/,Inscripción en el portal de su agencia de colocación.
07-agencias-de-colocacion,p22-07,Centros de formación con bolsa de empleo,ficha,Formaemplean (ON Centro de Formación),agencia de colocación,"Centro de formación para el empleo (hostelería, seguridad, estética y sanidad) con agencia de colocación y ofertas publicadas.","C/ Cartagena, 70",28028,Madrid,"Metro Cartagena, a 200 m",915632351,recepcion@formaemplean.es,https://formaemplean.es/,https://formaemplean.agenciascolocacion.com/,Registro como candidato en el portal de su agencia de colocación.
07-agencias-de-colocacion,p29-03,Centros de formación con bolsa de empleo,ficha,Formajobs,agencia de colocación,Centro de formación para el empleo con agencia de colocación: cursos gratuitos para personas desempleadas.,"C/ Siete Picos, 6",28912,Leganés,"Metro Casa del Reloj, a 650 m",916883686,info@formajobs.com,https://formajobs.com/,https://formajobs.com/servicios/agencia-de-colocacion/,"Contacto con el centro por teléfono, correo o formulario."
07-agencias-de-colocacion,p26-10,Centros de formación con bolsa de empleo,ficha,Grado Máster (López de Santiago Consultores),agencia de colocación,Centro de formación para el empleo con agencia de colocación en San Martín de Valdeiglesias.,"C/ Fraguas, 2 bis",28680,San Martín de Valdeiglesias,,610151885,formacion@lpzconsulting.com,https://gradomaster.es/,https://gradomaster.es/agencia-de-colocacion/,Correo a la agencia de colocación.
07-agencias-de-colocacion,p23-05,Centros de formación con bolsa de empleo,ficha,Grupo Colón-IECM,agencia de colocación,"Grupo de academias con cursos gratuitos y cuatro agencias de colocación, con un portal común de ofertas de empleo.","Paseo de las Delicias, 31, 28045 Madrid | C/ General Palanca, 26, 28045 Madrid | Paseo de las Delicias, 22, 28045 Madrid",28045,Madrid,"Metro Palos de la Frontera, a 150 m",914674510,,https://grupocoloniecm.com/,https://grupocoloniecm.portalemp.com/,Registro en el portal de empleo de sus agencias (Portalemp).
07-agencias-de-colocacion,p15-02,Centros de formación con bolsa de empleo,ficha,Instituto de Ciencias del Hombre (ICH),agencia de colocación,"Fundación de formación de posgrado con agencia de colocación: perfil profesional, ofertas e intermediación.","Paseo de los Olmos, 20, 1ª",28005,Madrid,"Cercanías Pirámides, a 150 m",915598893,info@agenciadecolocacion.es,https://main.ich.es/,https://www.agenciadecolocacion.es/demandantes.php,Registro gratuito en el portal de su agencia; también presencial en sus instalaciones.
07-agencias-de-colocacion,p23-09,Centros de formación con bolsa de empleo,ficha,Área Formación,agencia de colocación,Cursos subvencionados y agencia de colocación: intermediación sociolaboral en colaboración con el SEPE.,"C/ Doctor Esquerdo, 144, oficina 1",28007,Madrid,"Metro Conde de Casal, a 300 m",914332536,asociacion@areaforma.com,https://areaforma.com/,https://areaforma.portalemp.com/,"Registro en el portal de empleo de su agencia (Portalemp), enlazado desde la web."
07-agencias-de-colocacion,p25-04,Recolocación,ficha,Ars Outplacement,agencia de colocación y recolocación,"Programas de recolocación (outplacement) y de desarrollo de la empleabilidad, también para particulares.","C/ Oria, 13",28002,Madrid,"Metro República Argentina, a 400 m",914575952,info@arsoutplacement.com,https://www.arsoutplacement.com/,https://www.arsoutplacement.com/desarrollo-de-la-empleabilidad/,"Contacto por teléfono, correo o el formulario de su web."
07-agencias-de-colocacion,p15-04,Recolocación,ficha,GRI (Gabinete de Recolocación Industrial),agencia de colocación y recolocación,"Consultora de programas integrales de empleo, recolocación y transición profesional.","C/ Jorge Juan, 19, 6º C",28001,Madrid,"Metro Velázquez, a 200 m",918297568,,https://e-gri.com/,https://e-gri.com/ofertas-empleo/,Inscripción en las ofertas de empleo de su web.
07-agencias-de-colocacion,p27-05,Recolocación,ficha,LHH (Lee Hecht Harrison),agencia de colocación y recolocación,"Selección, desarrollo y transición profesional: programas de recolocación para personas que salen de una empresa.","Paseo de la Castellana, 93, planta 10",28046,Madrid,"Metro Santiago Bernabéu, a 150 m",917022395,,https://www.lhh.com/es-es,,Las oficinas están en «Encuentra tu oficina» de su web.
07-agencias-de-colocacion,p16-09,Recolocación,ficha,Lukkap,agencia de colocación y recolocación,Consultora con programas de outplacement (recolocación) para empresas y particulares.,"Paseo de la Castellana, 82, 1º",28046,Madrid,"Metro Nuevos Ministerios, a 500 m",913101879,,https://www.lukkap.com/,https://www.lukkap.com/outplacement-particulares/,Contacto por su web; el outplacement individual tiene página propia.
07-agencias-de-colocacion,p16-01,Recolocación,ficha,Right Management (ManpowerGroup Talent Solutions),agencia de colocación y recolocación,Agencia de colocación y recolocación: orientación y asesoramiento para el desarrollo profesional.,"C/ Isabel Colbrand, 22, 2ª planta",28050,Madrid,"Metro Las Tablas, a 900 m",,agenciacolocacion@right.com,https://www.mpgtalentsolutions.com/es/es,https://www.mpgtalentsolutions.com/es/es/agencia-de-colocacion,Inscripción en el formulario de la página de su agencia de colocación.
08-ett,p34-01,Grandes redes,ficha,Adecco,ETT,"Trabajo temporal, selección y formación en todos los sectores.","C. Acanto, 22, 28045 Madrid | Calle Alcalá, 624, 28022 Madrid | Calle Fábricas, 8, 28923 Alcorcón",28045,Madrid,"Cercanías Méndez Álvaro, a 250 m",913106090,,https://www.adecco.com/es-es,https://www.adecco.com/es-es/ofertas-trabajo/localizacion/trabajos-en-madrid,Registro en la web o en su aplicación; localizador de oficinas en adecco.com/es-es/oficinas.
08-ett,p35-04,Grandes redes,ficha,Ananda Gestión ETT,ETT,Empresa de trabajo temporal con red de oficinas.,"C/ Infanta Mercedes, 62, piso 6, ofc. 9, 28020 Madrid | C/ Rufino Blanco, 24, 28028 Madrid | C/ Villaverde, 12, 28902 Getafe",28020,Madrid,"Metro Tetuán, a 150 m",915796787,madrid@ananda.es,https://www.ananda.es/,https://oficina-virtual.ananda.es/inicio,Registro en su oficina virtual; red de oficinas en ananda.es/red-de-oficinas.
08-ett,p37-06,Grandes redes,ficha,Eulen Flexiplán,ETT,"Trabajo temporal, selección y formación.","C/ Orense, 16, 1ª planta, 28020 Madrid | C/ Gobelas, 29, 28023 Madrid | C/ Madrid, 18, 1º, 28901 Getafe",28020,Madrid,"Cercanías Nuevos Ministerios, a 400 m",915767980,,https://flexiplan.eulen.com/,https://empleo-flexiplan.eulen.com/,Registro en su portal de empleo; oficinas en «¿Dónde estamos?».
08-ett,p37-09,Grandes redes,ficha,Eurofirms,ETT,Trabajo temporal y gestión del talento.,"Av. de América, 8, 1º B, 28028 Madrid | Calle de Bravo Murillo, 377, 1º A, 28020 Madrid | Calle San Sebastián, 1, bajo, 28901 Getafe",28028,Madrid,"Metro Avenida de América, a 50 m",917242820,,https://www.eurofirms.com/es/es/,,Registro en la web o en su aplicación; oficinas en eurofirms.com.
08-ett,p37-03,Grandes redes,ficha,Gi Group,ETT,"Trabajo temporal, selección y formación.","P.º de la Castellana, 111, planta 4, 28046 Madrid | Calle Virgen del Mar, 1, 28821 Coslada | Av. Juan de la Cierva, 30, 28902 Getafe",28046,Madrid,"Metro Cuzco, a 250 m",697509537,madrid@gigroup.com,https://es.gigroup.com,https://es.gigroup.com/ofertas-de-trabajo/,Inscripción en las ofertas de su web; delegaciones en es.gigroup.com/delegaciones.
08-ett,p37-11,Grandes redes,ficha,Grupo Crit,ETT,"Trabajo temporal, selección, formación y outsourcing.","C/ José Abascal, 55, 1º dcha.",28003,Madrid,"Metro Gregorio Marañón, a 250 m",915751603,,https://www.grupo-crit.com/,https://www.grupo-crit.com/candidato/,Registro como candidato en la web o en su aplicación; localizador en «Nuestras oficinas».
08-ett,p37-05,Grandes redes,ficha,IMAN Temporing,ETT,"Trabajo temporal, selección, formación y outsourcing.",,,,,,,https://www.imancorp.es/,https://empleo.imancorp.es/jobs,Envío del currículum en su portal de empleo; red de oficinas en imancorp.es/red-de-oficinas.
08-ett,nueva-interim-group,Grandes redes,ficha,Interim Group,ETT,"Trabajo temporal (Interim Aire ETT), con división generalista y agroalimentaria, selección, formación y outsourcing.","Avenida de las Arcas del Agua 7, planta 1, oficina 2, 28905 Getafe | Calle Fragua 1, portal 3, planta 1, puerta 3, 28933 Móstoles",28905,Getafe,"Metro Conservatorio, a 50 m",911697215,,https://interimgrouphr.com/,https://interim.innovainterim.es/modCAND/mobile/index.jsp?idP=788&refP=INT&refE=&refD=,Inscripción en su portal del trabajador; el localizador de oficinas está en interimgrouphr.com/oficinas.
08-ett,p35-03,Grandes redes,ficha,Job&Talent,ETT,"Trabajo temporal en logística e industria, gestionado desde su aplicación.",,,,,,,https://www.jobandtalent.es,https://jobs.jobandtalent.com/es,Inscripción en su aplicación o en su portal de ofertas.
08-ett,nueva-manpower,Grandes redes,ficha,Manpower,ETT,Trabajo temporal y selección en todos los sectores.,"C/ de Francisco Silvela, 35, 28028 Madrid | Calle Madrid, 102, bajo, local 4, 28902 Getafe | Avenida de Juan Carlos I, 13, planta 8ª A, 28806 Alcalá de Henares",28028,Madrid,"Metro Diego de León, a 200 m",635027321,,https://www.manpower.es/,https://www.manpower.es/es/candidatos,Registro en la web; localizador en oficinas.manpower.es.
08-ett,p38-06,Grandes redes,ficha,Marlex,ETT,Trabajo temporal y selección de personal.,,,,,,,https://www.marlex.net/,https://www.marlex.net/es/candidaturas,Registro en el área de profesionales; oficinas en «Dónde estamos».
08-ett,p37-02,Grandes redes,ficha,Nortempo,ETT,"Trabajo temporal, selección de talento y outsourcing.","C/ Teniente Ruiz, 2, 1º H",28805,Alcalá de Henares,"Cercanías Alcalá de Henares, a 650 m",910538172,contacto@nortempo.com,https://nortempo.com/,,Registro en su portal de candidatos; oficinas en nortempo.com/oficinas.
08-ett,p40-01,Grandes redes,ficha,Randstad,ETT,Trabajo temporal y selección en todos los sectores.,"Avda. de Burgos, 16-D, 28036 Madrid | Calle Miguel Faraday, 18, 28906 Getafe | Avda. Juan Carlos I, 13, 28806 Alcalá de Henares",28036,Madrid,"Metro Bambú, a 200 m",914137097,,https://www.randstad.es/,https://www.randstad.es/candidatos/ofertas-empleo/,Inscripción en las ofertas de la web; oficinas en randstad.es/candidatos/oficinas.
08-ett,nueva-ras-interim,Grandes redes,ficha,RAS Interim,ETT,Trabajo temporal y selección; forma parte del grupo francés Groupe RAS.,,,,,,,https://www.gruporas.es/,https://empleo.gruporas.es/,Inscripción en su portal de empleo o en la aplicación RAS Empleo; localizador de oficinas en gruporas.es/oficinas.
08-ett,p38-09,Grandes redes,ficha,Synergie,ETT,"Trabajo temporal, selección de personal y outsourcing.","Calle Antonia Mercé, 8, 1ª planta",28009,Madrid,"Metro Goya, a 350 m",913694220,madridcentro@synergie.es,https://www.synergie.es/,https://www.synergie.es/busco-trabajo/,Inscripción en las ofertas de la web; oficinas en synergie.es/oficinas.
08-ett,p38-04,Grandes redes,ficha,Temps,ETT,"Trabajo temporal, selección y recursos humanos.","C/ Orense, 20, 2º-13",28020,Madrid,"Metro Santiago Bernabéu, a 400 m",914176320,,https://temps.es/,https://temps.viterbit.site/,Inscripción en las ofertas de su web; buscador de oficinas en «Red de oficinas».
08-ett,p35-05,Generalistas,ficha,Abanti Empleo ETT,ETT,Empresa de trabajo temporal.,"Avenida Monte Igueldo, 2, 4ª planta",28053,Madrid,"Metro Puente de Vallecas, a 150 m",917271574,info@abantiett.com,http://abantiempleoett.es/,https://portal.abantiempleoett.es/Trabajadores/Candi/Candisaludo.aspx,Registro en su portal de trabajadores.
08-ett,nueva-aertis,Generalistas,ficha,Aertis,ETT,Reclutamiento y selección de personal y trabajo temporal; marca del grupo Dopp Consultores.,,,Madrid,,917454630,,https://aertis.com/,https://aertis.com/ofertas-de-empleo/,Inscripción en las ofertas de empleo de su web.
08-ett,p35-02,Generalistas,ficha,AgioGlobal,ETT,Empresa de trabajo temporal.,"Calle de Luchana, 23, 3ª planta",28010,Madrid,"Metro Bilbao, a 300 m",914444460,info@agioglobal.es,https://www.agioglobal.com/,https://www.agioglobal.com/CandidatosTT/,Registro como candidato en su web.
08-ett,nueva-areajob,Generalistas,ficha,Areajob,ETT,Trabajo temporal y selección de personal.,"C. de Suecia, 4",28802,Alcalá de Henares,,910382781,madrid1@areajob.es,https://www.areajob.es/,https://www.areajob.es/categoria-trabajo/ofertas-de-trabajo/,Inscripción en las ofertas de su web.
08-ett,nueva-atelodis,Generalistas,ficha,Atelodis,ETT,"Trabajo temporal, selección de personal y formación.","Calle Secoya 19, 4ª planta",28044,Madrid,"Metro Carabanchel Alto, a 650 m",919198021,info@atelodisett.com,https://atelodisett.com/,https://atelodisett.com/trabajadores/ofertas-de-empleo,Inscripción en las ofertas de su web o dejando el currículum en ella.
08-ett,p36-02,Generalistas,ficha,Aura Staffing,ETT,Empresa de trabajo temporal y soluciones de recursos humanos.,"C/ Doctor Esquerdo, 154, 1º C",28007,Madrid,"Metro Pacífico, a 300 m",918263993,seleccion@aurajob.es,https://aurastaffing.es/,https://aurastaffing.es/candidatos,Registro en el área de candidatos de su web.
08-ett,p36-04,Generalistas,ficha,Bicolan ETT,ETT,"Trabajo temporal, selección y formación.","C/ Princesa, 2, planta 9, puerta 3",28008,Madrid,"Metro Plaza de España, a 200 m",917585544,madrid@bicolan.com,https://www.bicolan.com/,,Inscripción en las ofertas de su web o en la delegación.
08-ett,nueva-crea-empleo,Generalistas,ficha,Crea Empleo,ETT,"Procesos de selección y contratación de personal, con trabajo temporal.","Avda. Brasil, 6, 1ª planta",28020,Madrid,"Metro Santiago Bernabéu, a 350 m",910770700,madrid@creaempleo.es,https://www.creaempleo.es/es,https://www.creaempleo.es/es/encuentra-trabajo,Inscripción en las ofertas de su web o por correo a la delegación de Madrid.
08-ett,nueva-dekra-empleo,Generalistas,ficha,Dekra Empleo,ETT,Trabajo temporal y selección de personal del grupo DEKRA Arbeit.,"C/ Miguel Yuste 17, 3C",28037,Madrid,"Metro Suanzes, a 250 m",680109879;915616618,,https://dekra-arbeit.es/,https://dekra-arbeit.es/buscar-trabajo/,Inscripción en las ofertas de empleo de su web.
08-ett,p36-10,Generalistas,ficha,Faster,ETT,"Empresa de trabajo temporal con delegaciones en Madrid, Getafe y Torrejón de Ardoz.","Calle de Orense, 28, 2º C, 28020 Madrid | Calle Concepción, 14, 2º 2, 28901 Getafe",28020,Madrid,"Metro Santiago Bernabéu, a 400 m",915569890,madrid@faster.es,https://faster.es/,https://faster.es/portal-de-empleo/,Inscripción en su portal de empleo; también atienden en oficina.
08-ett,nueva-gestempro,Generalistas,ficha,Gestempro,ETT,Empresa de trabajo temporal.,"C/ Orense, 51",28020,Madrid,"Metro Cuzco, a 500 m",915561190,gestempro@gestempro.com,https://www.gestempro.com/,,No publica vía de empleo: contacto por teléfono o correo.
08-ett,p35-08,Generalistas,ficha,Grupo Alliance,ETT,"Reclutamiento, selección y contratación de personal temporal.","Paseo de las Delicias, 31, 7º izq.",28045,Madrid,"Metro Palos de la Frontera, a 150 m",,,https://www.grupoalliance.com/es,https://www.grupoalliance.com/es/ofertas-de-empleo,Inscripción en las ofertas de su portal de empleo.
08-ett,nueva-construyendo-empleo,Generalistas,ficha,Grupo Construyendo Empleo,ETT,"Trabajo temporal, selección, formación y outsourcing; puestos temporales y fijos.","Avenida de los Caídos de la División Azul, 1, local C",28016,Madrid,,912791821,info@grupoconstruyendoempleo.es,https://www.grupoconstruyendoempleo.es/,,Registro de candidatos e inscripción en las ofertas de su web.
08-ett,nueva-human-group-quality,Generalistas,ficha,Human Group Quality,ETT,"Trabajo temporal; entre otros, manipulado en línea de producción e industrias alimentarias.","C/ Madrid, 29, 2º 2",28901,Getafe,"Metro Getafe Central, a 450 m",911377668,,https://www.humangroupquality.es/,,Contacto por teléfono con la oficina; la web no publica ofertas.
08-ett,nueva-keyjob,Generalistas,ficha,Keyjob,ETT,"ETT para distribución y comercio, hostelería, industria, limpieza y oficina, con personal en Madrid, Sevilla, Málaga y Barcelona.",,,,,900109105,info@keyjobett.com,https://keyjobett.com/,https://intranet.keyjobett.com/Trabajadores/Candi/Candisaludo.aspx,Inscripción en su portal del candidato.
08-ett,p38-02,Generalistas,ficha,Mayab,ETT,Empresa de trabajo temporal.,"Pº de la Castellana, 210, 6º-10",28046,Madrid,"Metro Plaza de Castilla, a 400 m",913500019,mayab@mayabett.com,http://www.mayabett.es/,,No publica vía de empleo: contacto por teléfono o correo.
08-ett,p39-06,Generalistas,ficha,Meditempus,ETT,Empresa de trabajo temporal.,"Av. Rey Juan Carlos I, 98, 2º C",28916,Leganés,"Metro El Carrascal, a 100 m",911257457,madrid@meditempus.com,https://www.meditempus.com/,https://www.meditempus.com/candidatos/,Registro en «Busco empleo» de su web.
08-ett,p39-08,Generalistas,ficha,Newtandem,ETT,Servicios de recursos humanos y trabajo temporal.,"C/ Raimundo Fernández Villaverde, 53, of. 1",28003,Madrid,"Metro Nuevos Ministerios, a 350 m",915617464,newtandem@newtandem.com,https://www.newtandem.com/,https://work.newtandem.com/access/new?site_id=220,Registro en el área de candidatos de su web.
08-ett,nueva-nowain,Generalistas,ficha,Nowain,ETT,"Empresa de trabajo temporal para notarías, oficinas, industria y logística.","Calle Alcalá, 257",28027,Madrid,"Metro El Carmen, a 50 m",911365673,,https://www.nowain.es/,https://www.infojobs.net/nowain-ett/em-i98545450515649781111194014285642709283/ofertas,"Ofertas en su bolsa de trabajo, que lleva a InfoJobs."
08-ett,p38-05,Generalistas,ficha,Pacto,ETT,Empleo temporal y selección de personal.,"Calle Orense, 20, 2ª planta, puerta 12",28020,Madrid,"Metro Santiago Bernabéu, a 400 m",911986968,,https://www.pacto.es/,https://empleo.pacto.es/jobs,Envío del currículum en su portal de empleo.
08-ett,nueva-personal7,Generalistas,ficha,Personal 7,ETT,Trabajo temporal del Grupo Constant.,"C/ Alfonso Gómez, 42C",28037,Madrid,"Metro Simancas, a 650 m",911250817,info@grupoconstant.com,https://personal7.es/,https://grupoconstant.com/busco-empleo/,Inscripción en las ofertas de su portal de empleo.
08-ett,p38-01,Generalistas,ficha,Proman,ETT,Empresa de trabajo temporal.,"Av. Juan de la Cierva, 55",28902,Getafe,"Metro Juan de la Cierva, a 300 m",911590818,,https://proman-personas.com,https://proman-personas.com/candidatos/,Registro en el área de candidatos de su web.
08-ett,nueva-rieka-talent,Generalistas,ficha,Rieka Talent,ETT,Servicios de empleo y trabajo temporal.,"Calle Agustín de Betancourt, 21-8",28003,Madrid,"Metro Nuevos Ministerios, a 300 m",,info@riekatalent.es,https://riekatalent.es/,https://careers.riekatalent.es/,Inscripción en las ofertas de su portal de empleo.
08-ett,p37-12,Generalistas,ficha,Seprotem,ETT,Trabajo temporal y consultoría de recursos humanos.,"Avda. de Brasil, 17, 7º F, 28020 Madrid | Calle Valle del Roncal, 12, planta 2, 28232 Las Rozas",28020,Madrid,"Metro Cuzco, a 350 m",912040380,info@seprotem.com,https://www.seprotem.com/,https://www.seprotem.com/candidatos,Registro en el área de candidatos de su web.
08-ett,p35-10,Generalistas,ficha,Tecnylabor,ETT,Empresa de trabajo temporal en Madrid centro.,"Paseo de las Acacias, 3, 1º B",28005,Madrid,"Metro Embajadores, a 100 m",915770788,tecnylabor@tecnylabor.com,https://www.empresatrabajotemporal.es/,,"Contacto por teléfono, correo o en la oficina."
08-ett,p38-11,Generalistas,ficha,Temporing,ETT,Trabajo temporal y soluciones de recursos humanos.,"C/ Áncora, 38, bajo B",28045,Madrid,"Cercanías Delicias, a 350 m",917251125,madrid@temporing.es,https://temporing.es/,https://temporing.es/candidatos/,Registro en el área de candidatos de su web.
08-ett,p38-03,Generalistas,ficha,Tracklan,ETT,Empresa de trabajo temporal.,"C/ Arzobispo Cos, 2, 1º",28027,Madrid,"Metro Ciudad Lineal, a 50 m",911861930,cv@tracklan.es,https://www.tracklan.es/,https://portal.tracklan.es/TrabajadoresV23/candi/CandiSaludo.aspx,Ofertas en InfoJobs y registro en su portal.
08-ett,p39-03,Generalistas,ficha,Triangle,ETT,Trabajo temporal y soluciones de recursos humanos.,"Calle de Alcalá, 492, 2ª",28027,Madrid,"Metro Suanzes, a 250 m",,info@trianglerrhh.es,https://www.trianglerrhh.es/,https://trianglerrhh.viterbit.site/,Registro como candidato en su portal.
08-ett,nueva-uare,Generalistas,ficha,Uare,ETT,Empresa de trabajo temporal.,"Calle Orense, 58, 6ª planta",28020,Madrid,"Metro Cuzco, a 350 m",619340951,info@uare.es,https://www.uare.es/,https://jobs.uare.es/,Inscripción en las ofertas de su portal de empleo.
08-ett,p35-01,Especializadas por sector,ficha,Agencia Penélope,ETT,"Figuración y personal artístico para cine, televisión y publicidad.","C/ Boix y Morer, 11, bajo C",28003,Madrid,"Metro Canal, a 300 m",914480600,infomadrid@agenciapenelope.com,https://www.agenciapenelope.com/,https://formularios.agenciapenelope.com/fmi/webd/Candidatos_Web_2020,Inscripción en el formulario de candidatos de su web.
08-ett,p37-04,Especializadas por sector,ficha,CePeDe,ETT,Recursos humanos y trabajo temporal en hostelería e ingeniería.,"C/ Princesa, 2, 6ª planta",28008,Madrid,"Metro Plaza de España, a 200 m",912220620,central@cepede.com,https://www.cepede.com/,https://portal.cepede.com/TrabajadoresV23/Candi/Candisaludo.aspx,Registro en su portal; también por teléfono o correo.
08-ett,p35-07,Especializadas por sector,ficha,DyaDigital,consultora de selección,"Selección y contratación de perfiles de marketing online, ecommerce, diseño, desarrollo web e IT.","Avda. Menéndez Pelayo, 85, 1ºB",28007,Madrid,"Metro Menéndez Pelayo, a 550 m",,info@dyadigital.com,https://dyadigital.com/,https://dyadigital.com/empleos/,Registro como candidato en su web.
08-ett,p36-12,Especializadas por sector,ficha,Empleabilidad ETT,ETT,Trabajo temporal de hostelería.,"P.º de la Castellana, 114, escalera 2, planta 2, puerta 3",28046,Madrid,"Cercanías Nuevos Ministerios, a 150 m",912500023,rrhhmadrid@empleabilidadett.es,https://www.empleabilidadett.es/,https://empleabilidad-ett.viterbit.site/,Inscripción en las ofertas de su portal de empleo.
08-ett,p37-10,Especializadas por sector,ficha,Exclusivas Imanara,ETT,Trabajo temporal y selección en el sector de la ingeniería.,"C/ Puerto Rico, 40",28016,Madrid,"Metro Colombia, a 250 m",915722214,info@exclusivasimanara.com,https://www.exclusivasimanara.com/,https://www.exclusivasimanara.com/ofertas-de-empleo,Inscripción en las ofertas de su portal de empleo.
08-ett,p39-05,Especializadas por sector,ficha,Grupo Sherco,ETT,Trabajo temporal y selección de personal para hoteles.,"C/ Doctor Gómez Ulla, 14",28028,Madrid,"Metro Manuel Becerra, a 250 m",917131234,recepcion@gruposherco.com,https://www.shercott.com/,https://www.shercott.com/shercoett.php,No publica vía de empleo: contacto por teléfono o correo.
08-ett,nueva-grupompleo,Especializadas por sector,ficha,Grupompleo,ETT,Trabajo temporal en el sector industrial.,"C/ Madrid, 4, 1º B",28901,Getafe,"Metro Getafe Central, a 550 m",910200775,,https://www.grupompleo.com/,https://www.grupompleo.com/buscador-de-ofertas-de-trabajo/,Inscripción en su buscador de ofertas.
08-ett,p37-07,Especializadas por sector,ficha,Hays,ETT,Selección y trabajo temporal de perfiles cualificados.,"Paseo de la Castellana, 81, planta 10",28046,Madrid,"Cercanías Nuevos Ministerios, a 100 m",914566998,,https://www.hays.es/,,Inscripción en las ofertas de su portal de empleo.
08-ett,nueva-infotree,Especializadas por sector,ficha,Infotree Global,ETT,"Contratación temporal de perfiles cualificados, selección y gestión de nóminas para empresas internacionales.","Calle Villalar 7, bajo izquierda",28001,Madrid,"Cercanías Recoletos, a 250 m",,,https://www.infotreeglobal.com/,https://www.infotreeglobal.com/search-jobs/,Inscripción en las ofertas de su web (en inglés).
08-ett,p38-10,Especializadas por sector,ficha,Michael Page,ETT,Selección y trabajo temporal de perfiles cualificados.,"Paseo de la Castellana, 130, 8ª planta",28046,Madrid,"Metro Santiago Bernabéu, a 150 m",911318100,info@michaelpage.es,https://www.michaelpage.es/,https://www.michaelpage.es/job-search,Inscripción en las ofertas de su portal de empleo.
08-ett,p39-09,Especializadas por sector,ficha,Recosem,ETT,"Trabajo temporal en hotelería, restauración, colectividades y eventos.","C/ Galileo, 92, 1º B",28015,Madrid,"Metro Islas Filipinas, a 350 m",915401908,recosem@recosem.com,https://www.recosem.com/,https://www.recosem.com/trabaja-con-nosotros/,Formulario «Trabaja con nosotros» de su web.
08-ett,nueva-salesland,Especializadas por sector,ficha,Salesland,ETT,Empresa de trabajo temporal del grupo Salesland.,"Calle Albasanz, 35, 1ª planta",28037,Madrid,"Metro Suanzes, a 350 m",917489080,,https://salesland.net/,https://empleo.salesland.net/,Inscripción en las ofertas de su portal de empleo.
08-ett,p38-12,Especializadas por sector,ficha,TEMP ETT,ETT,"Personal comercial, azafatas y promotoras para el punto de venta.","C/ Ríos Rosas, 54",28003,Madrid,"Metro Alonso Cano, a 450 m",,info@tempett.com,https://www.tempett.com/,https://www.portaldelcandidatotema.com/,Registro en el portal del candidato de TEMA.
08-ett,p37-01,Especializadas por sector,ficha,Work Hotel,ETT,Trabajo temporal para hostelería.,"C/ Princesa, 35, 1º",28008,Madrid,"Metro Ventura Rodríguez, a 200 m",914586145,info@workhotel.es,https://www.workhotel.es/,https://www.workhotel.es/busca-trabajo/,Formulario «¿Busca trabajo?» de su web.
08-ett,nueva-workout-ett,Especializadas por sector,ficha,Workout ETT,ETT,"Trabajo temporal para eventos, hostelería y restauración, hoteles y turismo, y logística.","Calle Rodríguez San Pedro 2, Oficina 306",28015,Madrid,"Metro Quevedo, a 200 m",910784460,info@workout-ett.com,https://workout-ett.com/,https://portal.workout-ett.com/trabajadores/Candi/Candisaludo.aspx,Registro en su portal de candidatos.
09-insercion,nueva-agricola-salvia,Empresas de inserción,ficha,Agrícola Salvia,empresa de inserción,Cultivo de hortalizas para el mercado local en el Parque Agrario de Fuenlabrada.,,,Fuenlabrada,,657689272,administracion@agricolasalvia.es,https://agricolasalvia.es/,,
09-insercion,p31-09,Empresas de inserción,ficha,Alavar,empresa de inserción,"Lavandería y tintorería para colegios mayores, residencias, instituciones religiosas, albergues y ONG.","Avda. Río Guadalquivir, 1",28906,Getafe,,914701756;645877358,info@lavanderia-alavar.com,http://www.lavanderia-alavar.com/,,
09-insercion,p31-04,Empresas de inserción,ficha,Aldaba Inserción,empresa de inserción,"Limpieza de obra, comunidades de vecinos y cristales, limpiezas especiales y jardinería.","Avda. Federico Rubio y Galí, 7, 1.º dcha.",28039,Madrid,"Metro Guzmán el Bueno, a 400 m",914026258,aldabainsercion@aldaba.ong,https://aldabacee.com/,https://aldabacee.com/ofertas-de-empleo/,Ofertas y envío de currículum en la página de empleo que comparte con Aldaba CEE.
09-insercion,nueva-alucisanfer,Empresas de inserción,ficha,Alucisanfer,empresa de inserción,Restaurante social en el parque de Pradolongo (Usera) y reparto de mensajería y paquetería.,"C/ Adora, 9",28041,Madrid,"Metro San Fermín-Orcasur, a 450 m",607724603,alucisanfer@alucinos.org,https://www.alucisanfer.net/,,
09-insercion,p33-03,Empresas de inserción,ficha,AMEI,asociación,Asociación Madrileña de Empresas de Inserción: agrupa a 28 empresas y publica un buscador por actividad con la ficha de cada una.,"C/ Bustos, 2",28038,Madrid,"Metro Puente de Vallecas, a 250 m",915220843;623450929,amei@amei.es,https://www.amei.es/,https://www.amei.es/productos-y-servicios/,
09-insercion,p31-10,Empresas de inserción,ficha,Amoverse,empresa de inserción,"Limpieza, mantenimiento, conserjería y mensajería para empresas y particulares.","C/ Geranios, 30",28029,Madrid,"Metro Ventilla, a 350 m",917335449,info@amoverseinsercion.org,https://www.amoverseinsercion.org/,,
09-insercion,p33-02,Empresas de inserción,ficha,Arca Servicios Ambientales,empresa de inserción,"Gestión de residuos, limpieza de edificios, vías y jardines.","C/ Gamonal, 20, 1.º G",28031,Madrid,,914541809,,https://www.arcadelmaresme.com/es,,
09-insercion,p31-05,Empresas de inserción,ficha,Asiscar,empresa de inserción,"Mensajería, documentación y paquetería, pequeñas mudanzas y gestiones ante Seguridad Social, Tráfico o Agencia Tributaria.","C/ Cañada del Santísimo, 27",28031,Madrid,"Metro Las Suertes, a 400 m",917267980,,https://www.caritasmadrid.org/asiscar_mensajeria,,
09-insercion,p31-12,Empresas de inserción,ficha,Carifood,empresa de inserción,Hostelería: cocina central en Carabanchel que sirve comidas a colectividades y catering.,"C/ Secoya, 18",28044,Madrid,"Metro Carabanchel Alto, a 650 m",915302876;660962135,atencionalcliente@carifood.org,https://carifood.org/,,
09-insercion,p32-07,Empresas de inserción,ficha,Cesal,empresa de inserción,"Hostelería y restauración, con elaboración de helados, y servicios auxiliares de jardinería. Emplea a jóvenes en situación de vulnerabilidad.","C/ Siena, 15B",28027,Madrid,"Metro El Carmen, a 250 m",913597906,,https://www.cesal.org/,,
09-insercion,p31-03,Empresas de inserción,ficha,Codec,empresa de inserción,"Gestión de almacenes, acondicionamiento de producto, mantenimiento industrial y transporte de mercancías.","Avda. Río Guadalquivir, 3",28906,Getafe,,910375265,codec@grupcares.org,https://www.eicodec.org/,https://www.eicodec.org/page-formulari-de-contacte-amb-codec-envians-el-teu-curriculum.aspx,Currículum por el formulario de su web (la página está en catalán).
09-insercion,nueva-ecoambitos,Empresas de inserción,ficha,EcoÁmbitos,empresa de inserción,"Mensajería de última milla, mantenimiento, limpieza, conserjería y auxiliar de restauración.","C/ Belmonte de Tajo, 52-54",28019,Madrid,"Metro Urgel, a 400 m",669400254,ecoambitos@ambitos.social,https://ambitos.social/ecoambitos,,
09-insercion,p32-01,Empresas de inserción,ficha,El Zaguán,empresa de inserción,"Encuadernación y estuchería artesanal, limpieza, jardinería, reparto de paquetería de última milla e instalación de placas fotovoltaicas.","Avda. Pedro Díez, 25",28019,Madrid,"Metro Oporto, a 350 m",917569801,,https://elzaguan.org/,,
09-insercion,p31-01,Empresas de inserción,ficha,Ellas lo Bordan,empresa de inserción,"Taller social de corte y confección: diseño, patronaje, confección y bordados. Forma y emplea a mujeres en situación de vulnerabilidad.","C/ Calero Pita, 34",28053,Madrid,"Cercanías Asamblea de Madrid-Entrevías, a 250 m",911637483,info@ellaslobordan.es,https://ellaslobordan.es/,,
09-insercion,p32-03,Empresas de inserción,ficha,Foret,empresa de inserción,"Jardinería, tala y poda, conserjería y limpieza.","C/ Ciudad de Frías, 12, nave 9",28021,Madrid,"Metro Villaverde Alto, a 500 m",917988970;689589682,hola@foret.es,https://foret.es/,,
09-insercion,nueva-grupo-fecha,Empresas de inserción,ficha,Grupo Fecha,empresa de inserción,"Servicios a personas con discapacidad, limpieza, reparaciones y conservación, y venta de libros.","C/ Arboleda, 18, despacho 263",28031,Madrid,,,oficinatecnica@grupofecha.es,https://grupofecha.es/,,
09-insercion,p32-12,Empresas de inserción,ficha,Hispaled,empresa de inserción,Diseño y fabricación de iluminación LED e instalaciones eléctricas y fotovoltaicas. Trabaja con jóvenes de 18 a 25 años.,"C/ Dehesa Vieja, 8E, nave 11",28052,Madrid,"Metro Puerta de Arganda, a 750 m",918271658,info@hispaled.es,https://www.hispaled.es/,,
09-insercion,p32-09,Empresas de inserción,ficha,Laborafit,empresa de inserción,"Reciclaje, sobre todo de textil y calzado: recogida, transporte y gestión de residuos.","C/ Arroyo de los Prados, 11, nave 15",28320,Pinto,,917260900,fundacionlabora@caritasmadrid.org,https://www.caritasmadrid.org/empresas-de-insercion-0,,
09-insercion,p32-04,Empresas de inserción,ficha,Lavandería Solidaria,empresa de inserción,"Lavandería industrial y limpieza de espacios para restauración, catering, hostelería y colectividades.","C/ de la Florida, 10",28300,Aranjuez,,691415098;686581245,info@lavanderiasolidaria.org,https://lavanderiasolidaria.org/,,
09-insercion,p32-06,Empresas de inserción,ficha,Otro Tiempo Otro Planeta,empresa de inserción,"Recogida de aceite usado, para hacer biodiésel, y de cápsulas de café. Emplea a mujeres víctimas de violencia de género o en exclusión.","C/ Confianza, 8, puerta 13",28906,Getafe,,910108673;678993726,otroplaneta@otrotiempo.org,https://otrotiempo-otroplaneta.org/,,
09-insercion,p31-02,Empresas de inserción,ficha,Puentes para la Inclusión,empresa de inserción,"Gestión de garajes y aparcamientos; lleva el Parking Basílica (C/ Basílica, 24).","C/ Castelar, 17",28028,Madrid,"Metro Ventas, a 200 m",913555550,empresainsercion@lamercedmigraciones.org,https://lamercedmigraciones.org/somos/respuesta-de-acogida-e-inclusion/empleo/puentes-para-la-inclusion/,,
09-insercion,p32-11,Empresas de inserción,ficha,Recumadrid,empresa de inserción,"Recogida a domicilio de muebles, ropa y aparatos, y venta en sus tiendas de segunda mano.","Avda. Espinela, 37, 28021 Madrid | C/ Albatros, 23, 28025 Madrid | C/ San Joaquín, 4, 28004 Madrid",28021,Madrid,"Cercanías Villaverde Alto, a 250 m",914252384,,https://www.recumadrid.es/,,
09-insercion,p32-05,Empresas de inserción,ficha,Sauco,empresa de inserción,"Jardinería (parques, poda, riego, viveros) y limpieza de edificios e industrial.","Avda. Iker Casillas, 81, puerta A",28935,Móstoles,,916132336;600416037,sauco@puntomega.es,https://puntomega.es/,,
09-insercion,nueva-serisol,Empresas de inserción,ficha,Serisol,empresa de inserción,"Limpieza, mantenimiento, conserjería y servicios auxiliares para empresas.","C/ Avefría, 1",28025,Madrid,"Metro Abrantes, a 400 m",664249546,,https://www.serisol.org/,,
09-insercion,p31-11,Empresas de inserción,ficha,Solidança,empresa de inserción,Recogida y gestión de ropa usada y de residuos eléctricos y electrónicos para su reutilización.,"Avda. Espinela, 37",28021,Madrid,"Cercanías Villaverde Alto, a 250 m",910468835,solidanmadrid@solidanca.cat,https://solidanca.cat/es/,,
09-insercion,nueva-somos-eslabones,Empresas de inserción,ficha,Somos Eslabones,empresa de inserción,Reparto sostenible de mensajería y paquetería y limpieza de edificios y locales.,"C/ Valle de Oro, 50, local posterior",28019,Madrid,"Metro Opañel, a 50 m",667340773,hola@somoseslabones.es,https://somoseslabones.es/,,
09-insercion,nueva-soulem,Empresas de inserción,ficha,Soulem,empresa de inserción,"Taller de pantallas de lámpara artesanas, decoración textil y moda corporativa. Forma y emplea a mujeres en exclusión social.","C/ López de Hoyos, 478, local bajo",28043,Madrid,"Metro Pinar del Rey, a 400 m",913821771,info@soulem.org,https://soulem.org/,,
09-insercion,nueva-textil-empleo,Empresas de inserción,ficha,Textil Empleo,empresa de inserción,Recogida de ropa y calzado usados en contenedores y venta en sus tiendas de segunda mano Moda re-.,"C/ Francisco Silvela, 32",28028,Madrid,"Metro Diego de León, a 200 m",915990755,fundacionlabora@caritasmadrid.org,https://www.caritasmadrid.org/ropa-reciclada-economia-circular-y-solidaria,,
09-insercion,nueva-trebede-social,Empresas de inserción,ficha,Trébede Social,empresa de inserción,Instalación de placas fotovoltaicas y huerta agroecológica con venta de verdura de temporada. Emplea a personas migrantes.,"C/ Lope de Vega, 45",28014,Madrid,"Metro Antón Martín, a 400 m",605344831,trebedesocial@sercade.org,https://www.trebedesocial.org/,,
09-insercion,p32-10,Empresas de inserción,ficha,Uzipen,empresa de inserción,"Limpieza y desinfección, mantenimiento de edificios, obra menor y atención al público en eventos.","C/ Ahijones, s/n",28018,Madrid,,914866878;656955845,uzipen.madrid@accederempresas.com,https://www.uzipen.es/,,
09-insercion,p31-08,Empresas de inserción,ficha,WIP Servicios,empresa de inserción,"Limpieza y desinfección de oficinas, locales, cocinas industriales, viviendas y comercios; mantenimiento básico.","C/ Ardemans, 42",28028,Madrid,"Metro Diego de León, a 350 m",919903011;637275112,hola@wipservicios.com,https://www.wipservicios.com/,https://www.wipservicios.com/trabaja-con-nosotros/,Formulario «Trabaja con nosotros» de su web.
09-insercion,nueva-afanias,Centros especiales de empleo,ficha,Afanias,centro especial de empleo,"Formación e inserción laboral de personas con discapacidad intelectual; centros de artes gráficas, manipulados, limpieza y jardinería.","C/ Müller, 25",28039,Madrid,"Metro Valdeacederas, a 350 m",914470116,secretaria@afanias.org,https://afanias.org/,https://afanias.org/que-hacemos/formacion-y-empleo,
09-insercion,nueva-apadis,Centros especiales de empleo,ficha,Apadis,centro especial de empleo,"Limpieza y lavandería, envasado, mensajería y reparto; bolsa de empleo para personas con discapacidad.","Avda. de Aragón, 14",28702,San Sebastián de los Reyes,"Metro Baunatal, a 500 m",916590646,empleo@apadis.es,https://www.apadis.es/,https://www.apadis.es/areas/area-de-empleo/,"Currículum por correo o por teléfono, de lunes a viernes de 9 a 18 h."
09-insercion,nueva-down-madrid-cee,Centros especiales de empleo,ficha,Down Madrid,centro especial de empleo,"Impresión y artes gráficas, gestión de espacios y eventos, limpieza y servicios auxiliares administrativos.","C/ Cueva de Montesinos, 45",28034,Madrid,"Metro Tres Olivos, a 300 m",913105364,,https://downmadrid.org/,,
09-insercion,nueva-envera,Centros especiales de empleo,ficha,Envera,centro especial de empleo,"Lavandería industrial, manipulados, gestión documental, almacén, jardinería, limpieza y conserjería.","C/ Bahía de Pollensa, 25",28042,Madrid,"Metro Alameda de Osuna, a 850 m",917479226,,https://grupoenvera.org/,https://grupoenvera.org/personas/servicio-de-insercion-laboral-y-empleo/ofertas-de-empleo/,"Ofertas de empleo en su web, con inscripción en cada una."
09-insercion,nueva-a-la-par,Centros especiales de empleo,ficha,Fundación A la Par,centro especial de empleo,"Bolsa de empleo FundaJobs, orientación y empleo con apoyo para personas con discapacidad intelectual o TEA.","C/ Monasterio de las Huelgas, 15",28049,Madrid,"Metro Paco de Lucía, a 300 m",917355790,informacion@alapar.ong,https://alapar.ong/,https://alapar.ong/fundajobs/,Formulario de FundaJobs. Piden el certificado de discapacidad en vigor.
09-insercion,nueva-fundacion-amas,Centros especiales de empleo,ficha,Fundación Amás,centro especial de empleo,"Limpieza de edificios, manipulados, alimentación y restauración y servicios a edificios.","Avda. de las Nieves, 3",28935,Móstoles,,916945306,,https://www.fundacion-amas.org/,,
09-insercion,nueva-aprocor-cee,Centros especiales de empleo,ficha,Fundación Aprocor,centro especial de empleo,"Lavandería y arreglo de ropa de trabajo, logística textil y aparcamientos.","C/ Belfast, 15",28022,Madrid,,911100956,,https://fundacionaprocor.org/cee/,https://fundacionaprocor.org/formacion-ocupacion-y-empleo/,
09-insercion,nueva-gil-gayarre,Centros especiales de empleo,ficha,Fundación Gil Gayarre,centro especial de empleo,Jardinería y servicios de alimentación y restauración.,"Ctra. de Majadahonda, km 2",28223,Pozuelo de Alarcón,,913520940,,https://www.gilgayarre.org/,https://www.gilgayarre.org/empleo,
09-insercion,nueva-dkv-integralia,Centros especiales de empleo,ficha,Fundación Integralia DKV,centro especial de empleo,Contact center y telemarketing; ofertas y bolsa de empleo para personas con discapacidad.,,,,,,,https://dkvintegralia.org/,https://dkvintegralia.org/ofertas-de-trabajo,Ofertas en su web y registro del currículum en su bolsa de empleo.
09-insercion,nueva-juan-xxiii,Centros especiales de empleo,ficha,Fundación Juan XXIII,centro especial de empleo,"Gestión documental, logística, fabricación y manipulados, jardinería y servicios a empresas.","Avda. Gran Vía del Este, 1",28032,Madrid,"Cercanías Vicálvaro, a 200 m",914137349,,https://www.fundacionjuanxxiii.org/,https://www.fundacionjuanxxiii.org/portal-de-empleo,Ofertas y envío de currículum en su portal de empleo.
09-insercion,nueva-prodis-cee,Centros especiales de empleo,ficha,Fundación Prodis,centro especial de empleo,"Servicios administrativos, diseño y artes gráficas, digitalización, manipulados y regalos de empresa.","Bulevar Indalecio Prieto, 2",28032,Madrid,"Metro Valdebernardo, a 600 m",913715351,fundacionprodis@fundacionprodis.org,https://fundacionprodis.org/,,
09-insercion,nueva-sifu-cee,Centros especiales de empleo,ficha,Grupo SIFU,centro especial de empleo,"Limpieza, conserjería, jardinería, control de accesos y servicios auxiliares.","C/ Luis I, 7",28031,Madrid,,900447447,,https://www.gruposifu.com/,https://www.gruposifu.com/empleo/ofertas-de-empleo,Ofertas en su web y envío de currículum en «Trabaja con nosotros».
09-insercion,nueva-ilunion,Centros especiales de empleo,ficha,Ilunion,centro especial de empleo,"Grupo de la ONCE con centros especiales de empleo de limpieza, lavandería industrial, contact center, servicios industriales y tecnología.","C/ Albacete, 3",28027,Madrid,"Metro Parque de las Avenidas, a 550 m",913278500,,https://www.ilunion.com/es,https://www.ilunion.com/es/unete-al-equipo,"Desde «Únete al equipo», en su web."
09-insercion,p39-01,Centros especiales de empleo,ficha,Integra CEE,centro especial de empleo,"Contratación de personas con discapacidad en limpieza, servicios auxiliares, mantenimiento y logística.","C/ Cabeza Mesada, 5, planta 4",28031,Madrid,"Metro Sierra de Guadalupe, a 750 m",913588033,info@integracee.es,https://integracee.es/,https://canaldeempleo.es/INTEGRACEE,Inscripción en las ofertas de su portal de empleo.
09-insercion,nueva-manantial-integra,Centros especiales de empleo,ficha,Manantial Integra,centro especial de empleo,"Catering, lavandería, limpieza, jardinería, manipulado de medicamentos y servicios administrativos. Personas con problemas de salud mental.","C/ Poeta Esteban de Villegas, 12",28014,Madrid,"Metro Menéndez Pelayo, a 400 m",913717212,manantialintegra@manantialintegra.org,https://manantialintegra.org/,,
09-insercion,nueva-specialisterne,Centros especiales de empleo,ficha,Specialisterne,centro especial de empleo,"Formación gratuita y empleo, sobre todo en tareas informáticas y administrativas, para personas con autismo o neurodivergentes.",,,,,,,https://specialisternespain.com/,,
09-insercion,nueva-accion-contra-el-hambre,Entidades sociales con programas de empleo,ficha,Acción contra el Hambre,,Programas de empleo y emprendimiento para personas en riesgo de exclusión sociolaboral.,,,,,900100822,,https://accioncontraelhambre.org/es,https://accioncontraelhambre.org/es/nuestras-soluciones/como-combatimos-el-hambre/accion-social,
09-insercion,nueva-barro,Entidades sociales con programas de empleo,ficha,Asociación Barró,asociación,"Itinerarios de inserción laboral para personas en riesgo de exclusión: diagnóstico, orientación, talleres de competencias e intermediación.","C/ Cleopatra, 23",28018,Madrid,"Cercanías El Pozo, a 750 m",917787432;648205720,,https://asociacionbarro.org.es/,https://asociacionbarro.org.es/programa-de-ayudas-para-la-integracion-laboral-de-personas-en-riesgo-o-situacion-de-exclusion-social-medirnate-itinerarios-de-insercion-en-colaboracion-con-entidades-sin-animo-de-lucro-2/,Contacto por teléfono en su sede de Puente de Vallecas.
09-insercion,nueva-candelita,Entidades sociales con programas de empleo,ficha,Asociación Candelita,,"Acompañamiento con plan individualizado, formación y competencias para personas con dificultades de acceso al mercado laboral.","C/ Sancho Dávila, 19, local",28028,Madrid,"Metro Ventas, a 450 m",915235845,candelita@candelita.org,https://candelita.org/,https://candelita.org/formacion-y-empleo/,
09-insercion,nueva-la-frontera,Entidades sociales con programas de empleo,ficha,Asociación La Frontera,,"Agencia de colocación abierta a cualquier persona: intermediación, orientación, formación e información profesional; proyectos de inserción laboral.","Plaza Tubilla, 7-8, posterior (entrada por C/ Aranzo), 28034 Madrid | C/ Eduardo Rivas, 12, 28019 Madrid",28034,Madrid,"Metro Fuencarral, a 850 m",910642219;646199243,info@asociacionlafrontera.org,https://www.asociacionlafrontera.org/,https://www.asociacionlafrontera.org/agenciacolocacion,"Por teléfono, WhatsApp (646 19 92 43) o correo; sede en Fuencarral-El Pardo y delegación en Carabanchel."
09-insercion,nueva-valdeperales,Entidades sociales con programas de empleo,ficha,Asociación Valdeperales,asociación,"Programa EmpleaHABILIDADES: orientación, cursos (sociosanitario, limpieza, atención al cliente), aula de informática e intermediación con empresas.","C/ Isla de Arosa, 8",28035,Madrid,"Metro Avenida de la Ilustración, a 250 m",917307791;659406478,info@valdeperales.org,https://valdeperales.com/,https://valdeperales.com/empleo/,Contacto por teléfono o correo; para jóvenes y adultos de Fuencarral-El Pardo y alrededores.
09-insercion,nueva-asperger,Entidades sociales con programas de empleo,ficha,Asperger Madrid,asociación,"Inserción sociolaboral para personas con síndrome de Asperger o TEA grado 1: talleres, formación y acompañamiento en la búsqueda de empleo.","C/ Bohonal, 15-17",28053,Madrid,"Cercanías Asamblea de Madrid-Entrevías, a 700 m",917862728;619877626,info@aspergermadrid.org,https://aspergermadrid.eu/,https://aspergermadrid.eu/servicios/,Contacto con la asociación; lunes a viernes de 9:00 a 19:00.
09-insercion,nueva-sopena,Entidades sociales con programas de empleo,ficha,Centro Sopeña Madrid,centro de formación,"Formación básica, certificados de profesionalidad y cursos de hostelería, imagen personal y electricidad, con prácticas y acompañamiento al empleo.","C/ Arroyo del Olivar, 10",28053,Madrid,"Metro Nueva Numancia, a 250 m",914775995,info@sopenamadrid.org,https://sopenamadrid.org/,https://sopenamadrid.org/oferta-formativa/capacitacion-para-el-empleo/,No publica vía de empleo: contacto por teléfono o correo.
09-insercion,nueva-creando-huellas,Entidades sociales con programas de empleo,ficha,Creando Huellas,asociación,"Programa de inserción sociolaboral para personas desempleadas en exclusión: itinerario personalizado, currículum, tutorías y alfabetización digital.","C/ Peña Ubiña, 3, local",28053,Madrid,"Metro Puente de Vallecas, a 300 m",911941004,hola@creandohuellas.org,https://creandohuellas.org/,https://creandohuellas.org/programa-de-insercion-socio-laboral/,No publica vía de empleo: contacto por teléfono o correo.
09-insercion,nueva-cruz-roja-empleo,Entidades sociales con programas de empleo,ficha,Cruz Roja,,Plan de Empleo: acompañamiento para encontrar trabajo a personas con más dificultades de acceso al mercado laboral.,"Avda. Reina Victoria, 26-28",28003,Madrid,"Metro Guzmán el Bueno, a 300 m",900221122,informa@cruzroja.es,https://www2.cruzroja.es/que-hacemos/empleo,https://www2.cruzroja.es/que-hacemos/empleo/si-buscas-empleo,Información por WhatsApp en el 639 135 362 o en el teléfono gratuito.
09-insercion,nueva-famylias,Entidades sociales con programas de empleo,ficha,FamyLias,cooperativa de iniciativa social,"Inserción sociolaboral de personas vulnerables: formación en moda ética (Modaconética), coworking textil y escuela de cooperativismo.","C/ Bulevar de la Naturaleza, 10-D, local 2",28031,Madrid,,691440475,contacta@famylias.org,https://www.famylias.org/es/,https://www.famylias.org/es/modaconetica-2026/,"Contacto por teléfono, correo o el formulario de su web."
09-insercion,nueva-26d,Entidades sociales con programas de empleo,ficha,Fundación 26 de Diciembre,fundación,"Inserción sociolaboral para personas mayores de 45 años LGTBIQ+: talleres de búsqueda de empleo, entrevistas, derechos laborales y formación.","C/ Fray Ceferino González, 4",28005,Madrid,"Metro La Latina, a 300 m",910028417,,https://fundacion26d.org/,https://fundacion26d.org/insercion-sociolaboral,Cita con el servicio de Primera Atención (trabajo social) por el formulario de su web; lunes a viernes de 9:00 a 20:00.
09-insercion,nueva-fundacion-adsis,Entidades sociales con programas de empleo,ficha,Fundación Adsis,,"Proyectos de formación y empleo para distintos colectivos y enseñanza de castellano a personas migrantes, en Villaverde Alto.","Paseo de Alberto Palacios, 13",28021,Madrid,"Cercanías Villaverde Alto, a 550 m",910747175,madrid@fundacionadsis.org,https://www.fundacionadsis.org/es,https://www.fundacionadsis.org/es/programas-de-empleo-y-formacion-de-fundacion-adsis-en-madrid,
09-insercion,nueva-alas-madrid,Entidades sociales con programas de empleo,ficha,Fundación Alas Madrid,fundación,"Itinerarios de inserción laboral, formación, prácticas y empleo con apoyo para adultos con discapacidad intelectual; su CEE es Trefemo.","C/ Encomienda de Palacios, 235",28030,Madrid,"Metro Pavones, a 300 m",917724300,alasmadrid@alasmadrid.org,https://alasmadrid.org/,https://alasmadrid.org/formacion-ocupacion-empleo/,No publica vía de empleo: contacto por teléfono o correo.
09-insercion,nueva-altius,Entidades sociales con programas de empleo,ficha,Fundación Altius,,"Itinerario personalizado de inserción para personas en desempleo: orientación, mejora de la empleabilidad y contacto con empresas.","Travesía de Gil Imón, 1",28005,Madrid,"Metro Puerta de Toledo, a 350 m",912224050,info@fundacionaltius.org,https://www.fundacionaltius.org/,https://www.fundacionaltius.org/areas/empleo/,"Con cita previa, por teléfono o por WhatsApp (680 434 873 y 689 019 150). De lunes a viernes, de 9:30 a 17:00."
09-insercion,nueva-cruz-blanca,Entidades sociales con programas de empleo,ficha,Fundación Cruz Blanca,fundación,"Itinerarios individualizados de inserción sociolaboral para personas en vulnerabilidad: formación prelaboral, intermediación y orientación.","C/ Juan de Mariana, 4, local",28045,Madrid,"Cercanías Delicias, a 500 m",911090700,,https://www.fundacioncruzblanca.org/,https://www.fundacioncruzblanca.org/area/empleo,Contacto con el centro de Madrid (Arganzuela) por teléfono.
09-insercion,nueva-esclerosis-multiple,Entidades sociales con programas de empleo,ficha,Fundación Esclerosis Múltiple Madrid (FEMM),fundación,"Empleo para personas con esclerosis múltiple o discapacidad física: asesoramiento laboral, itinerarios formativos y de búsqueda e intermediación.","Avda. de Asturias, 35, bajo, local 2",28029,Madrid,"Metro Ventilla, a 50 m",913993245,femm@femmadrid.org,https://femmadrid.org/,https://femmadrid.org/empleo-formacion/,"Contacto por teléfono, correo o el formulario de su web; blog de empleo en empleate.femmadrid.org."
09-insercion,nueva-fundacion-exit,Entidades sociales con programas de empleo,ficha,Fundación Exit,,Acompaña a jóvenes en su acceso al empleo; participa en el programa de intermediación Incorpora.,"Avda. de Asturias, 45, bajo",28029,Madrid,"Metro Ventilla, a 50 m",913551970,info@fundacionexit.org,https://fundacionexit.org/,https://fundacionexit.org/programas/empleo/,
09-insercion,nueva-fundacion-integra,Entidades sociales con programas de empleo,ficha,Fundación Integra,,Formación prelaboral y acceso al empleo para personas en exclusión social y personas con discapacidad.,"Paseo de la Castellana, 86, 2.ª planta",28046,Madrid,"Metro Nuevos Ministerios, a 450 m",915713155,,https://fundacionintegra.org/,https://fundacionintegra.org/ofertas-empleo-discapacidad/,
09-insercion,nueva-fundacion-randstad,Entidades sociales con programas de empleo,ficha,Fundación Randstad,,"Itinerarios personalizados de formación y búsqueda de empleo, y ofertas, para personas con discapacidad.","Vía de los Poblados, 9, edificio B, 5.ª planta",28033,Madrid,"Metro San Lorenzo, a 700 m",,fundacion.randstad@fundacionrandstad.es,https://www.randstad.es/fundacion-randstad/,https://www.randstad.es/fundacion-randstad/empleo-discapacidad/,
09-insercion,nueva-senara,Entidades sociales con programas de empleo,ficha,Fundación Senara,fundación,"Itinerarios de inserción sociolaboral, intermediación con empresas, bolsa de empleo de servicio doméstico y EmpleaMujer+ para personas vulnerables.","Avda. Doctor García Tapia, 163 A, 28030 Madrid | C/ Carabelos, 35, local B, 28041 Madrid",28030,Madrid,"Metro Valdebernardo, a 850 m",913016510,comunicacion@fundacionsenara.org,https://fundacionsenara.org/es/,https://fundacionsenara.org/es/que-hacemos/empleo/,Contacto por teléfono o correo; sedes en Moratalaz y Usera.
09-insercion,nueva-valse,Entidades sociales con programas de empleo,ficha,Fundación Valsé: programa Emprende,fundación,"Orientación e inserción sociolaboral para jóvenes en situación de vulnerabilidad: formación, acompañamiento y gestión de ofertas de empleo.",,,,,674445228,psemprende@salesianas.org,https://www.fundacionvalse.org/,https://www.fundacionvalse.org/proyecto-articulo/emprende-orientacion-e-insercion-sociolaboral-para-jovenes/,"Por teléfono, de lunes a viernes de 10:00 a 14:00; el programa atiende en el barrio del Pilar."
09-insercion,nueva-la-merced-migraciones,Entidades sociales con programas de empleo,ficha,La Merced Migraciones,,"Itinerarios individualizados, formación y prácticas en empresas para personas migrantes o en situación de vulnerabilidad.","C/ Castelar, 21",28028,Madrid,"Metro Ventas, a 200 m",913555550,lamerced@lamercedmigraciones.org,https://lamercedmigraciones.org/,https://lamercedmigraciones.org/somos/respuesta-de-acogida-e-inclusion/empleo/,
09-insercion,nueva-la-rueca,Entidades sociales con programas de empleo,ficha,La Rueca,,"Itinerarios personalizados de inserción, formación e intermediación con empresas para personas en desventaja social.","C/ Virgen de Lluc, 38",28027,Madrid,"Metro Quintana, a 400 m",914040733,larueca@larueca.org,https://larueca.org/,https://larueca.org/empleo-y-formacion/,Formulario de su página de empleo y formación: dejas tus datos y te llaman.
09-insercion,nueva-lanzaderas-conecta-empleo,Entidades sociales con programas de empleo,ficha,Lanzaderas Conecta Empleo,,"Programa gratuito de orientación laboral, de cinco meses, y talleres digitales para personas en desempleo de 18 a 60 años.","C/ San Marcos, 39, bajo",28004,Madrid,"Metro Chueca, a 200 m",915211330,areaempleo@santamarialareal.org,https://www.lanzaderasconectaempleo.es/,,Inscripción en su web.
09-insercion,nueva-mpdl,Entidades sociales con programas de empleo,ficha,Movimiento por la Paz (MPDL),,"Asesoría laboral y bolsa de empleo: itinerarios personalizados con orientación, intermediación y seguimiento para personas desempleadas.","C/ Martos, 15",28053,Madrid,"Cercanías Villaverde Bajo, a 250 m",917866498;914297644,mpdl@mpdl.org,https://www.mpdl.org/,https://www.mpdl.org/nuestro-trabajo/espana/sociolaboral/asesoria-laboral-bolsa-empleo,"Inscripción en el Servicio de Empleo por teléfono (91 786 64 98), de lunes a viernes de 9:00 a 13:00."
09-insercion,nueva-norte-joven,Entidades sociales con programas de empleo,ficha,Norte Joven,,Formación profesional y acompañamiento hasta el empleo para jóvenes en situación de vulnerabilidad social.,"C/ Ribadavia, 20, 28029 Madrid | C/ Peña Veiga, s/n, 28031 Madrid | C/ Fayón, 1, 28100 Alcobendas",28029,Madrid,"Metro Barrio del Pilar, a 500 m",913721506,nortejoven@nortejoven.org,https://nortejoven.org/,https://nortejoven.org/que-hacemos/empleo/,
09-insercion,nueva-pinardi,Entidades sociales con programas de empleo,ficha,Pinardi,,"Itinerarios integrales de empleo para jóvenes y adultos desempleados y sin cualificación: acogida, orientación, formación y mediación.",,,,,,,https://www.pinardi.com/,https://www.pinardi.com/area-de-empleo/,
09-insercion,nueva-plena-inclusion-madrid,Entidades sociales con programas de empleo,ficha,Plena Inclusión Madrid,,Federación de entidades de discapacidad intelectual; publica las ofertas de empleo de sus entidades y centros especiales de empleo.,"Avda. Ciudad de Barcelona, 108, escalera 2, bajo D",28007,Madrid,"Metro Menéndez Pelayo, a 200 m",915018335,info@plenamadrid.org,https://plenainclusionmadrid.org/,https://plenainclusionmadrid.org/ofertas-empleo/,Cada oferta dice cómo inscribirse.
09-insercion,nueva-provivienda,Entidades sociales con programas de empleo,ficha,Provivienda,agencia de colocación,Agencia de colocación gratuita e itinerarios de inserción laboral para personas en situación de vulnerabilidad; también atiende a empresas.,"Avda. de Córdoba, 21, planta 4.ª, local 2",28026,Madrid,"Metro Almendrales, a 50 m",915570130;673769170,agenciacolocacion@provivienda.org,https://provivienda.org/,https://provivienda.org/agenciacolocacion/,"Inscripción en el formulario de su web; atención presencial con cita previa, de lunes a viernes de 9:00 a 14:00."
09-insercion,nueva-red-arana,Entidades sociales con programas de empleo,ficha,Red Araña,asociación,"Información y orientación laboral, formación y asesoría para el autoempleo a personas desempleadas, sobre todo de colectivos en riesgo de exclusión.","Puerta del Sol, 5, 4.ª planta",28013,Madrid,"Cercanías Sol, a 50 m",915255099,info@empleoenred.org,https://empleoenred.org/,https://empleoenred.org/servicios-y-programas/empleo/,"Contacto por teléfono, correo o el formulario de su web."
09-insercion,nueva-ymca,Entidades sociales con programas de empleo,ficha,YMCA,,Programas de empleo: orientación e intermediación laboral.,,,,,,,https://www.ymca.es/,https://www.ymca.es/programas/programas-de-empleo/,
24-portales,p73-03-01,Generalistas,renglon,Acción Trabajo,,Red profesional y bolsa de trabajo con ofertas de empleo en España y otros países de habla hispana.,,,,,,,https://acciontrabajo.com/,https://esp.acciontrabajo.com/,Inscripción en las ofertas de su portal de empleo.
24-portales,nueva-adzuna,Generalistas,renglon,Adzuna,,Buscador que reúne vacantes de miles de páginas de trabajo de toda España.,,,,,,,https://www.adzuna.es/,https://www.adzuna.es/,Cada oferta lleva al portal donde se presenta.
24-portales,nueva-domestiko,Generalistas,renglon,Doméstiko,,"Tablón de ofertas de empleo y trabajos puntuales en toda España, para todo tipo de perfiles.",,,,,,,https://www.domestiko.com/,https://www.domestiko.com/empleo/,Inscripción en las ofertas de su portal de empleo.
24-portales,nueva-empleate-sepe,Generalistas,renglon,Empléate (SEPE),,Portal público y gratuito del SEPE: reúne ofertas propias y de los portales colaboradores.,,,,,,,https://www.sepe.es/HomeSepe/encontrar-trabajo/ofertas-empleo.html,https://empleate.gob.es/empleo/,Inscripción en las ofertas de su portal de empleo.
24-portales,nueva-glassdoor,Generalistas,renglon,Glassdoor,,Buscador de empleos con sueldos y opiniones de quienes trabajan en cada empresa.,,,,,,,https://www.glassdoor.es/Empleo/index.htm,"https://www.glassdoor.es/Empleo/madrid-empleos-SRCH_IL.0,6_IC2664239.htm",Inscripción en las ofertas de su portal de empleo.
24-portales,p73-04-05,Generalistas,renglon,Indeed,,Buscador de ofertas de trabajo de toda España; permite subir el currículum y filtrar por puesto y localidad.,,,,,,,https://es.indeed.com/,https://es.indeed.com/,Inscripción en las ofertas de su portal de empleo.
24-portales,p73-04-06,Generalistas,renglon,Infoempleo,,"Ofertas de trabajo, primer empleo y prácticas, y empleo internacional.",,,,,,,https://www.infoempleo.com/,https://www.infoempleo.com/trabajo/en_madrid/,Inscripción en las ofertas de su portal de empleo.
24-portales,p73-04-07,Generalistas,renglon,InfoJobs,,Bolsa de trabajo con ofertas de empleo de toda España; también reúne convocatorias de empleo público.,,,,,,,https://www.infojobs.net/,https://www.infojobs.net/ofertas-trabajo/madrid,Inscripción en las ofertas de su portal de empleo.
24-portales,p73-05-01,Generalistas,renglon,Insertia,,"Portal de empleo en España con ofertas propias y de otros portales, por provincia, sector o experiencia.",,,,,,,https://www.insertia.net/,https://www.insertia.net/,Inscripción en las ofertas de su portal de empleo.
24-portales,nueva-jobtoday,Generalistas,renglon,Job Today,,"Vacantes en España, sobre todo de hostelería, comercio y servicios; se contacta con la empresa desde la aplicación.",,,,,,,https://jobtoday.com/es,https://jobtoday.com/es/trabajos/madrid,Inscripción en las ofertas de su portal de empleo.
24-portales,nueva-jobrapido,Generalistas,renglon,Jobrapido,,Buscador que reúne en un solo portal las ofertas de empleo nuevas de otras webs.,,,,,,,https://es.jobrapido.com/,https://es.jobrapido.com/,Cada oferta lleva al portal donde se presenta.
24-portales,nueva-jooble,Generalistas,renglon,Jooble,,Buscador que reúne ofertas de empleo de toda España publicadas en otros portales.,,,,,,,https://es.jooble.org/,https://es.jooble.org/trabajo/Madrid,Cada oferta lleva al portal donde se presenta.
24-portales,nueva-linkedin-empleos,Generalistas,renglon,LinkedIn Empleos,,Red profesional con buscador de empleos y prácticas en España; avisa de ofertas y deja ver quién trabaja en la empresa.,,,,,,,https://es.linkedin.com/,https://es.linkedin.com/jobs,Inscripción en las ofertas de su portal de empleo.
24-portales,nueva-milanuncios-empleo,Generalistas,renglon,Milanuncios: ofertas de empleo,,Anuncios de ofertas de empleo publicados por empresas y particulares.,,,,,,,https://www.milanuncios.com/,https://www.milanuncios.com/ofertas-de-empleo/,Se contacta con quien publica el anuncio.
24-portales,p73-07-01,Generalistas,renglon,Opcionempleo,,Buscador de empleos en España: reúne ofertas de otras páginas web.,,,,,,,https://www.opcionempleo.com/,https://www.opcionempleo.com/,Búsqueda libre; permite subir el currículum.
24-portales,nueva-primerempleo,Generalistas,renglon,Primerempleo,,"Ofertas de primer empleo, prácticas y becas para estudiantes y titulados sin experiencia.",,,,,,,https://www.primerempleo.com/,https://www.primerempleo.com/ofertas/empleo,Inscripción en las ofertas de su portal de empleo.
24-portales,nueva-studentjob,Generalistas,renglon,StudentJob,,"Portal de empleo para jóvenes: trabajos para estudiantes, de verano y prácticas.",,,,,,,https://www.studentjob.es/,https://www.studentjob.es/trabajo-estudiantes,Inscripción en las ofertas de su portal de empleo.
24-portales,nueva-talent-com,Generalistas,renglon,Talent.com,,"Buscador de ofertas de trabajo, con información de salarios y de empresas.",,,,,,,https://es.talent.com/,https://es.talent.com/jobs?l=Madrid,Inscripción en las ofertas de su portal de empleo.
24-portales,p73-07-02,Generalistas,renglon,Trabajo.org,,"Buscador de ofertas de empleo en España, actualizadas a diario.",,,,,,,https://es.trabajo.org/,https://es.trabajo.org/empleo-en-madrid,Inscripción en las ofertas de su portal de empleo.
24-portales,p73-08-01,Generalistas,renglon,Trabajos.com,,"Ofertas de trabajo por ciudad, provincia o profesión.",,,,,,,https://www.trabajos.com/,https://www.trabajos.com/ofertas-empleo/,Inscripción en las ofertas de su portal de empleo.
24-portales,p73-19-01,Hostelería y turismo,renglon,Asociación Española de Directores de Hotel (AEDH),,Bolsa de empleo con puestos de dirección y mandos de hotel de toda España.,,,,,,,https://www.aedh.es/,https://www.aedh.es/category/bolsa-de-empleo/,Cada oferta indica cómo presentarse.
24-portales,nueva-gastroempleo-portal,Hostelería y turismo,renglon,Gastroempleo,,Portal de ofertas de empleo de gastronomía.,,,,,,,https://www.gastroempleo.com/,https://www.gastroempleo.com/ofertas/,Alta como candidato e inscripción en las ofertas.
24-portales,nueva-hosco-portal,Hostelería y turismo,renglon,Hosco,,"Red de búsqueda de empleo en hostelería y turismo: cocina, catering, recepción, limpieza, pastelería.",,,,,,,https://www.hosco.com/es,https://www.hosco.com/es/trabajos,Registro en la red e inscripción en las ofertas.
24-portales,nueva-hosteleo-portal,Hostelería y turismo,renglon,Hosteleo,,"Portal de ofertas de trabajo en hostelería y turismo, con búsqueda por puesto y provincia. Es de la consultora Linkers.",,,,,,,https://hosteleo.com/es,https://hosteleo.com/es,Alta como candidato e inscripción en las ofertas.
24-portales,p73-15-04,Hostelería y turismo,renglon,Hostelería de España: portal de empleo,,"Ofertas de empleo y prácticas en hostelería, restauración y turismo (cocina, sala, hotel).",,,,,,,https://hosteleriadeespana.es/,https://empleo.campushosteleria.es/portal/ofertas-trabajo,Inscripción en las ofertas de su portal de empleo.
24-portales,nueva-linkers-portal,Hostelería y turismo,renglon,Linkers,consultora de selección,Consultora de selección de personal para hostelería; propietaria del portal Hosteleo.,,,,,911048484,,https://linkers.es/,https://hosteleo.com/alta-candidato,"Los candidatos se dan de alta en Hosteleo, su portal de empleo."
24-portales,nueva-turijobs-portal,Hostelería y turismo,renglon,Turijobs,,Portal de empleo de turismo y hostelería.,,,,,,,https://www.turijobs.com/es-es,https://www.turijobs.com/es-es/ofertas-trabajo/madrid,Registro del currículum e inscripción en las ofertas.
24-portales,p73-10-03,Sanidad y cuidados,renglon,Colegio Oficial de Enfermería de Madrid (CODEM),,"Tablón de ofertas de empleo para enfermeras y enfermeros, de consulta abierta.",,,,,,,https://www.codem.es/inicio,https://www.codem.es/tablon-de-anuncios-empleo,Cada oferta indica cómo presentarse.
24-portales,p73-12-01,Sanidad y cuidados,renglon,Colegio Oficial de Médicos de Madrid (ICOMEM),,"Área de empleo con ofertas para médicos; solo para colegiados, con acceso a la zona privada.",,,,,,,https://www.icomem.es/,https://www.icomem.es/seccion/Empleo,Acceso con clave de colegiado.
24-portales,p73-10-05,Sanidad y cuidados,renglon,eFisioterapia,,Ofertas de empleo para fisioterapeutas.,,,,,,,https://www.efisioterapia.net/,https://www.efisioterapia.net/empleo,Inscripción en las ofertas de su portal de empleo.
24-portales,p73-11-01,Sanidad y cuidados,renglon,Enfermería21,,Ofertas de empleo de enfermería.,,,,,,,https://www.enfermeria21.com/,https://www.enfermeria21.com/ofertas-de-empleo-de-enfermeria/,Inscripción en las ofertas de su portal de empleo.
24-portales,p73-35-05,Sanidad y cuidados,renglon,Espacio Logopédico,,Bolsa de trabajo con ofertas para logopedas.,,,,,,,https://www.espaciologopedico.com/,https://www.espaciologopedico.com/bolsatrabajo/,Inscripción en las ofertas de su portal de empleo.
24-portales,p74-07-04,Sanidad y cuidados,renglon,Inforesidencias: bolsa de trabajo,,"Ofertas de trabajo en geriatría de toda España: gerocultores, enfermería, cocina, limpieza y otros puestos de residencias.",,,,,,,https://www.inforesidencias.com/,https://trabajo.inforesidencias.com/bolsa/ofertas-de-trabajo,Inscripción en las ofertas de su portal de empleo.
24-portales,p73-34-01,Educación,renglon,Colejobs,,Ofertas de empleo docente en colegios privados y concertados.,,,,,,,https://www.colejobs.es/,https://www.colejobs.es/ofertas-de-empleo/,Inscripción en las ofertas de su portal de empleo.
24-portales,nueva-jobfluent,Tecnología,renglon,JobFluent,,Empleos en startups y empresas tecnológicas de Madrid.,,,,,,,https://www.jobfluent.com/es,https://www.jobfluent.com/es/empleos-madrid,Inscripción en las ofertas de su portal de empleo.
24-portales,nueva-manfred,Tecnología,renglon,Manfred,,"Ofertas para desarrolladores y perfiles de tecnología, en remoto o híbrido y con el salario publicado.",,,,,,,https://www.getmanfred.com/,https://www.getmanfred.com/ofertas-empleo,Inscripción en las ofertas de su portal de empleo.
24-portales,p74-16-06,Tecnología,renglon,Tecnoempleo,,"Ofertas de empleo en informática y telecomunicaciones, con buscador por provincia.",,,,,,,https://www.tecnoempleo.com/,https://www.tecnoempleo.com/ofertas-trabajo/,Inscripción en las ofertas de su portal de empleo.
24-portales,p74-16-08,Tecnología,renglon,ticjob,,"Ofertas de trabajo de informática, telecomunicaciones y nuevas tecnologías en España.",,,,,,,https://ticjob.es/,https://ticjob.es/esp/busqueda,Inscripción en las ofertas de su portal de empleo.
24-portales,p73-38-01,"Construcción, arquitectura e ingeniería",renglon,Colegio de Aparejadores de Madrid: portal de empleo,,Ofertas de empleo para profesionales de la arquitectura técnica y la edificación.,,,,,,,http://www.aparejadoresmadrid.es/,https://empleo.aparejadoresmadrid.es/,Inscripción en las ofertas de su portal de empleo.
24-portales,p73-38-02,"Construcción, arquitectura e ingeniería",renglon,Colegio Oficial de Arquitectos de Madrid (COAM),,Ofertas de empleo y becas en empresas y estudios relacionados con la arquitectura.,,,,,,,https://www.coam.org/,https://www.coam.org/servicios/servicios/empleo/empleo-y-becas-nacional/,Cada oferta indica cómo presentarse.
24-portales,p73-39-03,"Construcción, arquitectura e ingeniería",renglon,Construyendoempleo,,"Portal de empleo del sector de la construcción, de la Fundación Laboral de la Construcción.",,,,,,,https://www.construyendoempleo.com/,https://www.construyendoempleo.com/,Inscripción en las ofertas de su portal de empleo.
24-portales,p73-31-01,Ámbito social y ONG,renglon,Colegio Oficial de Trabajo Social de Madrid,,Programa de empleo con ofertas públicas y privadas de trabajador social o puestos afines; solo con cuenta del Colegio.,,,,,,,https://www.comtrabajosocial.com/,https://www.comtrabajosocial.com/profesionales-y-futuras-profesionales/servicios-a-la-colegiatura/programa-de-empleo/,Acceso con cuenta en «Mi Colegio».
24-portales,p73-33-01,Ámbito social y ONG,renglon,Eduso,,"Convocatorias de empleo público y privado para educadoras y educadores sociales, por comunidad autónoma.",,,,,,,https://www.eduso.net/,https://www.eduso.net/empleo/,Cada convocatoria enlaza a la web donde se presenta.
24-portales,p73-33-02,Ámbito social y ONG,renglon,Hacesfalta,,"Ofertas de trabajo remunerado en ONG y voluntariado, presencial y en línea.",,,,,,,https://www.hacesfalta.org/,https://www.hacesfalta.org/oportunidades/remuneradas/,Inscripción en las ofertas de su portal de empleo.
24-portales,p74-15-09,Discapacidad,renglon,disJob,,"Portal de empleo para personas con discapacidad, con ofertas por sector y provincia.",,,,,,,https://www.disjob.com/,https://www.disjob.com/ofertas.php,Inscripción en las ofertas de su portal de empleo.
24-portales,p73-33-03,Discapacidad,renglon,Mercadis,,"Portal de empleo para personas con discapacidad, con buscador de ofertas por provincia.",,,,,,,https://www.mercadis.com/,https://www.mercadis.com/buscar-empleo,Inscripción en las ofertas de su portal de empleo.
24-portales,p74-15-08,Discapacidad,renglon,Por Talento,,"Portal de empleo para personas con discapacidad de Fundación ONCE, con buscador de ofertas por provincia.",,,,,,,https://www.portalento.es/,https://www.portalento.es/Candidatos/Ofertas/Default.aspx,Inscripción en las ofertas de su portal de empleo.
24-portales,nueva-fashionjobs,"Comercio, administración y banca",renglon,FashionJobs,,"Ofertas de empleo para profesionales de la moda, el lujo y la belleza: tienda, oficina y producción.",,,,,,,https://es.fashionjobs.com/,https://es.fashionjobs.com/,Inscripción en las ofertas de su portal de empleo.
24-portales,p74-03-04,"Comercio, administración y banca",renglon,FashionUnited,,"Bolsa de trabajo en moda: puestos en tiendas, ventas y marketing, diseño, producción y prácticas.",,,,,,,https://fashionunited.es/,https://fashionunited.es/ofertas-trabajo-moda,Inscripción en las ofertas de su portal de empleo.
24-portales,p73-24-06,Artes escénicas y audiovisual,renglon,Clandestino Castings,,"Castings de cine, series, publicidad, teatro y musicales para actores, figurantes, modelos y cantantes.",,,,,,,https://clandestinocastings.com/,https://clandestinocastings.com/castings,Cada casting indica cómo presentarse.
24-portales,p73-24-04,Artes escénicas y audiovisual,renglon,Soloactores,,"Castings para actores y actrices de cine, televisión, teatro y publicidad.",,,,,,,https://www.soloactores.com/,https://www.soloactores.com/listings/castings/,Cada casting indica cómo presentarse.
24-portales,p73-28-01,Otros sectores,renglon,Colegio de la Abogacía de Madrid (ICAM),,Portal de empleo donde despachos y empresas publican ofertas para abogados; solo para colegiados.,,,,,,,https://web.icam.es/,https://web.icam.es/servicios/area-de-desarrollo-profesional-empleo/,Inscripción en el Portal de Empleo del Colegio.
24-portales,p73-38-03,Otros sectores,renglon,Domestika Empleos,,"Empleos para profesionales de la creatividad: diseño, ilustración, vídeo y marketing.",,,,,,,https://www.domestika.org/es,https://www.domestika.org/es/jobs,Inscripción en las ofertas de su portal de empleo.
24-portales,p73-19-02,Otros sectores,renglon,Eventoplus Jobs,,"Ofertas de empleo en empresas de organización de eventos: comercial, producción y creatividad.",,,,,,,https://www.eventoplus.com/,https://www.eventoplus.com/jobs/,Inscripción en las ofertas de su portal de empleo.
24-portales,p73-28-02,Otros sectores,renglon,Notarios y Registradores,,"Ofertas de empleo en notarías y registros: oficiales, copistas y auxiliares.",,,,,,,https://www.notariosyregistradores.com/web/,https://www.notariosyregistradores.com/web/ofertas-de-empleo/,Cada oferta indica cómo presentarse.
10-comercio,p63-06,Supermercados e hipermercados,renglon,Ahorramas,,"Cadena de origen madrileño con más de 290 tiendas en la Comunidad de Madrid, Castilla-La Mancha y Castilla y León.",,,,,,,https://www.ahorramas.com/,https://empleo.ahorramas.com/,Inscripción en las ofertas de su portal de empleo.
10-comercio,p63-01,Supermercados e hipermercados,renglon,Alcampo,,"Profesiones de tienda y de oficinas y plataformas, y prácticas para estudiantes.",,,,,,,https://alcampocorporativo.es/,https://alcampocorporativo.es/trabaja-con-nosotros/,"Formulario «Envía tu CV» de su página de empleo, eligiendo provincia."
10-comercio,nueva-aldi,Supermercados e hipermercados,renglon,Aldi,,"Colaborador de tienda (cajero y reponedor), responsable de tienda, personal de logística y servicios corporativos.",,,,,,,https://www.aldi.es/empleo.html,https://www.aldi.es/empleo/ofertas.html,Inscripción en las ofertas de su portal de empleo.
10-comercio,nueva-bm-supermercados,Supermercados e hipermercados,renglon,BM Supermercados,,"Puestos en supermercado (carnicería, charcutería, frutería, pescadería), oficina y plataformas logísticas.",,,,,,,https://www.bmsupermercados.es/,https://talento.bmsupermercados.es/,Inscripción en las ofertas de su portal de empleo.
10-comercio,p63-02,Supermercados e hipermercados,renglon,Carrefour,,"Hipermercados, Carrefour Market y Express: puestos de tienda, mandos de tienda, servicios centrales y programas de prácticas.",,,,,,,https://www.carrefour.es/,https://www.carrefour.es/trabaja-en-carrefour/mas-info/,Inscripción en las ofertas de su portal de empleo.
10-comercio,nueva-costco,Supermercados e hipermercados,renglon,Costco,,"Almacenes de venta para socios, con centros en Las Rozas y Getafe; la mayoría de la plantilla empieza en el almacén.",,,,,,,https://www.costco.es/,https://www.costco.es/empleo,Alta como candidato en su portal (enlace «Inscribirse ahora» de la página de empleo).
10-comercio,p63-05,Supermercados e hipermercados,renglon,Dia,,"Tiendas propias, almacén y oficinas; las candidaturas de almacén y de la Comunidad de Madrid van por las delegaciones de Madrid y Getafe.",,,,,,,https://diacorporate.com/personas-equipo-dia/,https://empleo.dia.es/,Inscripción en las ofertas de su portal de empleo.
10-comercio,p63-10,Supermercados e hipermercados,ficha,E.Leclerc,,"Hipermercados en Aranjuez, Majadahonda y Valdemoro; cada uno tiene su propia bolsa de empleo en la web.","Avenida San Pablo, 26, 3.ª planta",28823,Coslada,"Cercanías San Fernando, a 700 m",914841770,,https://e-leclerc.es/,https://e-leclerc.es/aranjuez/bolsa-de-empleo/,«Deja tu currículum» en la bolsa de empleo del hipermercado que elijas (menú «Elige tu tienda»).
10-comercio,p63-04,Supermercados e hipermercados,renglon,Eroski,,Cajero o reponedor y otros puestos de tienda y de sede; su buscador de tiendas cuenta 28 en Madrid.,,,,,,,https://www.eroski.es/,https://corporativo.eroski.es/empleo-trabaja-en-eroski/,"Inscripción en cada oferta o «Enviar currículum», en su portal de empleo."
10-comercio,nueva-family-cash,Supermercados e hipermercados,renglon,Family Cash,,"Hipermercados con tiendas en Alcalá de Henares y Leganés, entre otras.",,,,,,,https://www.familycash.es/,https://career2.successfactors.eu/career?company=familycash&career_ns=job_listing_summary,Inscripción en las ofertas de su portal de empleo.
10-comercio,nueva-froiz,Supermercados e hipermercados,renglon,Froiz,,"Supermercados: auxiliar de caja, carnicería y charcutería, chófer; el portal filtra las ofertas por provincia.",,,,,,,https://froiz.es/,https://froiz.epreselec.com/Ofertas/Ofertas.aspx,Inscripción en las ofertas de su portal de empleo.
10-comercio,nueva-hiperusera,Supermercados e hipermercados,renglon,Hiper Usera,,"Supermercados con tiendas en Madrid y en municipios como Alcobendas, Getafe o El Álamo.",,,,,,,https://www.hiperusera.es/,https://www.hiperusera.es/trabaja-con-nosotros,"Formulario de su web: eliges puesto, jornada y dónde te interesa trabajar."
10-comercio,p63-14,Supermercados e hipermercados,renglon,La Sirena,,"Tiendas de congelados, con puntos de venta en Madrid; el portal separa tiendas, logística (almacén, chófer) y oficinas.",,,,,,,https://www.lasirena.es/,https://trabaja-con-nosotros.lasirena.es/,Inscripción en las ofertas de su portal de empleo.
10-comercio,p63-03,Supermercados e hipermercados,renglon,Lidl,,Cajero o reponedor y mandos de tienda; las plataformas logísticas (personal de almacén) y las oficinas tienen apartado propio.,,,,,,,https://empleo.lidl.es/,https://empleo.lidl.es/buscar-empleo,Inscripción en las ofertas de su portal de empleo.
10-comercio,p63-12,Supermercados e hipermercados,renglon,Makro,,"Mayorista para hostelería: puestos de tienda, operaciones, fuerza de ventas y oficinas.",,,,,,,https://talento.makro.es/,https://talento.makro.es/jobs,Inscripción en las ofertas de su portal de empleo.
10-comercio,p63-08,Supermercados e hipermercados,renglon,Mercadona,,"Personal de supermercado, bloques logísticos, Mercadona Online, informática y oficinas; el portal separa cada área.",,,,,,,https://info.mercadona.es/es/conocenos/empleo,https://mercadona.avature.net/es_ES/Careers,Crea tu perfil en su portal de empleo e inscríbete en la oferta.
10-comercio,nueva-primaprix,Supermercados e hipermercados,renglon,PrimaPrix,,"Tiendas de alimentación y droguería de marca a precio bajo, con tiendas en Madrid, Alcorcón y Leganés.",,,,,,,https://primaprix.eu/es/,https://primaprix.eu/es/trabaja-en-primaprix/,Desde la página «Trabaja en PrimaPrix» de su web.
10-comercio,nueva-veritas,Supermercados e hipermercados,renglon,Veritas,,"Supermercados de alimentación ecológica, con tiendas en Madrid, Alcorcón y Las Rozas.",,,,,,,https://www.veritas.es/,https://www.veritas.es/conocenos/trabaja-con-nosotros,Desde la página «Trabaja con nosotros» de su web.
10-comercio,p60-05,Grandes almacenes y moda,renglon,Abercrombie & Fitch y Hollister,,Puestos de tienda de Hollister y Abercrombie; hoy con una oferta en la tienda de Xanadú.,,,,,,,https://corporate.abercrombie.com/careers/,https://abercrombie.wd108.myworkdayjobs.com/en-US/anf,"Inscripción en su portal de empleo, que está en inglés, buscando por «Madrid»."
10-comercio,p59-07,Grandes almacenes y moda,renglon,C&A,,Ofertas de tienda y de oficina; sus servicios centrales en España están en Alcobendas.,,,,,,,https://www.c-and-a.com/es/es/corporate/company/empleo,https://www.c-and-a.com/es/es/corporate/company/jobs,"Inscripción en la oferta, en su web corporativa; el buscador mezcla países y hay que filtrar por sede."
10-comercio,nueva-deichmann,Grandes almacenes y moda,renglon,Deichmann,,Zapaterías: dependiente y encargado de tienda; hoy con ofertas en Madrid.,,,,,,,https://www.deichmann.com/es-es/,https://deichmann-es.teamtailor.com/jobs,Inscripción en las ofertas de su portal de empleo.
10-comercio,p60-02,Grandes almacenes y moda,renglon,Desigual,,"Ofertas de tienda, oficina y logística, y opción «Déjanos tu CV»; tiendas en Preciados, Fuencarral y Getafe.",,,,,,,https://www.desigual.com/es_ES/,https://jobs.desigual.com/?locale=es_ES,Inscripción en las ofertas de su portal de empleo.
10-comercio,p58-04,Grandes almacenes y moda,renglon,El Corte Inglés,,"Portal único de empleo del grupo: grandes almacenes y supermercados (Hipercor, Supercor, Sánchez Romero).",,,,,,,https://empleo.elcorteingles.es/ep/,https://empleo.elcorteingles.es/ep/,Inscripción en las ofertas de su portal de empleo.
10-comercio,p58-09,Grandes almacenes y moda,renglon,H&M,,"Portal de empleo de H&M; el grupo tiene además portales propios para COS, Weekday, Monki y & Other Stories.",,,,,,,https://hmgroup.com/career/,https://career.hm.com/es-es/,Inscripción en las ofertas de su portal de empleo.
10-comercio,p58-07,Grandes almacenes y moda,renglon,Inditex,,"Zara, Pull&Bear, Massimo Dutti, Bershka, Stradivarius, Oysho y Zara Home: dependiente, operaciones de tienda, logística y oficina.",,,,,,,https://www.inditex.com/itxcomweb/es/es/home,https://www.inditexpeople.com/,Inscripción en las ofertas de su portal de empleo.
10-comercio,p61-04,Grandes almacenes y moda,renglon,Inside,,"Tiendas de moda joven, con varias en Madrid (avenida de la Albufera, Madrid Sur).",,,,,,,https://inside-shops.com/es/,https://inside-shops.com/es/trabaja-con-nosotros,Desde la página «Trabaja con nosotros» de su web.
10-comercio,p60-07,Grandes almacenes y moda,renglon,Kiabi,,Cadena de moda para toda la familia.,,,,,,,https://www.kiabi.es/,https://careers.smartrecruiters.com/KIABI/espana,Inscripción en las ofertas de su portal de empleo.
10-comercio,p60-01,Grandes almacenes y moda,renglon,Levi's,,"Puestos de tienda, oficina y centros de distribución; hoy con ofertas de personal de tienda en Las Rozas.",,,,,,,https://www.levistrauss.com/work-with-us/,https://levistraussandco.wd5.myworkdayjobs.com/es/External,"Inscripción en su portal de empleo, buscando por «Madrid»."
10-comercio,p58-01,Grandes almacenes y moda,renglon,Mango,,"Portal de empleo de Mango, con las ofertas del grupo.",,,,,,,https://jobs.mango.com/es,https://jobs.mango.com/es,Inscripción en las ofertas de su portal de empleo.
10-comercio,nueva-merkal,Grandes almacenes y moda,renglon,Merkal,,"Zapaterías: hoy con ofertas en Bravo Murillo, Moratalaz y La Gavia.",,,,,,,https://merkal.com/,https://jobs.merkal.com/jobs,Inscripción en las ofertas de su portal de empleo.
10-comercio,p63-15,Grandes almacenes y moda,renglon,Pepco,,"Ropa y hogar a precio bajo: cajeros y personal de tienda; el portal filtra por zona, Madrid entre ellas.",,,,,,,https://pepco.es/,https://pepco-spain.talentlyft.com/,Inscripción en las ofertas de su portal de empleo.
10-comercio,p58-06,Grandes almacenes y moda,renglon,Primark,,"Dependiente (retail assistant) y mandos de tienda; tiendas en Gran Vía, La Gavia, Plenilunio, Majadahonda o La Vaguada.",,,,,,,https://careers.primark.com/es,https://careers.primark.com/es/instore-colleagues-jobs,Inscripción en las ofertas de su portal de empleo.
10-comercio,p58-02,Grandes almacenes y moda,renglon,Tendam,,"Women'secret, Springfield, Cortefiel, Pedro del Hierro, Hoss Intropia y otras marcas del grupo; se elige país en su página de empleo.",,,,,,,https://www.tendam.es/,https://www.tendam.es/be-tendam/,"Desde «Únete a nuestro equipo», eligiendo España."
10-comercio,nueva-uniqlo,Grandes almacenes y moda,renglon,Uniqlo,,Cadena de moda. Publica sus ofertas de Madrid en InfoJobs.,,,,,,,,https://www.infojobs.net/ofertas-trabajo/madrid/uniqlo,"Inscripción en cada oferta, en InfoJobs."
10-comercio,p62-03-01,"Hogar, bricolaje y electrónica",renglon,Amazon (oficinas),,Puestos de oficina y tecnología; el buscador cuenta más de cien en la Comunidad de Madrid. Los de almacén van por otra página.,,,,,,,https://www.amazon.jobs/es/,https://www.amazon.jobs/es/search?base_query=&loc_query=Madrid,"Inscripción en la oferta, en amazon.jobs, buscando por «Madrid»."
10-comercio,p62-08-01,"Hogar, bricolaje y electrónica",renglon,Apple,,Puestos en las tiendas Apple Store; la de Madrid está en la Puerta del Sol.,,,,,,,https://www.apple.com/careers/es/,https://www.apple.com/careers/es/work-at-apple/retail.html,Inscripción en las ofertas de su portal de empleo.
10-comercio,p61-06,"Hogar, bricolaje y electrónica",renglon,Bauhaus,,"Bricolaje, con centros en Madrid, Leganés y Alcorcón.",,,,,,,https://www.bauhaus.es/,https://www.bauhaus.es/comp/empresa/trabaja-con-nosotros/ofertas-de-empleo,Inscripción en las ofertas de su portal de empleo.
10-comercio,p73-39-05,"Hogar, bricolaje y electrónica",renglon,BigMat La Plataforma,,Almacenes de materiales de construcción para profesionales de obra y reforma.,,,,,,rrhh@bigmat.biz,https://www.bigmatlaplataforma.es/,https://www.bigmatlaplataforma.es/es/info/unete-al-equipo,Currículum por correo.
10-comercio,nueva-brico-depot,"Hogar, bricolaje y electrónica",renglon,Brico Dépôt,,"Bricolaje, construcción y jardín; tiendas en San Fernando, Majadahonda, Alcalá de Henares y Getafe.",,,,,,,https://www.bricodepot.es/,https://empleo.bricodepot.es/,Inscripción en las ofertas de su portal de empleo.
10-comercio,nueva-conforama,"Hogar, bricolaje y electrónica",renglon,Conforama,,"Muebles, electrodomésticos, cocinas y decoración; tiendas en Madrid, Alcorcón, Alcalá de Henares y Majadahonda.",,,,,,,https://www.conforama.es/,https://recursoshumanos.conforama.es/,"Desde «Únete a nosotros», en su portal de recursos humanos."
10-comercio,nueva-electro-depot,"Hogar, bricolaje y electrónica",renglon,Electro Depot,,Electrodomésticos y electrónica: hoy con ofertas de colaborador de comercio en Parla y Alcalá de Henares.,,,,,,,https://www.electrodepot.es/,https://empleo.electrodepot.es/nuestras-ofertas,Inscripción en las ofertas de su portal de empleo.
10-comercio,p61-01,"Hogar, bricolaje y electrónica",renglon,Ikea,,"Ventas, logística, atención al cliente y oficina; hoy con ofertas en Ikea Goya y Ensanche de Vallecas.",,,,,,,https://www.ikea.com/es/es/this-is-ikea/work-with-us/,https://jobs.ikea.com/es,Inscripción en las ofertas de su portal de empleo.
10-comercio,nueva-kave-home,"Hogar, bricolaje y electrónica",renglon,Kave Home,,"Muebles: el portal separa tiendas, plataforma logística, centro de producción y oficinas; tiendas en Madrid.",,,,,,,https://kavehome.com/es/es,https://careers.kavehome.com/jobs,Inscripción en las ofertas de su portal de empleo.
10-comercio,p59-09,"Hogar, bricolaje y electrónica",renglon,Leroy Merlin,,"Vendedor, reponedor y logístico en tienda, y además centros logísticos y sede; el portal filtra por tienda.",,,,,,,https://empleo.leroymerlin.es/,https://empleo.leroymerlin.es/jobs,Inscripción en las ofertas de su portal de empleo.
10-comercio,nueva-maisons-du-monde,"Hogar, bricolaje y electrónica",renglon,Maisons du Monde,,Muebles y decoración: hoy con ofertas en Madrid y Alcorcón.,,,,,,,https://maisonsdumonde.wd3.myworkdayjobs.com/es/Site_carriere,https://maisonsdumonde.wd3.myworkdayjobs.com/es/Site_carriere,"Inscripción en su portal de empleo, buscando por «Madrid»."
10-comercio,p61-05,"Hogar, bricolaje y electrónica",renglon,Obramat,,"Almacenes de construcción y reforma: vendedores y personal de almacén, logística y oficinas en Leganés.",,,,,,,https://empleo.obramat.es/,https://empleo.obramat.es/jobs,Inscripción en las ofertas de su portal de empleo.
10-comercio,nueva-pccomponentes,"Hogar, bricolaje y electrónica",renglon,PcComponentes,,"Informática y tecnología: además de la venta en línea, tiendas en Madrid (Cavanilles) y Alcorcón.",,,,,,,https://www.pccomponentes.com/,https://jobs.pccomponentes.com/,Inscripción en las ofertas de su portal de empleo.
10-comercio,nueva-worten,"Hogar, bricolaje y electrónica",ficha,Worten,,"Electrodomésticos, electrónica, informática y telefonía; sede central en Madrid.","Calle Ulises, 16, 4.ª planta",28043,Madrid,"Metro Arturo Soria, a 150 m",,,https://www.worten.es/,,Su web no tiene página de empleo: contacto con la sede de Madrid.
10-comercio,p58-12,"Deporte, ocio y cultura",renglon,Casa del Libro,,"Librerías, varias en Madrid; las ofertas y el envío de currículum van por el portal del Grupo Planeta.",,,,,,,https://www.casadellibro.com/,https://jobs.planeta.es/,Inscripción en el portal de empleo del Grupo Planeta.
10-comercio,p59-03,"Deporte, ocio y cultura",renglon,Decathlon,,Vendedor deportista y otros puestos de tienda; hoy con ofertas en Alcobendas y Fuencarral.,,,,,,,https://trabajaconnosotros.decathlon.es/,https://trabajaconnosotros.decathlon.es/ofertas/,Inscripción en las ofertas de su portal de empleo.
10-comercio,p59-02,"Deporte, ocio y cultura",renglon,Décimas,,"Tiendas de deporte, con varias en Madrid (Bravo Murillo, Fuencarral): tiendas, logística y oficinas.",,,,,,,https://www.decimas.com/es-es/,https://www.decimas.com/es-es/trabaja-con-nosotros,"Formulario de su web: candidatura espontánea con el currículum en PDF, o inscripción en una oferta."
10-comercio,p58-10,"Deporte, ocio y cultura",renglon,Fnac,,"El portal separa tiendas, logística (centro de Rivas-Vaciamadrid) y oficinas centrales; ofertas en sus tiendas de Madrid.",,,,,,,https://trabajaconosotros.fnac.es/,https://trabajaconosotros.fnac.es/tiendas,Inscripción en las ofertas de su portal de empleo.
10-comercio,p61-11,"Deporte, ocio y cultura",renglon,Foot Locker,,Empleado de ventas y jefe de turno en tienda; hoy con ofertas en Madrid y Majadahonda.,,,,,,,https://careers.footlocker.com/,https://careers.footlocker.com/jobs?page=1&country=Spain,Inscripción en las ofertas de su portal de empleo.
10-comercio,p61-09,"Deporte, ocio y cultura",renglon,Game,,"Tiendas de videojuegos: ofertas por provincia, Madrid entre ellas, y entrega de currículum.",,,,,,,https://www.game.es/trabajar-en-GAME,https://game.epreselec.com/Ofertas/Ofertas.aspx?id_origen=web+corporativa,Inscripción en las ofertas de su portal de empleo.
10-comercio,p61-10,"Deporte, ocio y cultura",renglon,JD y Sprinter,,Portal único del grupo (ISRG) para las tiendas JD y Sprinter: dependientes y mandos de tienda; hoy con ofertas en Madrid.,,,,,,,https://es.careers.isrg.com/,https://es.careers.isrg.com/jobs,Inscripción en las ofertas de su portal de empleo.
10-comercio,p60-10,"Deporte, ocio y cultura",renglon,Nike,,"Puestos en tiendas Nike: hoy con ofertas en Madrid, Torrejón y Getafe.",,,,,,,https://careers.nike.com/es-es/,https://careers.nike.com/es-es/jobs,Inscripción en las ofertas de su portal de empleo.
10-comercio,p59-04,"Deporte, ocio y cultura",ficha,Poly,,Jugueterías (Poly Juguetes / The Entertainer).,,,,,,seleccion@polyjuguetes.es,https://jugueteriapoly.es/,https://jugueteriapoly.es/pages/empresa,"Currículum por correo, con «CV» y la ciudad donde quieres trabajar en el asunto."
10-comercio,nueva-action,Perfumería y otros,renglon,Action,,"Tiendas de precios bajos: el portal separa tienda, logística y oficina y busca por código postal; hoy con oferta en Alcorcón.",,,,,,,https://www.action.com/es-es/,https://es.action.jobs/,Inscripción en las ofertas de su portal de empleo.
10-comercio,p58-08,Perfumería y otros,renglon,Ale-Hop,,"Tiendas de regalos: más de una docena en Madrid (Gran Vía, Fuencarral, Preciados, Xanadú, Barajas).",,,,,,,https://www.ale-hop.org/es/,https://careers.ale-hop.org/,Inscripción en las ofertas de su portal de empleo.
10-comercio,p59-08,Perfumería y otros,renglon,Douglas,,"Perfumerías: ofertas de tienda y de central, con filtro por provincia.",,,,,,,https://douglas.epreselec.com/,https://douglas.epreselec.com/Ofertas/Ofertas.aspx,Inscripción en las ofertas de su portal de empleo.
10-comercio,p60-08,Perfumería y otros,renglon,Druni,,"Perfumería, cosmética, maquillaje y parafarmacia: puestos de tienda, almacén y atención al cliente.",,,,,,,https://www.druni.es/,https://druni.epreselec.com/Ofertas/Ofertas.aspx,"Inscripción en sus ofertas o envío de currículum, desde la página «Trabaja con nosotros»."
10-comercio,p59-11,Perfumería y otros,renglon,Flying Tiger Copenhagen,,"Tiendas de regalos y artículos para el día a día, con tienda en Madrid.",,,,,,,https://flyingtiger.com/es-es/,https://flyingtiger.com/es-es/pages/work-with-us,Desde la página de oportunidades profesionales de su web.
10-comercio,nueva-general-optica,Perfumería y otros,renglon,General Óptica,,Ópticas: hoy con ofertas de asesor y asesor de refuerzo en Madrid.,,,,,,,https://www.generaloptica.es/es/,https://talento.generaloptica.es/?locale=es_ES,Inscripción en las ofertas de su portal de empleo.
10-comercio,nueva-iskaypet,Perfumería y otros,renglon,Kiwoko y Tiendanimal,,Portal único del grupo Iskaypet: vendedores en tiendas de animales y personal de clínicas veterinarias.,,,,,,,https://www.kiwoko.com/,https://jobs.iskaypet.com/jobs.php,Inscripción en las ofertas de su portal de empleo.
10-comercio,nueva-miniso,Perfumería y otros,renglon,Miniso,,"Tiendas de regalos y hogar, con tiendas en Conde de Peñalver, Fuencarral y Torrejón de Ardoz.",,,,,,,https://www.miniso.es/,https://www.miniso.es/46-trabaja-con-nosotros,"Formulario de su web, eligiendo la tienda."
10-comercio,nueva-multiopticas,Perfumería y otros,renglon,Multiópticas,,"Ópticas: portal con las ofertas de sus establecimientos, por localidad (Madrid, Leganés).",,,,,,,https://www.multiopticas.com/es/,https://empleo.multiopticas.com/,Inscripción en las ofertas de su portal de empleo.
10-comercio,p59-10,Perfumería y otros,renglon,Natura,,"Tiendas de ropa, accesorios y regalos.",,,,,,,https://naturaselection.com/,https://naturaselection.com/pages/trabaja-con-nosotros,Desde la página «Trabaja con nosotros» de su web.
10-comercio,nueva-normal,Perfumería y otros,renglon,Normal,,"Tiendas de droguería y cuidado personal: ayudante de venta y reponedor, responsable de turno; hoy con oferta en La Gavia.",,,,,,,https://www.normalstores.com/es/,https://jobs.normal.es/,Inscripción en las ofertas de su portal de empleo.
10-comercio,p61-08,Perfumería y otros,ficha,Pressto,,Tintorerías y lavanderías.,"C/ Bascuñuelos, 13, naves B-C",28021,Madrid,"Metro Villaverde Alto, a 400 m",913858200,rrhh@pressto.com,https://www.pressto.es/,,Currículum por correo a recursos humanos.
10-comercio,p59-05,Perfumería y otros,ficha,Primor,,Perfumerías; su buscador de tiendas cuenta 36 en Madrid.,,,,,,cvprimor@primor.eu,https://www.primor.eu/es_es/,https://www.primor.eu/es_es/trabaja-con-nosotros,"Currículum por correo, diciendo dónde vives y en qué tienda quieres trabajar."
10-comercio,p60-12,Perfumería y otros,renglon,Rituals,,"Cosmética y hogar: vendedores y mandos de tienda, y puestos de oficina; el portal tiene página propia de empleos de campaña.",,,,,,,https://www.rituals.com/es-es/home,https://careers.rituals.com/es-ES/,Inscripción en las ofertas de su portal de empleo.
10-comercio,nueva-sephora,Perfumería y otros,renglon,Sephora,,Perfumería y cosmética: asesores de belleza en tienda y puestos de oficina; hoy con ofertas en Sol y Plaza Norte 2.,,,,,,,https://www.inside-sephora.com/en/spain/join-us?market=9,https://jobs.sephora.com/Spain/go/Apply-in-Spain-(es_ES)/8364100/,Inscripción en las ofertas de su portal de empleo.
10-comercio,nueva-the-body-shop,Perfumería y otros,renglon,The Body Shop,,"Cosmética, con tiendas en Madrid (Arturo Soria Plaza, entre otras).",,,,,,,https://www.thebodyshop.es/,https://www.thebodyshop.es/trabaja-con-nosotros,Formulario de la página «Trabaja con nosotros» de su web.
10-comercio,nueva-acme,"Moda: marcas, portales y escuelas",ficha,"ACME, Asociación Creadores de Moda de España",asociación profesional,Asociación profesional sin ánimo de lucro de las firmas españolas de moda de autor; su web lista a los diseñadores asociados.,"C/ León, 24",28014,Madrid,"Metro Antón Martín, a 100 m",913662436,info@creadores.org,https://creadores.org/,,No publica ofertas: la lista de asociados sirve para saber a qué firmas dirigirte.
10-comercio,p72-17,"Moda: marcas, portales y escuelas",ficha,ASECOM,asociación empresarial,"Asociación de Empresas de Confección y Moda de la Comunidad de Madrid, fundada en 1977.","C/ Álvarez de Baena, 7",28006,Madrid,"Metro Gregorio Marañón, a 200 m",915621450,asecom@asecom.org,https://asecom.org/,,No publica ofertas: sirve para conocer el sector y sus empresas en Madrid. Contacto por teléfono o correo.
10-comercio,nueva-csdmm,"Moda: marcas, portales y escuelas",ficha,Centro Superior de Diseño de Moda de Madrid,centro universitario,Centro de la Universidad Politécnica de Madrid con grado oficial en Diseño de Moda.,"C/ Alfonso XII, 3 y 5",28014,Madrid,"Cercanías Atocha, a 350 m",910678650,,https://www.csdmm.upm.es/,,"Es formación, no empleo: la admisión se explica en su web."
10-comercio,nueva-esd-madrid,"Moda: marcas, portales y escuelas",ficha,Escuela Superior de Diseño de Madrid,centro público,Centro público de la Comunidad de Madrid de enseñanzas superiores de diseño; el grado tiene una especialidad de Moda.,"Camino de Vinateros, 106",28030,Madrid,"Metro Vinateros, a 350 m",914390000,,https://esdmadrid.es/,,"Es formación, no empleo: la admisión al grado se explica en su web."
10-comercio,p70-02,"Moda: marcas, portales y escuelas",renglon,FashionJobs,,"Ofertas de empleo para profesionales de la moda, el lujo y la belleza, con filtro por comunidad autónoma (Madrid entre ellas).",,,,,,,https://es.fashionjobs.com/,https://es.fashionjobs.com/,Registro en el portal e inscripción en la oferta.
10-comercio,p70-03,"Moda: marcas, portales y escuelas",renglon,FashionUnited,,"Bolsa de trabajo en moda, por áreas: tiendas, ventas y marketing, diseño… Hoy con ofertas en Madrid.",,,,,,,https://fashionunited.es/,https://fashionunited.es/bolsa-de-trabajo-en-moda,Inscripción en la oferta desde el portal.
10-comercio,p72-04,"Moda: marcas, portales y escuelas",ficha,FEDECON,federación empresarial,"Federación Española de Empresas de la Confección y de la Moda, creada en 1977; entidad sin ánimo de lucro.","C/ Álvarez de Baena, 7",28006,Madrid,"Metro Gregorio Marañón, a 200 m",915158180,fedecon@fedecon.es,https://fedecon.es/,,No publica ofertas: sirve para conocer el sector. Contacto por teléfono o correo.
10-comercio,nueva-loewe,"Moda: marcas, portales y escuelas",renglon,Loewe,,Casa de moda y marroquinería con sede en Madrid (calle Goya); sus ofertas están en la plataforma de empleo de LVMH.,,,,,,,https://www.loewe.com/eur/es/home,https://www.loewe.com/eur/es/information/careers-at-loewe.html,"Inscripción en la plataforma de LVMH, enlazada desde su página de empleo."
10-comercio,nueva-luxe-talent,"Moda: marcas, portales y escuelas",ficha,Luxe Talent,consultora de selección,"Consultora de selección especializada en moda, retail y lujo; publica sus ofertas (tienda, diseño, gestión) y tiene oficina en Madrid.","C/ Alberto Aguilera, 5, 2º dcha.",28015,Madrid,"Metro San Bernardo, a 200 m",911267102,info@luxetalent.es,https://www.luxetalent.es/,https://www.luxetalent.es/encuentra-empleo-luxe-talent/,Inscripción en la oferta desde su web.
10-comercio,nueva-mayoral,"Moda: marcas, portales y escuelas",renglon,Mayoral,,Moda infantil: el portal separa tiendas y oficina central; hoy con vacantes en Madrid.,,,,,,,https://www.mayoral.com/es/es/,https://careers.grupomayoral.com/,Inscripción en las ofertas de su portal de empleo.
10-comercio,nueva-nude-project,"Moda: marcas, portales y escuelas",renglon,Nude Project,,Marca de ropa urbana: hoy con vacantes de dependiente (sales assistant) en su tienda de Madrid.,,,,,,,https://nude-project.com/,https://careers.nude-project.com/,Inscripción en las ofertas de su portal de empleo.
10-comercio,nueva-pronovias,"Moda: marcas, portales y escuelas",renglon,Pronovias,,Moda nupcial: asesores de venta en tienda; hoy con vacantes en sus tiendas de Madrid (Velázquez y Arenal).,,,,,,,https://www.pronovias.com/es/,https://careers.pronovias.com/,Inscripción en las ofertas de su portal de empleo.
10-comercio,nueva-scalpers,"Moda: marcas, portales y escuelas",renglon,Scalpers,,"Moda de hombre, mujer y niño: sede en Sevilla y oficina en Madrid; hoy con ofertas en Madrid, Alcobendas y Las Rozas.",,,,,,,https://scalperscompany.com/,https://scalpers.factorial.es/,Inscripción en las ofertas de su portal de empleo.
41-farmacias,nueva-asefarma,Farmacias y grupos de farmacias,ficha,Asefarma,,Asesoría para farmacias con bolsa de empleo: hoy ofrece plazas de auxiliar o técnico/a de farmacia y de farmacéutico/a en la Comunidad de Madrid.,"C/ General Arrando, 9",28010,Madrid,"Metro Alonso Martínez, a 400 m",914488422,,https://www.asefarma.com/,https://www.asefarma.com/trabajo-empleo-farmaceutico,"Inscripción en cada oferta con el CV, o CV a su bolsa de trabajo desde el mismo formulario."
41-farmacias,nueva-farmacias-trebol,Farmacias y grupos de farmacias,ficha,Farmacias Trébol,,"Grupo de farmacias; hoy busca técnicos/as de farmacia y farmacéuticos/as en Madrid capital, Fuenlabrada y San Sebastián de los Reyes.","Calle de la Granja, 27",28108,Alcobendas,"Metro La Granja, a 350 m",659761904,,https://www.farmaciastrebol.com/,https://empleo.farmaciastrebol.com/,Inscripción en las vacantes de su portal de empleo.
41-farmacias,nueva-farmacias-jobs,Farmacias y grupos de farmacias,renglon,Farmacias.jobs,,"Portal de empleo de farmacias e industria farmacéutica: farmacéuticos, técnicos, auxiliares y visitadores médicos, con ofertas por provincia.",,,,,,,https://farmacias.jobs/,https://farmacias.jobs/ofertas-trabajo/ofertas-trabajo-madrid,"Registro gratuito, perfil validado e inscripción en las ofertas."
41-farmacias,nueva-farmatalent,Farmacias y grupos de farmacias,ficha,Farmatalent,,Selección de personal para farmacias de toda España; en su web hay un registro de candidatos con Madrid entre las provincias.,,,,,911048339,seleccion@farmatalent.com,https://www.farmatalent.com/,https://www.farmatalent.com/candidatos,Alta como candidato/a con el CV en su web («Busco mi trabajo perfecto»).
41-farmacias,nueva-portal-empleo-cgcof,Farmacias y grupos de farmacias,renglon,Portal de empleo del Consejo General de Colegios Farmacéuticos,,"Ofertas que mandan los colegios de farmacéuticos, con filtro por perfil (farmacéutico, técnico, auxiliar), área y provincia.",,,,,,,https://www.farmaceuticos.com/,https://www.farmaceuticos.com/farmaceuticos/recursos-farmaceuticos/portal-de-empleo/,Perfil con el CV y candidatura a las ofertas con un clic.
41-farmacias,nueva-sermas-bolsa-tecnico-farmacia,Farmacias y grupos de farmacias,renglon,Servicio Madrileño de Salud: bolsa de técnico auxiliar de farmacia,,Bolsa única de empleo temporal de técnico auxiliar de farmacia para todos los centros sanitarios del SERMAS (farmacia hospitalaria).,,,,,,,https://sede.comunidad.madrid/,https://sede.comunidad.madrid/oferta-empleo/tecnico-auxiliar-farmacia,"Inscripción telemática, con plazo abierto de forma permanente y sin tasas; pide el título de Técnico en Farmacia y Parafarmacia."
41-farmacias,nueva-astrazeneca,Distribución y laboratorios farmacéuticos,renglon,AstraZeneca,,Biofarmacéutica con sede en Madrid; sus ofertas están en su portal internacional de empleo.,,,,,,,https://www.astrazeneca.es/,https://careers.astrazeneca.com/,Inscripción en las ofertas de su portal de empleo.
41-farmacias,nueva-cantabria-labs,Distribución y laboratorios farmacéuticos,ficha,Cantabria Labs,,"Compañía farmacéutica (protección solar, cuidado facial y del cabello, complementos alimenticios) con sede en Madrid.","C/ Arequipa, 1",28043,Madrid,"Metro Mar de Cristal, a 300 m",913822990,,https://www.cantabrialabs.es/,https://www.cantabrialabs.es/nosotros/trabaja-con-nosotros/,Vacantes en su página «Únete al equipo».
41-farmacias,nueva-grupo-alter,Distribución y laboratorios farmacéuticos,renglon,Grupo Alter,,"Grupo farmacéutico y de nutrición (Laboratorios Alter, Nutriben); hoy con ofertas en Madrid y en Meco: calidad, carretillero, administración.",,,,,,,https://www.alter.es/,https://empleo.grupo-alter.com/jobs,Inscripción en las ofertas de su portal o envío del CV desde el mismo portal.
41-farmacias,nueva-gsk,Distribución y laboratorios farmacéuticos,ficha,GSK,,"Farmacéutica con su centro de I+D de Salud Global en el Parque Tecnológico de Madrid, en Tres Cantos.","C/ Severo Ochoa, 2, Parque Tecnológico de Madrid",28760,Tres Cantos,"Cercanías Tres Cantos, a 500 m",,,https://es.gsk.com/es-es/,https://es.gsk.com/es-es/trabaja-con-nosotros/,Ofertas para profesionales con experiencia y programas de talento joven en su web.
41-farmacias,nueva-hefame,Distribución y laboratorios farmacéuticos,renglon,Hefame,,"Cooperativa de distribución farmacéutica con almacén en Getafe; su portal publica ofertas de almacén, comerciales y oficinas.",,,,,,,https://www.hefame.es/,https://empleo.hefame.net/,Inscripción en las ofertas de su portal o alta en su comunidad de talento («Únete a Hefame»).
41-farmacias,nueva-lilly,Distribución y laboratorios farmacéuticos,ficha,Lilly,,Laboratorio farmacéutico con planta de producción y centro de I+D en Alcobendas.,"Avenida de la Industria, 30",28108,Alcobendas,,916635000,,https://www.lilly.com/es/,https://www.lilly.com/es/empleo,Ofertas para España en su portal de empleo («Únete a nosotros»).
41-farmacias,nueva-msd,Distribución y laboratorios farmacéuticos,ficha,MSD,,Farmacéutica (Merck Sharp & Dohme) con sede en Madrid.,"C/ Josefa Valcárcel, 42",28027,Madrid,,,,https://www.msd.es/,https://jobs.msd.com/spain,Ofertas para España en su portal de empleo.
41-farmacias,nueva-pfizer,Distribución y laboratorios farmacéuticos,ficha,Pfizer,,Farmacéutica con su sede española en el parque empresarial de La Moraleja (Alcobendas).,"Avda. Europa, 20-B. Parque Empresarial La Moraleja",28108,Alcobendas,"Metro Ronda de la Comunicación, a 500 m",914909900,,https://www.pfizer.es/,https://www.pfizer.es/empleo,Ofertas en su página de empleo.
41-farmacias,nueva-pharmamar,Distribución y laboratorios farmacéuticos,ficha,PharmaMar,,"Biotecnológica que desarrolla fármacos de origen marino, con sede en Colmenar Viejo.","Avda. de los Reyes, 1",28770,Colmenar Viejo,,918466000,pharmamar@pharmamar.com,,https://pharmamar.epreselec.com/Ofertas/Ofertas.aspx,Inscripción en las ofertas de su portal de empleo.
41-farmacias,nueva-roche,Distribución y laboratorios farmacéuticos,ficha,Roche Farma,,"Farmacéutica con sede en Madrid, centro de logística y distribución en Getafe y la oficina de Roche Informatics en Madrid.","C/ Ribera del Loira, 50",28042,Madrid,"Metro Feria de Madrid, a 450 m",913248100,,https://www.roche.es/,https://careers.roche.com/global/en/spain,Ofertas para España en su portal de empleo internacional.
41-farmacias,nueva-sanofi,Distribución y laboratorios farmacéuticos,ficha,Sanofi,,Farmacéutica con sede en Barcelona y delegación en Madrid.,"Calle de Pedro de Valdivia, 10",28006,Madrid,"Metro Gregorio Marañón, a 250 m",,,https://www.sanofi.es/,https://jobs.sanofi.com/en/spain,Ofertas para España en su portal de empleo.
41-farmacias,nueva-takeda,Distribución y laboratorios farmacéuticos,ficha,Takeda,,Farmacéutica con sede corporativa en Madrid.,"Calle de Albacete, 5",28027,Madrid,"Metro Parque de las Avenidas, a 600 m",917904222,,https://www.takeda.com/es-es/,https://www.takeda.com/es-es/unete-a-nosotros/,Ofertas para España en su portal de empleo («Aplicar en línea»).
41-farmacias,nueva-afflelou,Ópticas y audiología,renglon,Alain Afflelou,,"Ópticas y centros auditivos; su portal tiene hoy vacantes en la provincia de Madrid, como óptico-optometrista en el C. C. Islazul.",,,,,,,https://www.afflelou.es/,https://www.afflelou.es/talento/,Inscripción en las vacantes de su portal de empleo.
41-farmacias,nueva-audimad,Ópticas y audiología,ficha,Audimad,,Centros auditivos con dos centros en Madrid (Delicias y Doctor Esquerdo).,"Paseo de las Delicias, 33 (28045 Madrid) | Calle del Dr. Esquerdo, 118 (28007 Madrid)",28045,Madrid,"Metro Palos de la Frontera, a 100 m",644184224,info@centrosaudimad.es,https://www.audimad.es/,,No publica ofertas: contacto por su correo o por teléfono.
41-farmacias,nueva-aural,Ópticas y audiología,renglon,Aural Centros Auditivos,,Centros auditivos; hoy busca audioprotesista para hospitales de la zona de Madrid.,,,,,,,https://www.aural.es/,https://www.aural.es/trabaja-con-nosotros,"Ofertas en su web y formulario «Envía tu CV» para audioprotesistas, recepción y prácticas."
41-farmacias,nueva-baviera,Ópticas y audiología,renglon,Baviera,,"Clínicas oftalmológicas con centros en Madrid, Alcalá, Alcobendas, Alcorcón, Getafe, Leganés, Majadahonda, Móstoles y Rivas; busca ópticos-optometristas.",,,,,,,https://www.clinicabaviera.com/,https://empleo.clinicabaviera.com/,Vacantes en su portal de empleo.
41-farmacias,nueva-cione,Ópticas y audiología,ficha,Cione,,Grupo de ópticas con sede en Las Rozas; recoge currículos para trabajar en las ópticas Cione.,"C/ José Echegaray, 7",28232,Las Rozas de Madrid,"Cercanías Pinar de las Rozas, a 900 m",916402980,,https://www.cione.es/,https://www.cione.es/trabaja-con-nosotros/,Ofertas publicadas a través de Adecco y formulario con CV en su web.
41-farmacias,nueva-opticalia,Ópticas y audiología,renglon,Opticalia,,Cadena de ópticas con tiendas en Madrid capital y en otros municipios de la Comunidad.,,,,,,,https://www.opticalia.com/,https://opticaliaempleo.com/trabaja-en-opticalia/,Formulario de contacto en su web de empleo: dejas tu correo o teléfono y te llaman.
41-farmacias,nueva-sermas-bolsa-optico,Ópticas y audiología,renglon,Servicio Madrileño de Salud: bolsa de óptico-optometrista,,Bolsa única de empleo temporal de óptico-optometrista para todos los centros sanitarios del SERMAS.,,,,,,,https://sede.comunidad.madrid/,https://sede.comunidad.madrid/oferta-empleo/optico-optometrista,"Inscripción telemática, con plazo abierto de forma permanente y sin tasas; pide el grado o la diplomatura en Óptica y Optometría."
41-farmacias,nueva-visionlab,Ópticas y audiología,renglon,VisionLab,,"Ópticas con sede central en Madrid; equipos de tienda, oficina, fábrica y laboratorio, y logística.",,,,,,,https://www.visionlab.es/,https://www.visionlab.es/trabaja-con-nosotros.html,Formulario con CV en su página «Trabaja con nosotros».
41-farmacias,nueva-optica-universitaria,Ópticas y audiología,renglon,Óptica & Audiología Universitaria,,"Ópticas y centros auditivos; hoy busca audioprotesista y dependiente/a de óptica en Madrid, entre otros puestos.",,,,,,,https://www.opticauniversitaria.es/,https://opticauniversitaria.epreselec.com/Ofertas/Ofertas.aspx,Inscripción en las ofertas de su portal de empleo.
41-farmacias,nueva-optica-2000,Ópticas y audiología,renglon,Óptica 2000,,Cadena de ópticas con domicilio social en Madrid.,,,,,,,https://www.optica2000.com/,https://www.optica2000.com/quienes-somos/trabaja-con-nosotros,Envío de currículum desde su web; hoy no publica ofertas.
41-farmacias,nueva-medi-market,Ortopedias y parafarmacias,ficha,Medi-Market,,Grupo belga de parafarmacias con tiendas en Madrid desde 2025; hoy busca dependiente/a de parafarmacia para su tienda de Alcorcón.,"Avenida de Monforte de Lemos, 36 (C. C. La Vaguada, local B118a)",28029,Madrid,"Metro Barrio del Pilar, a 400 m",911139284,,https://tienda.medi-market.es/es,https://medi-market.ofertas-trabajo.infojobs.net/ofertas,Sus ofertas están en su espacio de InfoJobs.
41-farmacias,nueva-mundo-dependencia,Ortopedias y parafarmacias,ficha,Mundo Dependencia,,"Ortopedias: venta y alquiler de productos ortopédicos y ayudas para personas dependientes, con tiendas en Madrid y Alcorcón.","Calle Maudes, 15 | Avda. Menéndez Pelayo, 44, 28007 Madrid | Calle Alfredo Nobel, 5, 28922 Alcorcón",28003,Madrid,"Metro Cuatro Caminos, a 200 m",915547905,info@mundodependencia.com,https://mundodependencia.com/,https://mundodependencia.com/trabaja-con-nosotros/,"Currículum por correo a info@mundodependencia.com, según su página «Trabaja con nosotros»."
41-farmacias,nueva-ortopedia-juan-bravo,Ortopedias y parafarmacias,ficha,Ortopedia Juan Bravo,,"Ortopedia técnica: prótesis, ortesis, plantillas a medida, corsés, cascos de plagiocefalia y ayudas técnicas.","Calle de Juan Bravo, 67",28006,Madrid,"Metro Diego de León, a 50 m",913091960,info@orto-juanbravo.com,https://orto-juanbravo.com/,,No publica ofertas en su web: contacto por teléfono o correo.
41-farmacias,nueva-prim-ortopedia,Ortopedias y parafarmacias,ficha,PRIM Establecimientos Ortopédicos,,"Ortopedia técnica y ayudas personalizadas, con cuatro ortopedias en Madrid; la empresa (PRIM) tiene su sede en Madrid.","Avda. Llano Castellano, 43 | Calle de Martínez Izquierdo, 6, 28028 Madrid | Avda. Buenos Aires, 2, 28038 Madrid",28034,Madrid,"Cercanías Ramón y Cajal, a 750 m",914011100,,https://primestablecimientosortopedicos.es/,https://www.prim.es/unete-a-nuestro-equipo/,"Ofertas en la página «Únete a nuestro equipo» de PRIM; si ninguna encaja, CV por la oferta «Únete a PRIM»."
41-farmacias,nueva-cnoo,Formación y colegios profesionales,ficha,Colegio Nacional de Ópticos-Optometristas (CNOO),colegio profesional,"Colegio profesional de los ópticos-optometristas, con sede en Madrid y ofertas de empleo para colegiados.","C/ Princesa, 25 4º. Edificio Hexágono",28008,Madrid,"Metro Ventura Rodríguez, a 50 m",915414403,,https://www.cnoo.es/,https://www.cnoo.es/area-colegial/ofertas-colegiados/,Ofertas en el área de colegiados de su web (con acceso de colegiado/a).
41-farmacias,nueva-cofm,Formación y colegios profesionales,ficha,Colegio Oficial de Farmacéuticos de Madrid (COFM),colegio profesional,"Colegio profesional de los farmacéuticos de Madrid, con bolsa de empleo para colegiados y ofertas de farmacias.","C/ Santa Engracia, 31",28010,Madrid,"Metro Alonso Martínez, a 400 m",914068400,,https://www.cofm.es/es/,https://www.cofm.es/es/empleo/busco-empleo/,Alta previa en la bolsa de empleo (hay que ser colegiado/a) e inscripción en las ofertas.
41-farmacias,nueva-ucm-optica,Formación y colegios profesionales,ficha,Facultad de Óptica y Optometría (UCM),universidad pública,Facultad del grado en Óptica y Optometría; publica en abierto ofertas de empleo de ópticas de Madrid.,"Avda. Arcos de Jalón, 118",28037,Madrid,"Metro Avenida de Guadalajara, a 350 m",913946876,infopt@ucm.es,https://optica.ucm.es/,https://optica.ucm.es/empleo,Las ofertas traen el contacto de cada óptica para mandar el CV.
41-farmacias,nueva-fp-farmacia-parafarmacia,Formación y colegios profesionales,ficha,FP de grado medio en Farmacia y Parafarmacia,,"Título oficial de 2.000 horas para trabajar en farmacias, parafarmacias, farmacia hospitalaria y almacenes de medicamentos; en institutos públicos de toda la Comunidad.",,,,,,,https://todofp.es/que-estudiar/familias-profesionales/sanidad/farmacia-parafarmacia.html,,"Admisión por el proceso de FP de la Comunidad de Madrid. Centros públicos en Madrid capital en la oferta 2026-27: IES Ciudad Escolar, Las Musas, Leonardo da Vinci, Moratalaz, Renacimiento, Rosa Chacel y Villaverde."
41-farmacias,nueva-fp-audiologia,Formación y colegios profesionales,ficha,FP de grado superior en Audiología Protésica,,Título oficial para trabajar como audioprotesista en gabinetes audioprotésicos y centros auditivos.,,,,,,,https://todofp.es/que-estudiar/familias-profesionales/sanidad/audiologia-protesica.html,,Admisión por el proceso de FP de la Comunidad de Madrid. Centros públicos en la oferta 2026-27: IES Moratalaz (Madrid) e IES Benjamín Rúa (Móstoles).
41-farmacias,nueva-fp-fabricacion-farmaceutica,Formación y colegios profesionales,ficha,"FP de grado superior en Fabricación de Productos Farmacéuticos, Biotecnológicos y Afines",,"Título oficial para trabajar en plantas de la industria farmacéutica: producción, acondicionado, control y almacén.",,,,,,,https://todofp.es/que-estudiar/familias-profesionales/quimica/fab-prod-farmaceuticos-biotec-afines.html,,"Admisión por el proceso de FP de la Comunidad de Madrid. Centro público en la oferta 2026-27: IES Mateo Alemán (Alcalá de Henares), diurno y vespertino."
41-farmacias,nueva-fp-ortoprotesis,Formación y colegios profesionales,ficha,FP de grado superior en Ortoprótesis y Productos de Apoyo,,"Título oficial para trabajar como técnico ortopédico y técnico en productos de apoyo, en ortopedias y talleres ortoprotésicos.",,,,,,,https://todofp.es/que-estudiar/familias-profesionales/sanidad/ortoprotesis-productos-apoyo.html,,"Admisión por el proceso de FP de la Comunidad de Madrid. Centro público en la oferta 2026-27: IES Antonio Machado (Alcalá de Henares), diurno, vespertino y semipresencial."
41-farmacias,nueva-fp-optica-anteojeria,Formación y colegios profesionales,ficha,FP de grado superior en Óptica de Anteojería,,"Título oficial de taller y venta en ópticas: montaje, lentes y asesoría comercial óptica.",,,,,,,https://todofp.es/que-estudiar/logse/fabricacion-mecanica/optica-anteojeria.html,,"Admisión por el proceso de FP de la Comunidad de Madrid. Centro público en la oferta 2026-27: IES Virgen de la Paloma (Madrid), en modalidad dual."
37-alimentacion,nueva-bimbo,"Panadería, pastelería y obradores",ficha,Bimbo,,"Pan de molde, bollería y Donuts; oficina en el polígono de Las Mercedes y ofertas de todo el grupo en su portal de empleo.","Calle Cigoitia, 1, Polígono Industrial Las Mercedes",28022,Madrid,,,,https://www.bimbo.es/,https://grupobimbo.csod.com/ux/ats/careersite/1/home?c=grupobimbo,Inscripción en las ofertas del portal de empleo de Grupo Bimbo («Conoce nuestras ofertas»).
37-alimentacion,nueva-fiesta,"Panadería, pastelería y obradores",ficha,Fiesta (Fiesta Colombina),,Fábrica de caramelos y golosinas en Alcalá de Henares; su formulario de empleo tiene las opciones de fábrica y almacén.,"Avenida de Madrid, 46",28802,Alcalá de Henares,"Cercanías La Garena, a 500 m",918881550,info@fiesta.es,https://www.fiesta.es/,https://www.fiesta.es/trabaja-con-nosotros,"Formulario «Trabaja con nosotros» de su web, eligiendo departamento (fábrica, almacén, administración…) y adjuntando el currículum."
37-alimentacion,nueva-horno-san-onofre,"Panadería, pastelería y obradores",ficha,Horno San Onofre,,"Pastelería tradicional de Madrid desde 1972 (roscones, palmeras), con obrador y tiendas en el centro.","Calle San Onofre, 3 | Calle Mayor, 73, 28013 Madrid",28004,Madrid,"Metro Gran Vía, a 150 m",915228544,info@pasteleriasanonofre.org,https://pasteleriasanonofre.org/,,La web no tiene apartado de empleo; el contacto es el correo y el teléfono de la tienda de San Onofre.
37-alimentacion,nueva-la-mallorquina,"Panadería, pastelería y obradores",ficha,La Mallorquina,,"Pastelería y confitería de Madrid desde 1894, con obrador propio y tiendas en el centro.",,,,,,,https://pastelerialamallorquina.es/,https://pastelerialamallorquina.es/trabaja-con-nosotros/,"Formulario «Trabaja con nosotros» de su web, con el currículum adjunto."
37-alimentacion,nueva-levaduramadre,"Panadería, pastelería y obradores",ficha,Levaduramadre,,"Panaderías con obrador central en Madrid (Vallecas); el formulario de empleo distingue tienda, fabricación en obrador, reparto y oficina.","Calle Isla de Luzón, 44",28051,Madrid,,914268902,info@levaduramadre.es,https://levaduramadre.es/,https://levaduramadre.es/trabaja-con-nosotros/,"Formulario «Envíanos tu CV» de su web, eligiendo el área: tiendas, obrador, reparto u oficina."
37-alimentacion,nueva-monbake,"Panadería, pastelería y obradores",ficha,Monbake,,"Grupo de panadería, bollería y pastelería (Berlys, Bellsol), con sede en Alcobendas y portal de empleo con mapa de ofertas.","C. Francisco Gervás, 1",28108,Alcobendas,"Metro La Granja, a 700 m",,,https://www.monbake.com/,https://empleo.monbake.com/,Inscripción en las ofertas de su portal de empleo.
37-alimentacion,nueva-panem,"Panadería, pastelería y obradores",ficha,Panem,,Panadería artesana con obrador y tienda en el barrio de Ibiza (Retiro).,"Calle de Fernán González, 57 (obrador) y 42 (tienda)",28009,Madrid,"Metro Ibiza, a 350 m",917959107,info@panem.es,https://panem.es/,,La web no tiene apartado de empleo; contacto por teléfono o correo.
37-alimentacion,nueva-ahumados-dominguez,"Cárnicas, lácteas, bebidas y conservas",ficha,Ahumados Domínguez,,"Fábrica de salmón y otros ahumados en Alcorcón, con tiendas propias en Madrid.","Calle Laguna, 12",28923,Alcorcón,"Metro Puerta del Sur, a 900 m",916411825,info@ahumadosdominguez.es,https://www.ahumadosdominguez.es/,,La web no tiene apartado de empleo; contacto por teléfono o correo.
37-alimentacion,nueva-cafes-la-mexicana,"Cárnicas, lácteas, bebidas y conservas",ficha,Cafés La Mexicana,,"Tostadero de café de Madrid desde 1890, con tiendas propias; sede en el polígono de Julián Camarillo.","Calle Alfonso Gómez, 15",28037,Madrid,"Metro Suanzes, a 300 m",913271216,,https://www.cafeslamexicana.com/,,La web no tiene apartado de empleo; contacto por teléfono o por el formulario de su web.
37-alimentacion,ind-campofrio,"Cárnicas, lácteas, bebidas y conservas",ficha,Campofrío,,Elaborados cárnicos; oficina central en Alcobendas y portal de empleo del grupo.,"Avenida de Europa, 24, Parque Empresarial La Moraleja",28109,Alcobendas,"Metro Ronda de la Comunicación, a 450 m",914842700,,https://www.campofrio.es/,https://www.campofrio.es/conocenos/empleo,Inscripción en las ofertas de su página de empleo.
37-alimentacion,nueva-carpisa,"Cárnicas, lácteas, bebidas y conservas",ficha,Carpisa Foods,,Elaborados cárnicos (hamburguesas y carne picada) con fábrica en Griñón.,"Calle Noruega, 3, Polígono Industrial La Estación",28971,Griñón,,918103490,rrhh@carpisa.es,https://www.carpisafoods.com/,https://www.carpisafoods.com/compania/talento/,"Currículum por correo a rrhh@carpisa.es, según su página «Talento»."
37-alimentacion,nueva-ccep,"Cárnicas, lácteas, bebidas y conservas",renglon,Coca-Cola Europacific Partners,,"Fabrica, embotella y distribuye bebidas. Su buscador de empleo tiene filtro propio para la Comunidad de Madrid.",,,,,,,https://www.cocacolaep.com/es/,https://www.ccep.jobs/ES/buscar-trabajo,Inscripción en las ofertas de su portal de empleo.
37-alimentacion,nueva-danone,"Cárnicas, lácteas, bebidas y conservas",ficha,Danone,,Fábrica de yogures y lácteos frescos en Tres Cantos; su portal publica ofertas de operario de producción y prácticas en esa planta.,"Avenida de la Industria, 20",28760,Tres Cantos,,,,https://www.danone.es/,https://careers.danone.com/es/es/jobs.html,Inscripción en las ofertas de su portal de empleo («Vacantes»); admite alertas por correo.
37-alimentacion,nueva-heineken,"Cárnicas, lácteas, bebidas y conservas",renglon,Heineken España,,Cervecera con sede en Madrid y una de sus cuatro fábricas en Madrid; portal de empleo propio para España.,,,,,,,https://www.heinekenespana.es/,https://careers.theheinekencompany.com/HEINEKEN-Espana,Inscripción en las ofertas de su portal de empleo («Ver todas nuestras vacantes»).
37-alimentacion,ind-lactalis,"Cárnicas, lácteas, bebidas y conservas",ficha,Lactalis,,"Grupo lácteo (Puleva, Président, El Ventero…) con sede en Madrid; publica sus ofertas de empleo.","Calle Juan de Mariana, 17B",28045,Madrid,"Cercanías Delicias, a 600 m",915079697,,https://www.lactalis.es/,https://www.lactalis.es/ofertas-empleo/,Inscripción en las ofertas de su portal de empleo.
37-alimentacion,nueva-mahou-san-miguel,"Cárnicas, lácteas, bebidas y conservas",ficha,Mahou San Miguel,,Cervecera con sede central en Madrid y centro de producción en Alovera (Guadalajara).,"C/ Titán, 15",28045,Madrid,"Metro Méndez Álvaro, a 550 m",915269100,,https://www.mahou-sanmiguel.com/,https://www.mahou-sanmiguel.com/es-es/trabajar-mahou-sanmiguel,"Inscripción en las ofertas de su portal de empleo; si ninguna encaja, deja el currículum."
37-alimentacion,nueva-pascual,"Cárnicas, lácteas, bebidas y conservas",renglon,Pascual,,"Alimentación y bebidas, con 7 centros industriales en España. Su portal de empleo publica también ofertas en Madrid.",,,,,,,https://www.calidadpascual.com/,https://pascual.career.velorahr.com/calidad-pascual-248,Inscripción en las ofertas de su portal o envío del currículum.
37-alimentacion,nueva-supracafe,"Cárnicas, lácteas, bebidas y conservas",ficha,Supracafé,,"Tostadero de café en Móstoles, con sede también en Canarias.","Calle Torres Quevedo, 15",28936,Móstoles,,916475500,,https://www.supracafe.com/,,"La web no tiene apartado de empleo; el teléfono es el de atención al cliente (lunes a viernes, de 8 a 15)."
37-alimentacion,nueva-carnimad,"Mercamadrid, mayoristas y mercados",ficha,Carnimad (bolsa de empleo de carniceros y charcuteros),asociación de empresarios,"Asociación de carnicerías y charcuterías de Madrid con portal de empleo propio: ofertas de dependiente, carnicero y charcutero en tiendas y mercados.","Calle Enrique Larreta, 5, 1º",28036,Madrid,"Metro Plaza de Castilla, a 200 m",915471324,info@carnimad.es,https://carnimad.es/,https://empleocarniceroscharcuteros.carnimad.es/jobs,Inscripción en las vacantes de su portal de empleo; a quien no tiene experiencia le ofrece formación (certificado de profesionalidad) a través de Educarne.
37-alimentacion,nueva-daoro,"Mercamadrid, mayoristas y mercados",ficha,Daoro,,Mayorista de pescado y marisco en la Nave de Pescados de Mercamadrid; reparte a comercios y restaurantes.,"Calle Eje 2-7, 2, Nave de Pescados, Mercamadrid",28053,Madrid,,913721585,daoro@daoro.es,https://www.daoro.es/,,La web no tiene apartado de empleo; contacto por teléfono o correo.
37-alimentacion,nueva-frutas-eloy,"Mercamadrid, mayoristas y mercados",ficha,Frutas Eloy,,"Mayorista de frutas y hortalizas en Mercamadrid, con casi cien años de trayectoria.","Calle Uno, 2, Mercamadrid",28053,Madrid,"Metro El Capricho, a 450 m",917866490,correo@frutaseloy.com,https://frutaseloy.com/,,La web no tiene apartado de empleo; contacto por teléfono o correo.
37-alimentacion,nueva-gm-cash,"Mercamadrid, mayoristas y mercados",ficha,GM Cash (Transgourmet),,"Cash & carry para hostelería: puestos de tienda, frescos, reparto y almacén en sus centros de Villaverde, Alcalá de Henares y Leganés.","Avenida Laboral, 1, esquina Avenida de Andalucía, 28021 Madrid (Villaverde) | Carretera M-300, km 27,7, Polígono Industrial Las Matillas, 28802 Alcalá de Henares | Calle Puerto de la Morcuera, 1, 28914 Leganés (Puntocash)",28021,Madrid,"Metro San Cristóbal, a 350 m",917969274;918772110,,https://www.gmcash.es/,https://empleo.transgourmet.es/,Inscripción en las ofertas del portal de empleo de Transgourmet (apartado Cash&Carry); el localizador de centros está en centros.gmcash.es.
37-alimentacion,nueva-grupo-nortenos,"Mercamadrid, mayoristas y mercados",ficha,Grupo Norteños (Central de Carnes),,"Mayorista de carne de vacuno en el Centro Cárnico de Mercamadrid; vende a carnicerías, hostelería y supermercados.","Mercamadrid, Centro Cárnico, módulo 18 (Ctra. de Villaverde a Vallecas, km 3,800)",28053,Madrid,,917796500,info@gruponortenos.com,https://gruponortenos.com/,,La web no tiene apartado de empleo; contacto por teléfono o correo.
37-alimentacion,nueva-mare-nostrum,"Mercamadrid, mayoristas y mercados",ficha,Mariscos Mare Nostrum,,"Mayorista de marisco fresco, vivo y cocido en Mercamadrid (puestos 74 y 97), para hostelería y pescaderías.",,,Madrid,,917853696;915079238,info@mariscosmarenostrum.com,https://mariscosmarenostrum.com/,,La web no tiene apartado de empleo; contacto por teléfono o correo.
37-alimentacion,nueva-pescaderias-corunesas,"Mercamadrid, mayoristas y mercados",ficha,Pescaderías Coruñesas,,"Pescado, marisco y ahumados: central en Madrid (Tetuán), tiendas propias y venta a hostelería.","Calle de Juan Montalvo, 14",28040,Madrid,"Metro Guzmán el Bueno, a 250 m",915331576,corunesas@pescaderiascorunesas.es,https://www.pescaderiascorunesas.es/,,La web no tiene apartado de empleo; contacto por teléfono o correo.
37-alimentacion,nueva-pescados-de-la-iglesia,"Mercamadrid, mayoristas y mercados",ficha,Pescados de la Iglesia,,"Mayorista de pescado (pez espada, bonito, atún) en Mercamadrid, con nave en el polígono Cobo Calleja de Fuenlabrada.","Mercamadrid, Nave de Pescados, puestos 24, 26 y 27 (Ctra. de Villaverde a Vallecas, km 3,800) | Calle La Bañeza, 52, Polígono Industrial Cobo Calleja, 28947 Fuenlabrada",28053,Madrid,,915070640;916421531,info@pescadosdelaiglesia.com,https://www.pescadosdelaiglesia.es/,,"La web no tiene apartado de empleo; contacto por teléfono o correo (en Mercamadrid, de lunes a sábado de 4 a 12 de la mañana)."
37-alimentacion,nueva-pescados-jesus,"Mercamadrid, mayoristas y mercados",ficha,Pescados Jesús,,Venta de pescado al por mayor en la Nave de Pescados de Mercamadrid.,"Mercamadrid, Nave de Pescados, puesto 86",28053,Madrid,,917868494,info@pescadosjesus.es,https://pescadosjesus.es/,,La web no tiene apartado de empleo; contacto por teléfono o correo.
37-alimentacion,nueva-sachafish,"Mercamadrid, mayoristas y mercados",ficha,Sachafish,,Mayorista de pescado y marisco en el Mercado Central de Pescados de Mercamadrid.,"Mercamadrid, Mercado Central de Pescados, local 78 (Ctra. de Villaverde a Vallecas, km 3,800)",28053,Madrid,,917869010,,https://sachafish.com/,,La web no tiene apartado de empleo; contacto por teléfono.
37-alimentacion,nueva-cultivar,Envasado y plataformas de alimentación,ficha,Cultivar,,Mayorista de frutas y hortalizas con plataforma y puestos de venta en Mercamadrid.,"Avenida de Madrid, 9, Mercamadrid",28053,Madrid,,911441080,info@cultivar.net,https://www.cultivar.net/,https://www.cultivar.net/empleo/,"Ofertas en su página de empleo o candidatura espontánea por el formulario, con el currículum adjunto."
37-alimentacion,nueva-eurobanan,Envasado y plataformas de alimentación,ficha,Eurobanan,,"Producción, envasado y venta mayorista de frutas y hortalizas (plátano de Canarias); centro de Madrid en Mercamadrid.","Mercamadrid, Plataforma Baja, parcela B.3.3",28053,Madrid,,917796600,madrid@eurobanan.com,https://eurobanan.com/,https://eurobanan.com/organizacion-y-personas/unete-a-nuestro-equipo/,"Vacantes en su portal de empleo o candidatura por el formulario «Únete a nuestro equipo», con el currículum adjunto."
37-alimentacion,nueva-europastry,Envasado y plataformas de alimentación,ficha,Europastry,,Masas congeladas de panadería y bollería; delegación y plataforma en Madrid (Vallecas) y portal de empleo del grupo.,"Camino de Hormigueras, 108",28031,Madrid,"Cercanías El Pozo, a 850 m",916927225,,https://europastry.com/es/es/,https://europastry.csod.com/ux/ats/careersite/4/home?c=europastry,Inscripción en las ofertas de su portal de empleo («Ver oportunidades de trabajo» en la página Talento).
37-alimentacion,nueva-sediasa,Envasado y plataformas de alimentación,ficha,"Sediasa (Grupo Fuertes, ElPozo)",,Planta de platos preparados del Grupo Fuertes en Rivas-Vaciamadrid; el portal del grupo publica allí ofertas de operario de producción.,"Calle Thomas Edison, 2",28521,Rivas-Vaciamadrid,"Metro Rivas Vaciamadrid, a 850 m",916633540,info@sediasa.com,https://www.sediasa.com/,https://jobs.grupofuertes.com/search/,Inscripción en las ofertas del portal de empleo de Grupo Fuertes (buscar «Madrid») o currículum espontáneo en el mismo portal.
37-alimentacion,nueva-sushita,Envasado y plataformas de alimentación,ficha,Sushita,,Elaboración de sushi para supermercados y restaurantes propios; sede y obrador en San Sebastián de los Reyes.,"Avenida Fuente Nueva, 4",28700,San Sebastián de los Reyes,"Metro Reyes Católicos, a 700 m",,contacto@sushita.com,https://sushita.com/,https://empleo.sushita.com/jobs_preview,Inscripción en las ofertas de su portal de empleo.
37-alimentacion,nueva-wetaca,Envasado y plataformas de alimentación,ficha,Wetaca,,"Cocina central de platos preparados por suscripción (táperes), en Villaverde.","Calle de la Resina, 34",28021,Madrid,"Cercanías San Cristóbal Industrial, a 700 m",,,https://wetaca.com/,https://wetaca.jobs.personio.com/,Inscripción en las ofertas de su portal de empleo («Trabaja con nosotros»).
37-alimentacion,nueva-cp-industrias-alimentarias,Formación y carnés,ficha,Cursos gratuitos de industrias alimentarias (Comunidad de Madrid),,"Certificados profesionales y cursos de carnicería y elaboración de productos cárnicos, panadería y bollería o venta y manipulación en pescadería, gratuitos para desempleados inscritos.",,,,,,,https://www.comunidad.madrid/empleo/oferta-formacion-profesional-empleo,https://vialaboris.comunidad.madrid/Formacion/,"Se buscan en el buscador Vía Laboris filtrando la familia «Industrias alimentarias» y el municipio; la plaza se pide en tu oficina de empleo, que hace la preselección."
37-alimentacion,nueva-educarne,Formación y carnés,ficha,Educarne,centro de formación,"Escuela del sector cárnico de Carnimad: cursos de auxiliar de carnicería, charcutería y corte de jamón, presenciales, en línea y mixtos.","Calle Enrique Larreta, 5, 1ª planta",28036,Madrid,"Metro Plaza de Castilla, a 200 m",915471324,info@educarne.es,https://educarne.es/,,"Información e inscripción por teléfono, correo o el formulario de su web (de lunes a jueves de 8 a 18, viernes de 8 a 14)."
37-alimentacion,nueva-higiene-alimentaria,Formación y carnés,renglon,Formación en higiene alimentaria (manipulador de alimentos),,"Obligatoria para quien trabaja con alimentos; el carné ya no existe y la da la empresa, una asociación del sector o un centro de formación. Ficha completa en el capítulo de formación.",,,,,,,https://www.comunidad.madrid/salud/manipuladores-alimentos,,No hace falta certificado previo para empezar: la empresa valora la formación que aportas y la completa si no basta.
37-alimentacion,nueva-fp-panaderia,Formación y carnés,ficha,"FP de grado medio en Panadería, repostería y confitería",,"Título oficial de dos cursos (2.000 horas) para trabajar en obradores y pastelerías; en centros públicos de Madrid, Alcalá de Henares, Aranjuez, Majadahonda y Móstoles.",,,,,,,https://www.comunidad.madrid/educacion/formacion-profesional,,"Admisión por el proceso de FP de la Comunidad de Madrid. Centros públicos en la oferta 2026-27: IES Hotel Escuela (Madrid), IES Escuela de Hostelería y Turismo (Alcalá), IES Alpajes (Aranjuez), IES María de Zayas (Majadahonda) y CIFP Simone Ortega (Móstoles)."
31-estetica,nueva-cebado,Cadenas de peluquería y estética,renglon,Cebado,,"Peluquerías; busca peluqueros y peluqueras para sus salones de Barcelona, Madrid, Zaragoza y Balaguer.",,,,,,,https://www.cebado.es/,https://www.cebado.es/cebado/cebado-empleo-ofertas-de-trabajo/,Currículum por el formulario de su web.
31-estetica,nueva-centros-unico,Cadenas de peluquería y estética,renglon,Centros Único,,Centros de depilación láser y estética avanzada; publica sus ofertas y recoge currículos.,,,,,,seleccion@centrosunico.com,https://www.centrosunico.com/,https://www.centrosunico.com/trabaja-con-nosotros,Inscripción en las ofertas de su web o dejando el currículum.
31-estetica,nueva-d-unas,Cadenas de peluquería y estética,renglon,D-uñas,,"Salones de manicura, pedicura y belleza de manos y pies, con más de 160 salones en España y Latinoamérica.",,,,,,,https://d-unas.com/es/,https://d-unas.epreselec.com//?id_idioma=1&id_origen=web+corporativa,Inscripción en las ofertas de su portal de empleo.
31-estetica,nueva-dorsia,Cadenas de peluquería y estética,renglon,Dorsia,,"Clínicas de cirugía y medicina estética; ofertas por provincia, con asesores comerciales en la Comunidad de Madrid.",,,,,,,https://www.dorsia.es/,https://www.dorsia.es/ofertas-empleo-dorsia/,Inscripción en la oferta desde su web.
31-estetica,nueva-grupostop,Cadenas de peluquería y estética,renglon,Grupostop (Pelostop),,Depilación láser y medicina estética; vacantes para sus centros de Barcelona y Madrid.,,,,,,,https://grupostop.com/,https://grupostop.com/pages/trabaja-con-nosotros,Candidatura desde su página de empleo.
31-estetica,p74-03-07,Cadenas de peluquería y estética,renglon,Marco Aldany (Alma Corp.),,"Vacantes del grupo de las peluquerías Marco Aldany: beauty, recepcionista, limpieza, facilities y administración.",,,,,,,https://marcoaldany.com/,https://empleo.almacorp.es/jobs,Inscripción en las ofertas de su portal de empleo.
31-estetica,nueva-ohmycut,Cadenas de peluquería y estética,renglon,Oh my Cut!,,Salones de peluquería del grupo Provalliance; busca nuevos talentos y ofrece formación en color y corte.,,,,,,seleccionrrhh@correo-provalliance.es,https://ohmycut.com/,https://ohmycut.com/pages/trabaja-con-nosotros,Currículum por correo.
31-estetica,nueva-rizos,Cadenas de peluquería y estética,renglon,Rizos,,Red de salones de peluquería y estética; busca profesionales de peluquería y estética.,,,,,917020369,,https://www.rizos.es/,https://www.rizos.es/trabajo-peluqueria-madrid/,"Formulario de su web, con el currículum adjunto."
31-estetica,nueva-toniandguy,Cadenas de peluquería y estética,ficha,Toni&Guy,,"Salones de peluquería y academia; puestos de estilista, colorista y asistente en Madrid, Barcelona y Valencia.","C/ Hermosilla, 38, 28001 Madrid | C/ General Arrando, 40, 28010 Madrid",28001,Madrid,"Metro Velázquez, a 150 m",912368977;912794411,,https://toniandguy.es/,https://toniandguy.es/carrera/,"Currículum por el formulario de su web, eligiendo localización y puesto."
31-estetica,nueva-consuelo-silveira,Formación y asociaciones,ficha,Academia Consuelo Silveira,centro de formación,"Cursos y certificaciones de estética, presenciales; anuncia bolsa de empleo para su alumnado.","C/ Duque de Sesto, 34, 1.º",28009,Madrid,"Metro Goya, a 250 m",915750969,info@consuelosilveira.com,https://consuelosilveira.com/,,"Información por teléfono, correo o en sus escuelas."
31-estetica,nueva-belleza-complutense,Formación y asociaciones,ficha,Academia de Belleza Complutense,centro de formación,Formación en peluquería y estética en Alcalá de Henares; bolsa de empleo para salones que piden personal.,"C/ Pozuelo del Rey, 1",28806,Alcalá de Henares,,919289701;645784010,info@academiadebellezacomplutense.es,https://www.academiadebellezacomplutense.es/,,Currículum por correo para entrar en su bolsa de empleo.
31-estetica,nueva-anepe-impe,Formación y asociaciones,ficha,ANEPE-IMPE,asociación empresarial,"Asociación nacional de empresarios de peluquería, estética e imagen personal, con bolsa de empleo del sector.",,,,,,info@anepe-impe.org,https://anepe-impe.org/,https://anepe-impe.org/servicios/bolsa-de-empleo/,Publica tu currículum y consulta las ofertas en su bolsa de empleo.
31-estetica,nueva-escuela-provalliance,Formación y asociaciones,ficha,Escuela Provalliance Madrid,centro de formación,Escuela de peluquería y barbería del grupo Provalliance; anuncia bolsa de trabajo en salones.,"C/ José Villena, 16",28017,Madrid,"Metro El Carmen, a 200 m",914054733,universidad@correo-provalliance.es,https://www.escuelaprovalliancemadrid.com/,,"Información y matrícula por teléfono, correo o en la escuela."
11-hosteleria,p57-07,Cadenas de restauración,ficha,Alsea,,"Opera Foster's Hollywood, Domino's Pizza, VIPS, VIPS Smart, Ginos, Starbucks, Fridays y restaurantes Burger King.",,,,,,,https://europe.alsea.net/,https://europe.alsea.net/talento,"Cada marca tiene su web de empleo (gentevips.es, genteginos.es, gentedominos.es, starbuckspartners.es), enlazadas desde la página de talento."
11-hosteleria,nueva-amrest,Cadenas de restauración,ficha,"AmRest (KFC, La Tagliatella)",,"Grupo con marcas como KFC, La Tagliatella y Sushi Shop; personal de restaurante en Madrid y otros municipios.",,,,,,,https://www.amrest.eu/es,https://careeratamrest.com/es/unete,"Buscador de ofertas por país, ciudad y marca en su web de empleo; inscripción en cada oferta."
11-hosteleria,nueva-aramark,Cadenas de restauración,ficha,Aramark,,"Restauración y servicios en colegios, hospitales, residencias, empresas y eventos.",,,,,,,https://www.aramark.es/home,https://aramarkcareers.com/Central-Europe/content/Spain-Careers-es_ES/?locale=es_ES,Inscripción en las ofertas de su portal de empleo.
11-hosteleria,nueva-areas,Cadenas de restauración,ficha,Areas,,"Restauración en aeropuertos, autopistas, estaciones de tren y recintos feriales; camareros, cocineros y ayudantes.",,,,,,,https://areas.com/,https://trabaja.areas.com/jobs,"Inscripción en cada oferta de su portal de empleo, con filtro por provincia."
11-hosteleria,nueva-azotea-grupo,Cadenas de restauración,ficha,Azotea Grupo,,Grupo de restaurantes y eventos con sede en la Gran Vía de Madrid.,,,,,,,https://azoteagrupo.com/,https://azoteagrupo.epreselec.com/Ofertas/Ofertas.aspx,Ofertas activas y envío de currículum en su portal de empleo.
11-hosteleria,nueva-big-mamma,Cadenas de restauración,ficha,Big Mamma,,Restaurantes italianos; ofertas de cocina y sala en Madrid.,,,,,,,https://www.bigmammagroup.com/es,https://www.bigmammagroup.com/es/unirte-a-nosotros,Inscripción en las ofertas de su portal de empleo.
11-hosteleria,nueva-burger-king,Cadenas de restauración,ficha,Burger King (Restaurant Brands Europe),,"Dependientes, auxiliares y encargados en restaurantes Burger King. El grupo gestiona también Popeyes y Tim Hortons.",,,,,,,https://www.rbeurope.com/,https://empleo.bkspain.es/jobs,"Inscripción en cada oferta de su portal de empleo, con filtro por provincia."
11-hosteleria,nueva-carls-jr,Cadenas de restauración,ficha,Carl's Jr.,,Hamburgueserías; candidaturas para sus restaurantes. Sede en Madrid.,,,,,,,https://carlsjr.es/,https://carlsjr.es/trabaja-con-nosotros/,Formulario de candidatura en su web.
11-hosteleria,nueva-compass-group,Cadenas de restauración,ficha,Compass Group (Eurest),,"Restauración colectiva: cocineros, camareros, ayudantes de cocina, dietistas y personal de limpieza.",,,,,,,https://www.compass-group.es/,https://compassgroup.epreselec.com/Ofertas/Ofertas.aspx,Inscripción en las ofertas de su portal de empleo.
11-hosteleria,p57-10,Cadenas de restauración,ficha,Dunkin',,"Cadena de cafeterías, con tiendas en Madrid, Leganés y Aranjuez.","C/ Fuencarral, 43, 28004 Madrid | C/ Montera, 33, 28013 Madrid | C/ de la Primavera, 1, 28914 Leganés",28004,Madrid,"Metro Chueca, a 300 m",915221101,,https://www.dunkin.es/,https://www.dunkin.es/contacto/,"No publica página de empleo: currículum en la tienda o por su formulario de contacto. Resto de tiendas, en el localizador de su web."
11-hosteleria,p57-06,Cadenas de restauración,ficha,Eat Out (Grupo Ibersol),,"Pans & Company, Ribs, Santamaría y FrescCo, y locales en aeropuertos (Ibersol Travel).",,,,,,,https://eatout.es/,https://eatout.epreselec.com/Ofertas/Ofertas.aspx,Ofertas y envío de currículum en su portal de empleo; se puede filtrar por Madrid y por marca.
11-hosteleria,p57-14,Cadenas de restauración,ficha,Faborit,,Cafeterías Faborit Fresh Bar; personal para sus establecimientos.,"C/ Gran Vía, 62, 4º izda.",28013,Madrid,"Metro Santo Domingo, a 100 m",915218616,,https://www.faborit.com/,https://faborit.epreselec.com/Ofertas/Ofertas.aspx?id_origen=web+corporativa,Ofertas y envío de currículum en su portal de empleo.
11-hosteleria,nueva-five-guys,Cadenas de restauración,ficha,Five Guys,,"Personal de equipo y gerentes de restaurante; ofertas en Madrid, Getafe, Las Rozas y el aeropuerto.",,,,,,,https://www.fiveguys.es/,https://empleo.fiveguys.es/,Inscripción en las ofertas de su portal de empleo.
11-hosteleria,nueva-foodbox,Cadenas de restauración,ficha,Foodbox,,"Grupo multimarca de restauración en franquicia (Santagloria, entre otras); ofertas en Madrid.",,,,,,,https://foodbox.es/,https://foodbox.viterbit.site/,Inscripción en las ofertas de su portal de empleo.
11-hosteleria,nueva-glh-larrumba,Cadenas de restauración,ficha,GLH Singular Restaurants (antes Larrumba),,"Grupo de restaurantes: Botania, Frida, Marieta, Perrachica, La Chingona y Habanera.",,,,,,unete@larrumba.com,https://glhrestaurants.com/l/,https://glhrestaurants.com/l/trabaja-con-nosotros/,"Currículum por correo, a la dirección de su página «Trabaja con nosotros»."
11-hosteleria,nueva-goiko,Cadenas de restauración,ficha,Goiko,,"Hamburgueserías; camareros, cocineros y equipo gerencial, con ofertas en Madrid.",,,,,,,https://www.goiko.com/es/,https://empleo.goiko.com/,Inscripción en las ofertas de su portal de empleo.
11-hosteleria,p57-02,Cadenas de restauración,renglon,Granier,,Cadena de panaderías y cafeterías.,,,,,,,https://pansgranier.com/,https://pansgranier.com/ofertas,Ofertas en su página «Únete a Granier».
11-hosteleria,nueva-grosso-napoletano,Cadenas de restauración,ficha,Grosso Napoletano,,"Pizzerías napolitanas; vacantes de sala, pizzería, cocina y oficinas centrales.",,,,,,,https://www.grossonapoletano.com/,https://www.grossonapoletano.com/trabaja-con-nosotros/,Inscripción por categoría en la página de empleo de su web.
11-hosteleria,nueva-grupo-dani-garcia,Cadenas de restauración,ficha,Grupo Dani García,,Grupo de restaurantes con locales en Madrid.,,,,,,careers@grupodanigarcia.com,https://grupodanigarcia.com/,https://grupodanigarcia.com/empleo/,Candidatura desde la página de empleo de su web o por correo.
11-hosteleria,nueva-grupo-tragaluz,Cadenas de restauración,ficha,Grupo Tragaluz,,"Grupo de restaurantes; camareros, cocineros y pizzeros en sus locales de Madrid.",,,,,,,https://grupotragaluz.com/,https://grupo-tragaluz.careers.ats.bizneo.cloud/jobs,"Inscripción en cada oferta de su portal de empleo, con filtro por Madrid."
11-hosteleria,nueva-honest-greens,Cadenas de restauración,ficha,Honest Greens,,"Restaurantes de comida saludable; cocineros, friegaplatos y personal de sala en Madrid y Alcobendas.",,,,,,,https://www.honestgreens.com/es/,https://honest-greens.factorialhr.com/,Inscripción en las ofertas de su portal de empleo.
11-hosteleria,p57-04,Cadenas de restauración,renglon,KFC,,Puestos en restaurantes y en su centro de soporte de Madrid. Avisa de que nunca pide dinero en sus procesos de selección.,,,,,,,https://www.kfc.es/,https://www.kfc.es/nosotros/trabaja-en-kfc,Formulario «Trabaja con nosotros» de su web.
11-hosteleria,p57-08,Cadenas de restauración,ficha,McDonald's,,"Personal de equipo y encargados de turno en sus restaurantes, propios y franquiciados.",,,,,,,https://mcdonalds.es/,https://empleo.mcdonalds.es/,"Inscripción en cada oferta de su portal de empleo, por restaurante y localidad."
11-hosteleria,nueva-mediterranea,Cadenas de restauración,ficha,Mediterránea,,"Especialistas en restauración, con sede en Leganés.",,,,,,,https://www.mediterranea-group.com/,https://www.mediterranea-group.com/trabaja-con-nosotros/,Formulario de su web para enviar el currículum.
11-hosteleria,nueva-mallorca,Cadenas de restauración,ficha,Pastelería Mallorca,,Pastelerías y obrador artesano en Madrid.,,,,,,,https://www.pasteleria-mallorca.com/,https://www.pasteleria-mallorca.com/trabaja-con-nosotros,"Formulario de su web, con área de interés y currículum adjunto."
11-hosteleria,p57-01,Cadenas de restauración,ficha,Rodilla,,Cadena de sándwiches y cafeterías con sede en Madrid; personal de restaurante.,,,,,,,https://www.rodilla.es/,https://www.rodilla.es/empleo,Registro y ofertas en la página de empleo de su web.
11-hosteleria,nueva-serunion,Cadenas de restauración,ficha,Serunion,,"Restauración colectiva en escuelas, hospitales, residencias y empresas; cocineros y monitores de comedor.",,,,,,,https://www.serunion.es/es,https://serunion.career.velorahr.com/194,Ofertas en su portal de empleo; también admite candidatura abierta.
11-hosteleria,nueva-sodexo,Cadenas de restauración,ficha,Sodexo,,"Restauración y gestión de instalaciones en empresas, hospitales, residencias, colegios y universidades.",,,,,,,https://www.sodexo.es/,https://sodexo.epreselec.com/Ofertas/Ofertas.aspx,Inscripción en las ofertas de su portal de empleo.
11-hosteleria,p57-13,Cadenas de restauración,ficha,Taco Bell,,Personal de equipo en sus restaurantes; hay ofertas en Madrid.,,,,,,talento@tacobell.es,https://tacobell.es/,https://tacobellempleo.es/,"Registro en su plataforma de empleo eligiendo restaurantes, videoentrevista de tres preguntas y entrevista en el restaurante."
11-hosteleria,p57-09,Cadenas de restauración,ficha,Telepizza y Pizza Hut (Food Delivery Brands),,"Tiendas de Telepizza y Pizza Hut (reparto y elaboración), fábrica de masas en Daganzo y oficinas centrales.",,,,,,,https://www.fooddeliverybrands.com/,https://empleo.fooddeliverybrands.com/,Se busca la oferta por provincia en su portal y se hace la inscripción; también admite currículum sin oferta.
11-hosteleria,nueva-tierra-burrito,Cadenas de restauración,ficha,Tierra Burrito,,Burritos y tacos; ayudantes de cocina y de camarero en sus restaurantes de Madrid.,,,,,,,https://www.tierraburritos.com/,https://tierra-burritos.viterbit.site/,Inscripción en las ofertas de su portal de empleo.
11-hosteleria,nueva-udon,Cadenas de restauración,ficha,UDON,,Restaurantes de cocina asiática; equipo de sala y de cocina en locales de Madrid y Rivas-Vaciamadrid.,,,,,,,https://www.udon.com/,https://www.udon.com/personas,Ofertas por restaurante en la página «Personas» de su web.
11-hosteleria,nueva-viena-capellanes,Cadenas de restauración,ficha,Viena Capellanes,,"Catering, pastelería y tiendas en Madrid.",,,,,,,https://www.vienacapellanes.com/,https://www.vienacapellanes.com/trabaja-con-nosotros,"Formulario de su web, con carta y currículum en PDF."
11-hosteleria,nueva-accor,Hoteles,renglon,Accor,,Portal de empleo internacional del grupo; ofertas en hoteles de Madrid.,,,,,,,https://careers.accor.com/global/en/,https://careers.accor.com/global/en/jobs?q=Madrid,Buscador de ofertas en su portal de empleo (en inglés); el enlace va a las de Madrid.
11-hosteleria,nueva-barcelo,Hoteles,renglon,Barceló Hotel Group,,"Camareros, cocineros, recepción y servicios técnicos en sus hoteles; ofertas en Madrid.",,,,,,,https://www.barcelogrupo.com/trabaja-con-nosotros/,https://barcelo.wd3.myworkdayjobs.com/es/Barcelo_Careers,Inscripción en las ofertas de su portal de empleo.
11-hosteleria,nueva-catalonia,Hoteles,renglon,Catalonia Hotels & Resorts,,Cadena con hoteles en Madrid; publica sus ofertas en Turijobs e InfoJobs.,,,,,,,https://www.cataloniahotels.com/es,https://www.cataloniahotels.com/es/corporate-pages/trabaja-con-nosotros,Desde su página de empleo se pasa a sus ofertas en Turijobs e InfoJobs.
11-hosteleria,nueva-hotusa-eurostars,Hoteles,renglon,Eurostars Hotel Company (Grupo Hotusa),,Ofertas de trabajo y prácticas en los hoteles y oficinas del Grupo Hotusa.,,,,,,,https://www.eurostarshotels.com/empleo,https://jobs.grupohotusa.com/,Inscripción en las ofertas de su portal de empleo.
11-hosteleria,nueva-h10,Hoteles,renglon,H10 Hotels,,"Recepción, cocina, mantenimiento y pisos; ofertas con filtro por Madrid.",,,,,,,https://www.h10hotels.com/es,https://jobs.h10hotels.com/jobs,Inscripción en las ofertas de su portal de empleo.
11-hosteleria,nueva-hilton,Hoteles,renglon,Hilton,,"Portal de empleo internacional del grupo, que tiene hoteles en Madrid.",,,,,,,,https://jobs.hilton.com/,Buscador de ofertas en su portal de empleo (en inglés); se busca por «Madrid».
11-hosteleria,nueva-iberostar,Hoteles,renglon,Iberostar,,"Portal de empleo del grupo: puestos en hoteles, oficinas y prácticas.",,,,,,,https://grupoiberostar.com/es/,https://grupoiberostar.com/es/portal-de-empleo/,Inscripción en las ofertas de su portal.
11-hosteleria,nueva-ilunion-hotels,Hoteles,renglon,ILUNION Hotels,,"Cadena hotelera de ILUNION, del Grupo Social ONCE, con hoteles en Madrid.",,,,,,,https://www.ilunionhotels.com/,https://empleo.ilunion.com/go/ILUNION-HOTELS/8682402/,Inscripción en las ofertas de su portal de empleo.
11-hosteleria,nueva-marriott,Hoteles,renglon,Marriott,,"Portal de empleo internacional del grupo, con más de treinta marcas hoteleras.",,,,,,,,https://careers.marriott.com/es/,Búsqueda por ciudad e inscripción en su portal.
11-hosteleria,nueva-melia,Hoteles,renglon,Meliá Hotels International,,"Profesionales de hotel (recepción, alimentos y bebidas, pisos); ofertas en hoteles de Madrid.",,,,,,,https://careers.melia.com/,https://careers.melia.com/,Inscripción en las ofertas de su portal de empleo.
11-hosteleria,nueva-nh-minor,Hoteles,renglon,NH Hotels y Minor Hotels,,Empleo en los hoteles de NH y Minor Hotels Europe & Americas.,,,,,,,https://www.nh-hotels.com/es/,https://www.nh-hotels.com/es/careers,Inscripción en las ofertas de su portal de empleo.
11-hosteleria,nueva-palladium-only-you,Hoteles,renglon,Only YOU Hotels (Palladium Hotel Group),,Ofertas de empleo y prácticas en los hoteles Only YOU y el resto de Palladium.,,,,,,,https://www.onlyyouhotels.com/,https://jobs.palladiumhotelgroup.com/go/Hotel-Only-You/9094102/,Inscripción en las ofertas de su portal de empleo.
11-hosteleria,nueva-paradores,Hoteles,renglon,Paradores,,"Empresa pública; en la Comunidad de Madrid, el Parador de Alcalá de Henares. Bolsa de ofertas y convocatorias.",,,,,,,https://paradores.es/es,https://paradores.es/es/empleo,"Ofertas y envío de currículum en su portal; las convocatorias de plazas fijas tienen plataforma propia, enlazada desde la misma página."
11-hosteleria,nueva-petit-palace,Hoteles,renglon,Petit Palace (Hotelatelier),,Hoteles urbanos; ofertas con filtro por Madrid.,,,,,,,https://www.petitpalace.com/es/,https://petitpalace.epreselec.com/Ofertas/Ofertas.aspx,Inscripción en las ofertas de su portal de empleo.
11-hosteleria,nueva-riu,Hoteles,renglon,RIU Hotels & Resorts,,"Restaurante, recepción y mantenimiento de hotel; tiene página de vacantes de Madrid.",,,,,,,https://jobs.riu.com/,https://jobs.riu.com/locations/madrid,Inscripción en las ofertas de su portal de empleo.
11-hosteleria,nueva-room-mate,Hoteles,renglon,Room Mate Hotels,,"Hoteles en Madrid (Alba, Alicia, Macarena, Mario, Óscar); ofertas de camareros y personal de hotel.",,,,,,,https://room-matehotels.com/es/,https://room-matehotels.com/es/trabaja-con-nosotros/,Formulario de la página de empleo de su web.
11-hosteleria,nueva-sercotel,Hoteles,renglon,Sercotel Hotels,,"Mantenimiento, pisos, recepción y restauración; ofertas con filtro por Madrid.",,,,,,,https://www.sercotelhoteles.com/es,https://sercotel.epreselec.com/Ofertas/Ofertas.aspx,Inscripción en las ofertas de su portal de empleo.
11-hosteleria,nueva-vincci,Hoteles,renglon,Vincci Hoteles,,"Cadena con varios hoteles en Madrid (Capitol, Centrum, Soho, Soma, The Mint, Vía 66).",,,,,,,https://www.vinccihoteles.com/es/,https://www.vinccihoteles.com/es/empleo/,Inscripción en las ofertas de su portal de empleo.
11-hosteleria,nueva-vp-hoteles,Hoteles,renglon,VP Hoteles,,"Hoteles en Madrid y Tres Cantos (VP Plaza España Design, VP Jardín de Recoletos…).",,,,,,,https://www.vphoteles.com/,https://www.vphoteles.com/empleo-hoteles/,"Ofertas y envío de currículum en su portal de empleo, enlazado desde la web."
11-hosteleria,nueva-aehm,Bolsas y portales del sector,ficha,Asociación Empresarial Hotelera de Madrid (AEHM),asociación empresarial,Publica ofertas de empleo y prácticas de los hoteles asociados y enlaza las ofertas de Madrid en Turijobs.,"C/ Marqués de Cubas, 25, 4º izq.",28014,Madrid,"Metro Banco de España, a 350 m",915414010,aehm@aehm.es,https://aehm.es/,https://aehm.es/empleo-y-practicas/,Ofertas publicadas en la sección «Empleo y prácticas» de su web.
11-hosteleria,nueva-gastroempleo,Bolsas y portales del sector,renglon,Gastroempleo,,Portal de ofertas de empleo de gastronomía.,,,,,,,https://www.gastroempleo.com/,https://www.gastroempleo.com/ofertas/,Alta como candidato e inscripción en las ofertas.
11-hosteleria,nueva-hosco,Bolsas y portales del sector,renglon,Hosco,,"Red de búsqueda de empleo en hostelería y turismo: cocina, catering, recepción, limpieza, pastelería.",,,,,,,https://www.hosco.com/es,https://www.hosco.com/es/trabajos,Registro en la red e inscripción en las ofertas.
11-hosteleria,nueva-hosteleo,Bolsas y portales del sector,renglon,Hosteleo,,"Portal de ofertas de trabajo en hostelería y turismo, con búsqueda por puesto y provincia. Es de la consultora Linkers.",,,,,,,https://hosteleo.com/es,https://hosteleo.com/es,Alta como candidato e inscripción en las ofertas.
11-hosteleria,nueva-hosteleria-madrid,Bolsas y portales del sector,ficha,Hostelería Madrid,agencia de colocación,"Asociación empresarial de la hostelería madrileña, con agencia de colocación autorizada y portal de empleo.","Paseo de Santa María de la Cabeza, 1, 1ª planta",28045,Madrid,"Metro Estación del Arte, a 250 m",913600909,agenciadecolocacion@hosteleriamadrid.com,https://www.hosteleriamadrid.com/,https://www.jobfie.es/asociacion/hosteleriamadrid,Portal de empleo enlazado desde su web; la agencia de colocación atiende por correo.
11-hosteleria,nueva-linkers,Bolsas y portales del sector,ficha,Linkers,consultora de selección,Consultora de selección de personal para hostelería; propietaria del portal Hosteleo.,,,,,911048484,,https://linkers.es/,https://hosteleo.com/alta-candidato,"Los candidatos se dan de alta en Hosteleo, su portal de empleo."
11-hosteleria,nueva-turijobs,Bolsas y portales del sector,renglon,Turijobs,,Portal de empleo de turismo y hostelería.,,,,,,,https://www.turijobs.com/es-es,https://www.turijobs.com/es-es/ofertas-trabajo/madrid,Registro del currículum e inscripción en las ofertas.
40-eventos,nueva-atletico-madrid,"Recintos feriales, estadios y salas",ficha,Atlético de Madrid,,"Club de fútbol del estadio Riyadh Air Metropolitano: ofertas de estadio, tour y museo, tiendas y restauración (F&B).","Paseo de los Colchoneros, 1",28022,Madrid,,917260403,,https://www.atleticodemadrid.com/,https://www.atleticodemadrid.com/ofertas-de-trabajo,Ofertas en su web y formulario «Déjanos tu currículum» para candidaturas espontáneas.
40-eventos,nueva-hipodromo-zarzuela,"Recintos feriales, estadios y salas",ficha,Hipódromo de la Zarzuela,empresa pública,"Hipódromo de Madrid, con carreras de caballos y eventos; publica sus procesos de selección con bases y listas de aspirantes.","Avenida Padre Huidobro, s/n",28023,Madrid,,,info@hipodromodelazarzuela.es,https://www.hipodromodelazarzuela.es/,https://www.hipodromodelazarzuela.es/informacion-corporativa,Procesos de selección en el apartado «Ofertas de empleo» de su información corporativa.
40-eventos,nueva-ifema-eventos,"Recintos feriales, estadios y salas",renglon,IFEMA Madrid,,Trabajo y prácticas en IFEMA Madrid.,,,,,,,https://www.ifema.es/,https://www.ifema.es/contacto/trabaja-con-nosotros,Envío del currículum desde su web.
40-eventos,nueva-movistar-arena,"Recintos feriales, estadios y salas",ficha,Movistar Arena,,"Recinto de conciertos, eventos deportivos y espectáculos en la avenida de Felipe II.","Avenida Felipe II, s/n",28009,Madrid,,914449949,,https://www.movistararena.es/,https://www.movistararena.es/ayuda/,Su página de ayuda («¿Cómo puedo trabajar en el Movistar Arena?») remite a su portal de ayuda para contactar.
40-eventos,nueva-palacio-vistalegre,"Recintos feriales, estadios y salas",ficha,Palacio Vistalegre,,Recinto de conciertos y espectáculos que alquila también sus espacios para eventos.,"C/ Utebo, 1",28025,Madrid,"Metro Vista Alegre, a 250 m",914220781,hola@palaciovistalegre.com,https://www.palaciovistalegre.com/,,No publica vía de empleo en su web: contacto general por teléfono o correo.
40-eventos,nueva-real-madrid,"Recintos feriales, estadios y salas",ficha,Real Madrid,,Club de fútbol y baloncesto con sede en el estadio Santiago Bernabéu.,"Avenida Concha Espina, 1 – Puerta 44",28036,Madrid,"Metro Santiago Bernabéu, a 150 m",913984300,,https://www.realmadrid.com/es-ES,,No publica ofertas de empleo en su web: contacto por la centralita del club.
40-eventos,nueva-la-riviera,"Recintos feriales, estadios y salas",ficha,Sala La Riviera,,Sala de conciertos y discoteca que organiza también eventos privados.,"Paseo Bajo de la Virgen del Puerto, s/n",28005,Madrid,,913652415,administracion@salariviera.com,https://salariviera.com/,,No publica vía de empleo en su web: contacto general por correo.
40-eventos,nueva-a10-azafatas-eventos,"Azafatas, auxiliares y personal de eventos",ficha,A10 Azafatas,,Agencia de azafatas y personal promocional para eventos y acciones de promoción.,"C/ Marqués de Monteagudo, 24",28028,Madrid,"Metro Cartagena, a 350 m",915654769,,https://a10azafatas.com/,https://a10azafatas.com/trabaja-con-nosotros/,Inscripción en su base de datos desde «Trabaja con nosotros».
40-eventos,nueva-ab-grupo,"Azafatas, auxiliares y personal de eventos",ficha,AB Grupo,,"Agencia de azafatas de congresos, ferias y protocolo, auxiliares de información y personal para eventos en Barcelona y Madrid.",,,,,,rrhh@ab-grupo.com,https://ab-grupo.com/,https://ab-grupo.com/trabaja-con-nosotros/,Formulario de su página «Trabaja con nosotros»; algunas ofertas las publican en sus redes sociales.
40-eventos,nueva-ache-azafatas-eventos,"Azafatas, auxiliares y personal de eventos",ficha,ACHE Azafatas,,Agencia de azafatas para eventos y personal de recepción.,"C/ de Cadarso, 8",28008,Madrid,"Metro Plaza de España, a 450 m",914440123,,https://acheazafatas.es/,https://acheazafatas.es/unete/,Inscripción gratuita con perfil en «Únete».
40-eventos,nueva-agencia-ego,"Azafatas, auxiliares y personal de eventos",ficha,Agencia EGO,,"Agencia de azafatas y personal de eventos: azafatas, runners, taquilleros, auxiliares de información y otros perfiles.","C/ Domenico Scarlatti, 1, bajo",28003,Madrid,"Metro Islas Filipinas, a 350 m",914362489,info@agenciaego.com,https://www.agenciaego.com/,https://trabaja-con-nosotros.es/agenciaego/,"Alta en su bolsa con el formulario de su web: datos, disponibilidad, fotos y currículum."
40-eventos,nueva-agencia-eme,"Azafatas, auxiliares y personal de eventos",ficha,Agencia Eme,,"Agencia de azafatas y personal para eventos, ferias y campañas.","C/ Princesa, 31, 2º",28008,Madrid,"Metro Ventura Rodríguez, a 150 m",690130984,rrhh@agenciaeme.es,https://agenciaeme.es/,,Currículum con fotos (primer plano y cuerpo entero) por correo a rrhh@agenciaeme.es.
40-eventos,nueva-bestway-events,"Azafatas, auxiliares y personal de eventos",ficha,BestWay,,"Azafatas de protocolo, promotores de venta y personal para eventos corporativos, congresos y ferias.","C/ de la Coruña, 15",28020,Madrid,"Metro Estrecho, a 250 m",914576660,bestway@bestwayevents.com,https://www.bestwayevents.com/,https://www.bestwayevents.com/trabaja-con-nosotros/,Se trabaja con ellos a través de su aplicación: la página «Trabaja con nosotros» invita a descargarla.
40-eventos,nueva-catch-control,"Azafatas, auxiliares y personal de eventos",ficha,Catch & Control,,"Controladores de acceso y auxiliares de servicios para conciertos, eventos deportivos, discotecas y presentaciones.",,,,,917388912,info@catchandcontrol.com,https://catchandcontrol.com/,,No publica vía de empleo en su web: contacto con su oficina de Madrid por teléfono o correo.
40-eventos,nueva-control-steward,"Azafatas, auxiliares y personal de eventos",ficha,Control Steward,,Personal para eventos y control de accesos en Madrid y Barcelona.,"C/ el Electrodo, 68, despacho 23",28522,Rivas-Vaciamadrid,,645454350,administracion@controlsteward.com,https://www.controlsteward.com/,https://www.controlsteward.com/empleo.html,Currículum por correo a administracion@controlsteward.com.
40-eventos,nueva-eventazza,"Azafatas, auxiliares y personal de eventos",ficha,Eventazza,,"Agencia de eventos y azafatas: azafatas, azafatos, maleteros y personal de sala para congresos y eventos.","C/ Zurbano, 29",28010,Madrid,"Metro Alonso Martínez, a 350 m",913078988,info@eventazza.es,https://www.eventazza.es/,https://www.eventazza.es/rrhh/,Formulario de candidatura: entras en su bolsa y te avisan cuando hay un evento para tu perfil.
40-eventos,nueva-fama-agency,"Azafatas, auxiliares y personal de eventos",ficha,FAMA Agency,,"Agencia de azafatas y modelos para ferias, congresos y eventos, con sede principal en Madrid.","Calle Bormonia, 7",28037,Madrid,"Metro Ciudad Lineal, a 100 m",722319770,rrhh@famaagency.es,https://famaagency.es/,https://empleo.agenciafama.es/,"Formulario de su web de empleo con currículum y fotos: azafata, camarero, coordinador, intérprete, transfer…"
40-eventos,nueva-grupo-pennywise,"Azafatas, auxiliares y personal de eventos",ficha,Grupo Pennywise,,"Personal para montaje, carga y descarga, técnicos, atención al público y hostelería en conciertos, espectáculos y ferias.","Avda. Felipe II, Movistar Arena",28009,Madrid,,,,https://www.grupopennywise.com/,https://www.grupopennywise.com/trabaja-con-nosotros-preinscripcion/,"Preinscripción en su web con el currículum en PDF; se puede trabajar todo el año, en verano o en momentos puntuales."
40-eventos,nueva-tema-promotion,"Azafatas, auxiliares y personal de eventos",ficha,Grupo TEMA,,"Promotores, azafatas y fuerzas de venta para punto de venta y eventos, con cobertura nacional.","C/ Raimundo Fernández Villaverde, 59",28003,Madrid,"Metro Nuevos Ministerios, a 350 m",915352520,info@temapromotion.com,https://www.temapromotion.com/,https://www.temapromotion.com/empleo-trabajo/,Inscripción en su portal del candidato; las ofertas salen en su página de empleo.
40-eventos,nueva-gsg-control,"Azafatas, auxiliares y personal de eventos",ficha,GSG Control & Servicios,,"Control de accesos, gestión de aforos y personal auxiliar para eventos, conciertos y festivales.","Calle Poeta Joan Maragall, 60, 2ª planta",28020,Madrid,"Metro Valdeacederas, a 350 m",667522948,info@gsgcontrol.es,https://gsgcontrol.es/,,No publica vía de empleo en su web: contacto general por teléfono o correo.
40-eventos,nueva-agencia-azafatas-eventos,"Azafatas, auxiliares y personal de eventos",ficha,La Agencia de Azafatas,,"Agencia de azafatas para eventos, congresos y ferias.","C/ Hermosilla, 48",28001,Madrid,"Metro Velázquez, a 150 m",917372763,,https://agenciaazafatas.com/,https://agenciaazafatas.com/por-que-trabajar-con-nosotros/,Desde «Trabaja con nosotros» en su web.
40-eventos,nueva-new-line-events,"Azafatas, auxiliares y personal de eventos",ficha,New Line Events,,"Agencia de azafatas, promotores y personal para eventos, congresos y punto de venta, con cobertura en toda España.","C/ Edgar Neville, 27",28020,Madrid,"Metro Alvarado, a 550 m",915358092,info@newlineevents.es,https://www.newlineevents.es/,https://www.newlineevents.es/empleo-new-line/,Ofertas en su página de empleo y envío del currículum desde su web.
40-eventos,nueva-showco,"Azafatas, auxiliares y personal de eventos",ficha,Showco,,"Personal para carga y descarga, montaje, asistencia técnica, catering y conducción de maquinaria en eventos de Madrid.","Avda. Felipe II, s/n, planta 3 (Movistar Arena)",28009,Madrid,,,info@showco.es,https://showco.es/,https://showco.es/trabaja-con-nosotros,Formulario de inscripción: revisan tu perfil y te llaman si encajas en los próximos eventos.
40-eventos,nueva-siglo-xxi-azafatas,"Azafatas, auxiliares y personal de eventos",ficha,Siglo XXI Azafatas,,"Azafatas de feria, de congreso y de protocolo, bilingües y promotoras para ferias, eventos, congresos y puntos de venta.","Calle Ferraz, 35, 1º derecha",28008,Madrid,"Metro Argüelles, a 400 m",910241313,info@sigloxxiazafatas.com,https://sigloxxiazafatas.com/,https://forms.zohopublic.com/siglo21/form/InscripcinOferta/formperma/oEAtqC0rhSN5I8fZrnRPx3FtkYifPnmOPC_bztD8Ueg?p=Web,Formulario «Únete» de su web para inscribirse en sus ofertas.
40-eventos,nueva-staff-global-group,"Azafatas, auxiliares y personal de eventos",ficha,Staff Global Group,,"Personal para eventos: azafatas, acreditaciones y control de accesos en IFEMA, Movistar Arena, La Nave y otros recintos.","C/ Téllez, 24, oficina 4A",28007,Madrid,"Metro Menéndez Pelayo, a 250 m",932182420,,https://staffglobalgroup.com/,https://vacantes.staffglobalgroup.com/,Vacantes en su portal de empleo.
40-eventos,nueva-acteon,"Montaje, producción y técnica",ficha,Acteon Producciones,,"Producción de eventos corporativos: pantallas LED, sonido, iluminación, streaming y traducción simultánea.","Calle de Daganzo, 19",28002,Madrid,"Metro Cartagena, a 300 m",914130315,info@acteonproducciones.com,https://www.acteonproducciones.com/,,No publica vía de empleo en su web: contacto general por teléfono o correo.
40-eventos,nueva-audiovisuales-fader,"Montaje, producción y técnica",ficha,Audiovisuales FADER,,"Alquiler y montaje de pantallas LED, sonido, iluminación y traducción simultánea para eventos.","C/ Fontaneros, 4, nave 2",28830,San Fernando de Henares,,916776858,info@audiovisualesfader.com,https://www.audiovisualesfader.com/,https://www.audiovisualesfader.com/empresa-de-alquiler-de-material-audiovisual/trabaja-con-nosotros/,Currículum por el formulario de su página «Trabaja con nosotros» (técnico audiovisual).
40-eventos,nueva-avanza-events,"Montaje, producción y técnica",ficha,Avanza Events,,"Diseño, fabricación y montaje de stands y escenarios para ferias, congresos y eventos.","C/ Resina, 35, nave 16",28021,Madrid,"Cercanías San Cristóbal Industrial, a 600 m",916010484,comercial@avanzagroup.com,https://avanzaevents.com/,,No publica vía de empleo en su web: contacto general por teléfono o correo.
40-eventos,nueva-dimar-audiovisual,"Montaje, producción y técnica",ficha,Dimar Audiovisual,,"Audiovisuales para eventos: alquiler de sonido, iluminación y vídeo y realización técnica.","C/ Chapinería, 6",28925,Alcorcón,"Metro Ligero Ventorro del Cano, a 450 m",916335280,info@dimaraudiovisual.es,https://www.dimaraudiovisual.es/,,No publica vía de empleo en su web: contacto general por teléfono o correo.
40-eventos,nueva-fluge,"Montaje, producción y técnica",ficha,Fluge Audiovisuales,,"Alquiler de sonido, iluminación y vídeo para eventos, festivales, teatros, musicales y giras.","C/ Sierra de Albarracín, 61, Pol. Ind. Las Monjas",28500,Arganda del Rey,,918231050,info@fluge.es,https://fluge.es/,,No publica vía de empleo en su web: contacto general por teléfono o correo.
40-eventos,nueva-diezcarpintero,"Montaje, producción y técnica",ficha,Grupo Diezcarpintero,,"Diseño, fabricación, montaje y desmontaje de stands para ferias, congresos y eventos en España y Europa.","Travesía Miño, 12, nave A24, Pol. Ind. La Raya",28816,Camarma de Esteruelas,,911424344,info@diezcarpintero.es,https://www.diezcarpintero.es/,https://www.diezcarpintero.es/trabaja-con-nosotros,"Formulario de candidatura con currículum (carpintería, electricidad, pintura, rotulación, logística, montaje…), aunque no haya vacante."
40-eventos,nueva-grupo-pacifico,"Montaje, producción y técnica",ficha,Grupo Pacífico,,"Organización de congresos, convenciones, viajes de incentivo y eventos; oficinas en Madrid, Barcelona, Sevilla y Zaragoza.","C/ Castelló, 128",28006,Madrid,"Metro Avenida de América, a 300 m",913836000,,https://pacifico-meetings.com/es/,,No publica vía de empleo en su web: contacto general por teléfono.
40-eventos,nueva-montazar,"Montaje, producción y técnica",ficha,Montazar,,"Diseño, fabricación e instalación de stands para ferias y congresos, con taller de carpintería y CNC.","C/ Juan de la Cierva, 2, nave 12",28340,Valdemoro,,918391340,,https://www.montazar.es/,,No publica vía de empleo en su web: contacto general por teléfono.
40-eventos,nueva-neodesign-europe,"Montaje, producción y técnica",ficha,NeoDesign Europe,,Stands para ferias fabricados en su taller de Humanes de Madrid; monta en IFEMA y en la Fira de Barcelona.,"C/ Petunia, 12",28970,Humanes de Madrid,,916686413,hablamos@neodesigneurope.com,https://neodesigneurope.com/,,No publica vía de empleo en su web: contacto general por teléfono o correo.
40-eventos,nueva-pro-rigging,"Montaje, producción y técnica",ficha,Pro.Rigging,,Rigging para espectáculos y eventos: técnica en aéreos y control de movimientos.,"Calle Camelias, 5",28410,Manzanares el Real,,619336708,pro-rigging@pro-rigging.es,https://www.pro-rigging.es/,,No publica vía de empleo en su web: contacto general por teléfono o correo.
40-eventos,nueva-provocador,"Montaje, producción y técnica",ficha,Provocador Producciones,,"Organización y producción de eventos y espectáculos, con equipos técnicos y artísticos.","Av. de los Pirineos, 9, nave 14",28703,San Sebastián de los Reyes,,919931770,,https://provocador.es/,https://provocador.es/trabaja-con-nosotros/,"Formulario «Talento y proveedores»: técnicos, personal de acreditaciones y accesos; como freelance, en prácticas o con contrato."
40-eventos,nueva-rmr-audiovisuales,"Montaje, producción y técnica",ficha,RMR Audiovisuales,,"Servicios audiovisuales para eventos corporativos, congresos y presentaciones.","C/ Montes de Toledo, 10, nave 10",28830,San Fernando de Henares,,912335400,info@rmraudiovisuales.com,https://rmraudiovisuales.com/,,No publica vía de empleo en su web: contacto general por teléfono o correo.
40-eventos,nueva-ruge-audiovisuales,"Montaje, producción y técnica",ficha,RUGE Audiovisuales,,"Productora audiovisual para eventos y espectáculos: alquiler y montaje de sonido, iluminación y vídeo.","Av. de Castilla, 30-32, nave 74",28830,San Fernando de Henares,,661303956,info@rugeaudiovisuales.com,https://www.rugeaudiovisuales.com/,,No publica vía de empleo en su web: contacto general por teléfono o correo.
40-eventos,nueva-staff-resource,"Montaje, producción y técnica",ficha,Staff Resource,,"Equipos técnicos de sonido, iluminación, audiovisuales, escenarios y FX, y organización de eventos culturales y deportivos.","Calle Sauce, 6",28729,Navalafuente,,609054094,info@staffresource.es,https://www.staffresource.es/,,No publica vía de empleo en su web: contacto general por teléfono o correo.
40-eventos,nueva-team-bustamante,"Montaje, producción y técnica",ficha,Team Bustamante,,"Escenografía: diseño y construcción de decorados y escenarios para televisión, eventos y marcas.","Camino de los Nogales, 2",28140,Fuente el Saz de Jarama,,649304837,info@teambustamante.es,https://teambustamante.es/,,No publica vía de empleo en su web: contacto general por teléfono o correo.
40-eventos,nueva-acadi-catering,Catering y restauración de eventos,ficha,Acadi Catering,,"Catering para eventos, empresas y particulares en Madrid.","Avenida Real de Pinto, 158",28021,Madrid,"Metro Los Espartales, a 900 m",917972465,info@acadicatering.com,https://acadicatering.com/,,No publica vía de empleo en su web: contacto general por teléfono o correo.
40-eventos,nueva-cbe-catering,Catering y restauración de eventos,ficha,CBE Catering,,"Catering para eventos corporativos, cócteles, bodas y comuniones.","C/ Ciudad de Frías, 24, portal 48",28021,Madrid,"Metro Villaverde Alto, a 300 m",915061319,info@cbecatering.es,https://www.cbecatering.es/,https://www.cbecatering.es/trabaja-con-nosotros/,Formulario de su página «Trabaja con nosotros».
40-eventos,nueva-cristina-oria,Catering y restauración de eventos,ficha,Cristina Oria,,"Restaurantes, tiendas gourmet y catering para eventos.","Calle Marqués de Monteagudo, 18",28028,Madrid,"Metro Cartagena, a 400 m",914356621,recursoshumanos@cristinaoria.com,https://cristinaoria.com/,,Currículum por correo a recursoshumanos@cristinaoria.com (enlace «Trabaja con nosotros» del pie de su web).
40-eventos,nueva-espacio-catering,Catering y restauración de eventos,ficha,Espacio Catering y Eventos,,"Catering para empresas y eventos: coffee break, vino español, cóctel, bufé, comidas y cenas.","C/ Beatriz de Bobadilla, 9, local",28040,Madrid,"Metro Guzmán el Bueno, a 300 m",915539506,catering@espaciocateringyeventos.com,https://espaciocateringyeventos.com/,,No publica vía de empleo en su web: contacto general por teléfono o correo.
40-eventos,nueva-goblin-catering,Catering y restauración de eventos,ficha,Goblin Catering,,Catering para empresas y particulares en la Comunidad de Madrid.,"Calle Zurich, 31",28232,Las Rozas de Madrid,,695581020,info@goblincatering.com,https://www.goblincatering.com/,https://www.goblincatering.com/catering-madrid-trabajo/,"Currículum por correo a info@goblincatering.com: camareros, responsables de sala y eventos, cocineros, ayudantes de cocina."
40-eventos,nueva-jardin-delicias,Catering y restauración de eventos,ficha,Jardín Delicias,,"Catering para fiestas privadas, eventos y empresas en la Comunidad de Madrid.","Calle Ajalvir, 13",28863,Cobeña,,658776720,info@jardindelicias.es,https://jardindelicias.es/,,No publica vía de empleo en su web: contacto general por teléfono o correo.
40-eventos,nueva-life-gourmet,Catering y restauración de eventos,renglon,Life Gourmet Catering,,Empresa de catering y eventos: portal con sus ofertas y formulario para contactar con Recursos Humanos.,,,,,,,,https://lifegourmetcatering.viterbit.site/,Ofertas en su portal de empleo y formulario «Únete a Life Gourmet Catering».
40-eventos,nueva-mice-catering,Catering y restauración de eventos,ficha,MICE Catering,,"Catering para congresos, ferias y eventos corporativos.","C/ Isla de Palma, 4",28703,San Sebastián de los Reyes,"Metro Reyes Católicos, a 700 m",919930366,,https://micecatering.com/,https://micecatering.com/empleo/,Vacantes en su página de empleo y formulario para mandar el currículum aunque no haya oferta.
40-eventos,nueva-samantha-catering,Catering y restauración de eventos,ficha,Samantha de España,,Catering para eventos corporativos y particulares.,"Avda. de la Industria, 32, nave 30",28108,Alcobendas,,914840097,,https://www.samanthacatering.com/,https://www.samanthacatering.com/trabaja-con-nosotros/,"Formulario de su página «Trabaja con nosotros», eligiendo puesto: sala o cocina (plantilla o extra), comercial, almacén…"
40-eventos,nueva-last-tour,Promotoras de conciertos y espectáculos,ficha,Last Tour,,"Promotora musical de conciertos y festivales, con oficinas en Bilbao, Barcelona, Madrid y otras ciudades.","Calle San Bernardo, 74, 1º dcha.",28015,Madrid,"Metro San Bernardo, a 200 m",,,https://lasttour.org/es/,https://lasttour.org/es/contacto/,Botón «Envía tu candidatura» («Únete a Last Tour») de su página de contacto.
40-eventos,nueva-mad-cool,Promotoras de conciertos y espectáculos,ficha,Mad Cool Festival,,Festival de música de Madrid.,"Calle Gran Vía, 27, piso 1, oficina izquierda",28013,Madrid,"Metro Gran Vía, a 100 m",,info@madcool.es,https://madcoolfestival.es/,https://madcoolfestival.es/work,Formulario «Work with us» con currículum; solo admite una candidatura y te llaman si pasas a la siguiente fase.
40-eventos,nueva-planet-events,Promotoras de conciertos y espectáculos,ficha,Planet Events,,Promotora de conciertos y eventos musicales.,"Gran Vía, 32 bis, 6ª planta",28013,Madrid,,917817983,planet@planetevents.es,https://www.planetevents.es/,,No publica vía de empleo en su web: contacto general por teléfono o correo.
40-eventos,nueva-sold-out,Promotoras de conciertos y espectáculos,ficha,Sold Out,,"Producción, promoción y organización de eventos de entretenimiento en vivo.","Calle Pinar, 15, 1º B",28006,Madrid,"Metro Gregorio Marañón, a 300 m",914358478,info@soldout.es,https://soldout.es/,,No publica vía de empleo en su web: contacto general por teléfono o correo.
16-deporte,p50-12,Piscinas y socorrismo,ficha,Alvipool,,Mantenimiento de piscinas y servicios integrales para comunidades.,"C. Valgrande, 18, nave C",28108,Alcobendas,,917128190,info@alvipool.com,https://www.alvipool.com/,,No publica vía de empleo: contacto por teléfono o correo.
16-deporte,p50-06,Piscinas y socorrismo,ficha,Aquaglass,,"Mantenimiento y gestión de piscinas comunitarias, con y sin socorrista.","Calle Anita Martínez, 18, local",28918,Leganés,,914815713,aquaglass@aquaglass.es,https://aquaglass.es/,,"Formulario de contacto de su web, marcando la opción «Socorrista»."
16-deporte,p50-03,Piscinas y socorrismo,ficha,Argos Piscinas,,Tienda y mantenimiento de piscinas; recoge currículums para socorristas y personal de mantenimiento.,,,,,628242773,argospiscinas@hotmail.com,https://www.argospiscinas.es/,https://www.argospiscinas.es/quieres-trabajar/,"Formulario «¿Quieres trabajar?» de su web, adjuntando el currículum."
16-deporte,p51-08,Piscinas y socorrismo,ficha,Elitepool,,"Mantenimiento de piscinas; busca socorristas, técnicos de mantenimiento, limpieza, conserjes y controladores de acceso.","Calle Rafael Marcote, 1, local 5",28053,Madrid,"Cercanías Asamblea de Madrid-Entrevías, a 200 m",658842622,rrhh@elitepool.es,https://www.elitepool.es/,https://www.elitepool.es/empleo-piscinas-madrid,Currículum por correo a rrhh@elitepool.es o contacto por teléfono.
16-deporte,p51-05,Piscinas y socorrismo,ficha,Green Plus,,"Jardinería y mantenimiento de piscinas, jardines y comunidades.","C/ Batalla del Salado, 37",28045,Madrid,"Metro Delicias, a 200 m",915187959,info@green-plus.es,http://www.green-plus.es/,,No publica vía de empleo: contacto por teléfono o correo.
16-deporte,p50-07,Piscinas y socorrismo,ficha,Grupo Aba,,"Servicios integrales: conserjería, limpieza, jardinería y mantenimiento de piscinas e instalaciones deportivas.","C. Alar del Rey, 15",28042,Madrid,"Metro Barajas, a 550 m",913671043,servicios@grupoaba.es,https://grupoaba.es/,https://grupoaba.es/trabaja-con-nosotros/,"Formulario «Trabaja con nosotros» de su web, adjuntando el currículum."
16-deporte,p51-04,Piscinas y socorrismo,ficha,Grupo Dahor,,"Servicios para comunidades: conserjería, control de accesos, limpieza, jardinería y socorristas.","Av. Manoteras, 8, edificio 4, 2ª planta",28050,Madrid,"Metro Ligero Fuente de la Mora, a 800 m",913923347;616603258,informacion@dahor.com,https://dahor.com/,https://dahor.com/bolsaempleo/,"Formulario de su bolsa de empleo, eligiendo el puesto (entre ellos, socorrista)."
16-deporte,p51-03,Piscinas y socorrismo,ficha,Grupo Ocean,,"Servicios integrales para comunidades y empresas, entre ellos socorrismo y mantenimiento de piscinas.","Calle de Manuel Tovar, 42",28034,Madrid,"Cercanías Ramón y Cajal, a 200 m",913866866,info@grupocean.com,https://www.grupocean.com/,https://www.grupocean.com/trabajar-en-grupo-ocean/,"Inscripción en su portal de empleo: registras tus datos, adjuntas el currículum y te apuntas a las vacantes."
16-deporte,p51-02,Piscinas y socorrismo,ficha,Hera Servicios Integrales,,"Mantenimiento de comunidades: conserjes, limpieza, jardinería, mantenimiento de piscinas y socorristas.","C/ Bélgica, 45",28802,Alcalá de Henares,"Cercanías La Garena, a 600 m",918280312;616121511,informacion@herafs.com,https://herafs.com/,,No publica vía de empleo: contacto por teléfono o correo.
16-deporte,p51-09,Piscinas y socorrismo,ficha,Hidro-Vinisa,,"Mantenimiento de piscinas con y sin socorristas, y reparación de piscinas.","Calle Aniceto Marinas, 110",28008,Madrid,,915472188,hidrovinisa@hidrovinisa.com,https://hidrovinisa.com/,https://hidrovinisa.com/empleo/,Formulario de empleo de su web; pregunta por tu titulación y tu disponibilidad en verano.
16-deporte,p51-11,Piscinas y socorrismo,ficha,Inverman Pool,,"Mantenimiento de piscinas y servicio integral a comunidades, con gestión de personal y socorristas.","Calle Charaima, 34",28220,Majadahonda,,655891871;655891847,info@invermanpool.com,https://invermanpool.com/,https://invermanpool.com/contacto-para-socorristas/,Formulario «Contacto para socorristas» de su web.
16-deporte,p50-11,Piscinas y socorrismo,ficha,Man Pool,,"Mantenimiento de piscinas comunitarias; busca técnicos de mantenimiento, socorristas y porteros de piscina.",,,Collado Villalba,,918282002;677595026,,https://manpool.es/,https://manpool.es/trabaja-con-nosotros/,"Currículum por correo a la dirección de su página «Trabaja con nosotros», con el puesto en el asunto."
16-deporte,p50-10,Piscinas y socorrismo,ficha,Neoaqua,,Mantenimiento de piscinas y servicio de socorristas en Madrid y Valdemoro; también cursos de socorrismo.,"C/ Antonio Van Pere, 43",28342,Valdemoro,,691569623;918390405,info@neoaqua.es,https://www.neoaqua.es/,https://www.neoaqua.es/trabaja-con-nosotros/,Página «Trabaja con nosotros» de su web.
16-deporte,p51-07,Piscinas y socorrismo,ficha,Piscinas Algora,,Mantenimiento y conservación de piscinas de uso colectivo de hoteles y comunidades de propietarios.,"Calle Hoyuelo, 3, local 2",28007,Madrid,"Metro Pacífico, a 150 m",915511260;610522522,informacion@piscinasalgora.com,http://www.piscinasalgora.com/,,No publica vía de empleo: contacto por teléfono o correo.
16-deporte,p52-01,Piscinas y socorrismo,ficha,Piscinas Fama,,"Mantenimiento de piscinas y grupos de presión, con tienda de productos de piscina.","Calle Candilejas, 56",28018,Madrid,"Cercanías Asamblea de Madrid-Entrevías, a 550 m",915074953,piscinasfama@piscinasfama.com,https://piscinasfama.com/,,No publica vía de empleo: contacto por teléfono o correo.
16-deporte,p51-01,Piscinas y socorrismo,ficha,Servicios Sogar (antes Garsompool),,"Servicios integrales para comunidades y oficinas: limpieza, conserjería, mantenimiento de piscinas y jardinería.","Calle Isabel Colbrand, 10, oficina 88, 28050 Madrid | Calle Mosquilona, 55, local 8, 28770 Colmenar Viejo",28050,Madrid,"Metro Las Tablas, a 550 m",913446257;630177879,info@serviciossogar.com,https://serviciossogar.com/,,"Para trabajar con ellos, solo por correo electrónico, según indica su web."
16-deporte,p52-02,Piscinas y socorrismo,ficha,Sport Advanced,,"Mantenimiento de piscinas, de césped artificial y de pistas de pádel.","C/ Alfaro, 20, local",28025,Madrid,"Metro Vista Alegre, a 250 m",911131034;659955870,info@sportadvanced.es,https://www.sportadvanced.es/,,No publica vía de empleo: contacto por teléfono o correo.
16-deporte,p50-09,Piscinas y socorrismo,ficha,TC Mantenimiento,,"Instalación y mantenimiento de piscinas, mantenimiento de comunidades y servicio de socorristas.","Avda. Viñagrande, 15",28925,Alcorcón,"Metro Joaquín Vilumbrales, a 150 m",616425003;616967110,sos@tcpiscinas.com,https://tcpiscinas.com/,,No publica vía de empleo: contacto por teléfono o correo.
16-deporte,nueva-anytime-fitness,Gimnasios y centros deportivos,renglon,Anytime Fitness,,"Gimnasios en franquicia; en Madrid, clubes como Arganzuela, Bravo Murillo, Hortaleza o Colmenar Viejo.",,,,,,,https://www.anytimefitness.es/,https://www.anytimefitness.es/trabaja-anytime-fitness/,"Formulario de candidatura, eligiendo el club y adjuntando el currículum."
16-deporte,nueva-basic-fit,Gimnasios y centros deportivos,renglon,Basic-Fit,,Cadena de gimnasios con clubes en Madrid.,,,,,,,https://www.basic-fit.com/es-es/home,https://jobs.basic-fit.com/es-es/home,Inscripción en las vacantes de su portal de empleo.
16-deporte,nueva-beone,Gimnasios y centros deportivos,renglon,BeOne,,"Centros deportivos en Boadilla, Colmenar, Getafe, Leganés y San Martín de la Vega.",,,,,,,https://beone.es/,https://beone.es/unete-al-equipo,"Vacantes en «Únete al equipo»; si no hay ninguna para ti, puedes dejar el currículum."
16-deporte,nueva-dreamfit,Gimnasios y centros deportivos,renglon,Dreamfit,,"Cadena de gimnasios con sede en Madrid; puestos de monitor deportivo, recepción y dirección.",,,,,,,https://www.dreamfit.es/,https://www.trabajacondreamfit.es/,"Formulario de su web de empleo, eligiendo centro y puesto; es la única vía que admiten."
16-deporte,nueva-empleodeporte,Gimnasios y centros deportivos,renglon,Empleo Deporte,,"Portal de ofertas de empleo en deporte y actividad física, con buscador por comunidad autónoma.",,,,,,,https://www.empleodeporte.com/,https://www.empleodeporte.com/,Inscripción en cada oferta del portal.
16-deporte,nueva-forus,Gimnasios y centros deportivos,renglon,Forus,,"Centros deportivos con sede en Madrid y centros en la capital y en Alcalá de Henares, entre otros.",,,,,,,https://forus.es/,https://forus.es/trabaja-con-nosotros,Inscripción en su portal de empleo desde «Trabaja con nosotros».
16-deporte,nueva-go-fit,Gimnasios y centros deportivos,renglon,GO fit,,Centros deportivos con sede en Alcobendas; puestos en centros y en oficinas centrales.,,,,,,,https://go-fit.es/,https://go-fit.es/trabaja-en-go-fit/,Inscripción en las ofertas de la página «Trabaja en GOfit».
16-deporte,nueva-jc-madrid,Gimnasios y centros deportivos,ficha,JC Madrid Deporte y Cultura,,"Gestión de instalaciones y servicios deportivos, extraescolares y formación, con cursos de socorrista.","C/ Ocaña, 14, local bajo 2",28047,Madrid,"Metro Eugenia de Montijo, a 250 m",915258956,info@jcmadrid.com,https://jcmadrid.com/,https://jcmadrid.com/contacto/,"Pestaña «Trabaja con nosotros» de su página de contacto, adjuntando el currículum."
16-deporte,nueva-metropolitan,Gimnasios y centros deportivos,renglon,Metropolitan,,Cadena de clubes deportivos con gimnasios en Madrid.,,,,,,,https://clubmetropolitan.com/,https://jobs.clubmetropolitan.com/,Formulario «Únete a nuestro equipo» de su web de empleo.
16-deporte,nueva-supera,Gimnasios y centros deportivos,renglon,Supera,,"Centros deportivos del grupo Sidecu en Móstoles, Parla, Rivas-Vaciamadrid y Valdemoro.",,,,,,,https://www.centrosupera.com/,https://www.centrosupera.com/empleo-y-formacion/,Ofertas en el apartado «Empleo y formación» de su web.
16-deporte,nueva-synergym,Gimnasios y centros deportivos,renglon,Synergym,,"Cadena de gimnasios con centros en Madrid, Alcobendas, Getafe y Fuenlabrada.",,,,,,,https://synergym.es/,https://synergym.es/unete-a-synergym/,Página «Trabaja en Synergym» de su web.
16-deporte,nueva-vivagym,Gimnasios y centros deportivos,renglon,VivaGym y Altafit,,Cadena de gimnasios con centros en Madrid; puestos de club y de oficina central.,,,,,,,https://www.vivagym.com/es-es/,https://empleo.vivagym.es/,Inscripción en las ofertas de su portal de empleo.
16-deporte,p51-12,Federaciones y formación,ficha,AguaNorte,,"Escuela de formación de socorristas: cursos de socorrismo y de monitor de natación, con bolsa de empleo propia.","Avenida de Fuente Nueva, 8, nave 62",28703,San Sebastián de los Reyes,"Metro Reyes Católicos, a 750 m",610318398;912612044,info@escuela-aguanorte.com,https://www.escuela-aguanorte.com/,,Inscripción en los cursos desde su web.
16-deporte,p52-12-01,Federaciones y formación,renglon,Alvisa Formación (socorristasmadrid.com),,"Cursos de socorrista en piscinas e instalaciones acuáticas, con aula virtual.",,,,,,,https://socorristasmadrid.com/moodle/,,Información de los cursos en su aula virtual.
16-deporte,nueva-atemac,Federaciones y formación,ficha,Atemac,,Asociación de Técnicos en Emergencias Acuáticas: cursos de socorrismo y bolsa de trabajo para sus titulados.,"Calle Estocolmo, 22",28822,Coslada,"Metro La Rambla, a 850 m",668831821,,https://www.cursosocorrismomadrid.info/,https://www.cursosocorrismomadrid.info/empleo-bolsa-de-trabajo/,Inscripción en los cursos desde su web; la bolsa de trabajo enlaza a empresas colaboradoras.
16-deporte,nueva-cm-socorrismo,Federaciones y formación,renglon,Comunidad de Madrid: socorrismo acuático,página oficial,Página oficial con la formación exigida para trabajar de socorrista y la lista de entidades con cursos aprobados.,,,,,,,https://www.comunidad.madrid/salud/socorrismo-acuatico,,Consulta la lista antes de pagar un curso.
16-deporte,nueva-cruz-roja-formacion,Federaciones y formación,ficha,Cruz Roja Formación,,Cursos de socorrismo y primeros auxilios de Cruz Roja en la Comunidad de Madrid.,"Calle Muguet, 7",28044,Madrid,"Metro Carabanchel Alto, a 550 m",913609674,,https://cursoscruzrojamadrid.com/,,Inscripción en los cursos desde su web.
16-deporte,nueva-ems,Federaciones y formación,ficha,Escuela Madrileña de Socorrismo,,"Centro de formación de socorristas, con sedes en varios municipios de la Comunidad de Madrid.","Avda. Andalucía, 2, local 108",28702,San Sebastián de los Reyes,"Metro Baunatal, a 500 m",916542222,,https://escuelasocorrismoems.com/,,Inscripción en los cursos desde su web; las sedes están en la página de contacto.
16-deporte,p52-06,Federaciones y formación,ficha,Federación Madrileña de Natación,,"Federación de natación de Madrid: cursos de monitor y entrenador, y bolsa de trabajo con ofertas de clubes y centros.","Calle José Martínez de Velasco, 3",28007,Madrid,"Metro Sainz de Baranda, a 200 m",,,https://www.federacionmadridnatacion.es/,https://www.federacionmadridnatacion.es/index.php/area-formacion/bolsa-trabajo,Cada oferta de su bolsa de trabajo indica cómo presentarse.
16-deporte,p52-09,Federaciones y formación,ficha,Federación Madrileña de Salvamento y Socorrismo,,Federación de salvamento de Madrid: cursos de socorrista y bolsa de empleo para socorristas.,"Av. de Salas de los Infantes, 1, edificio El Barco",28034,Madrid,"Metro Begoña, a 650 m",913581805;679485525,sosmadrid@fmss.es,https://fmss.es/,https://fmss.es/bolsa-de-empleo/,Inscripción en sus cursos desde la web; la bolsa de empleo se abre con contraseña.
16-deporte,p52-04,Federaciones y formación,ficha,Real Federación Española de Natación,,Federación de natación; su escuela de entrenadores publica cursos de formación y ofertas de trabajo.,"C/ de Juan Esplandiú, 1",28007,Madrid,"Metro Sainz de Baranda, a 250 m",915572006,,https://rfen.es/,https://rfen.es/escuela-nacional-de-entrenadores/section/ofertas-de-trabajo/,Ofertas de trabajo en la sección de su Escuela Nacional de Entrenadores.
16-deporte,p52-07,Federaciones y formación,ficha,Real Federación Española de Salvamento y Socorrismo,,Federación de salvamento y socorrismo; informa de la formación y de dónde formarte.,"Avenida Fuente Nueva, 14, nave 8-A",28703,San Sebastián de los Reyes,"Metro Reyes Católicos, a 850 m",917252234,,https://rfess.es/,,Información de formación en su web; atención al público de lunes a viernes por la mañana.
17-ocio-y-cultura,nueva-atlantis-aquarium,Parques de ocio,renglon,Atlantis Aquarium Madrid,,Acuario de Parques Reunidos en el centro comercial Xanadú (Arroyomolinos); ofertas en el portal del grupo.,,,,,,,https://www.atlantisaquarium-madrid.es/,https://www.atlantisaquarium-madrid.es/trabaja-con-nosotros,"Inscripción en el portal de empleo de Parques Reunidos, enlazado desde su página de empleo."
17-ocio-y-cultura,p54-08,Parques de ocio,ficha,El Bosque Encantado,,"Parque temático y jardín botánico con esculturas vegetales, en San Martín de Valdeiglesias.","Camino de Marañones, 217",28680,San Martín de Valdeiglesias,,635235335,info@bosqueencantado.net,https://bosqueencantado.net/,,Su web no publica ofertas; el contacto es el correo y el teléfono generales.
17-ocio-y-cultura,p53-01,Parques de ocio,ficha,Faunia,,Parque de animales de Parques Reunidos en Vicálvaro; sus ofertas salen en el portal del grupo.,"Av. Comunidades, 28",28032,Madrid,"Cercanías Santa Eugenia, a 850 m",911547482,,https://www.faunia.es/,https://www.faunia.es/empleo,"Inscripción en el portal de empleo de Parques Reunidos, enlazado desde su página de empleo."
17-ocio-y-cultura,p53-04,Parques de ocio,ficha,Micropolix,,"Centro de ocio infantil cubierto: una ciudad en miniatura con más de 30 actividades inspiradas en oficios, para niños de 4 a 14 años.","C/ Salvador de Madariaga, s/n",28702,San Sebastián de los Reyes,,917990000,info@micropolix.com,https://micropolix.com/,,Su web no publica ofertas; el contacto es el correo y el teléfono generales.
17-ocio-y-cultura,nueva-parque-atracciones,Parques de ocio,ficha,Parque de Atracciones de Madrid,,"Parque de atracciones de la Casa de Campo, de Parques Reunidos; sus ofertas salen en el portal del grupo.","Casa de Campo, s/n",28011,Madrid,,912000795,,https://www.parquedeatracciones.es/,https://www.parquedeatracciones.es/trabaja-con-nosotros,"Inscripción en el portal de empleo de Parques Reunidos, enlazado desde su página de empleo."
17-ocio-y-cultura,p53-03,Parques de ocio,ficha,Parque Warner Madrid,,Parque temático de Parques Reunidos en San Martín de la Vega; sus ofertas salen en el portal del grupo.,"A-4, salida 22",28330,San Martín de la Vega,,912000792,,https://www.parquewarner.com/,https://www.parquewarner.com/trabaja-con-nosotros,"Inscripción en el portal de empleo de Parques Reunidos, enlazado desde su página de empleo."
17-ocio-y-cultura,p56-01,Parques de ocio,ficha,Parques Reunidos,,"Grupo de parques de ocio: un solo portal con las ofertas de Parque Warner, Parque de Atracciones, Zoo, Faunia y Atlantis Aquarium.","C/ Federico Mompou, 5, Parque Empresarial Las Tablas, edificio 1, planta 3",28050,Madrid,,915269700,,https://www.parquesreunidos.com/,https://grpr.wd3.myworkdayjobs.com/es/parques_reunidos,"Inscripción en su portal de empleo, oferta por oferta."
17-ocio-y-cultura,p54-07,Parques de ocio,ficha,Safari Madrid,,Parque de animales en Aldea del Fresno.,"Carretera Navalcarnero-Cadalso de los Vidrios, km 22",28620,Aldea del Fresno,,918622314,info@safarimadrid.com,https://www.safarimadrid.com/,,Su web no publica ofertas; el contacto es el correo y el teléfono generales.
17-ocio-y-cultura,nueva-zoo-madrid,Parques de ocio,ficha,Zoo Aquarium de Madrid,,"Zoológico de la Casa de Campo, de Parques Reunidos: busca profesionales de distintos campos; ofertas en el portal del grupo.","Casa de Campo, s/n",28011,Madrid,,911547479,,https://www.zoomadrid.com/,https://www.zoomadrid.com/trabaja-con-nosotros,"Inscripción en el portal de empleo de Parques Reunidos, enlazado desde su página de empleo."
17-ocio-y-cultura,nueva-atg-entertainment,Cines y teatros,ficha,ATG Entertainment España,,"Produce musicales y gestiona teatros; formulario para optar a un puesto en Madrid, Barcelona o gira.","Glorieta de Quevedo, 9, 2ª planta",28015,Madrid,"Metro Quevedo, a 50 m",,trabajo@atgentertainment.com,https://atgentertainment.es/,https://atgentertainment.es/trabaja-con-nosotros/,Formulario de su web: eliges puesto y ubicación y adjuntas el currículum.
17-ocio-y-cultura,p54-01,Cines y teatros,renglon,Cine Yelmo,,"Cadena de cines: ofertas por localidad (Madrid, Pozuelo, Rivas o San Sebastián de los Reyes) y formulario para dejar el currículum.",,,,,,,https://www.yelmocines.es/,https://vacantes.yelmocines.es/,Inscripción en su portal de vacantes; admite candidatura espontánea.
17-ocio-y-cultura,nueva-cines-renoir,Cines y teatros,renglon,Cines Renoir,,"Cines en Madrid (Princesa, Plaza de España y Retiro); su formulario de contacto tiene un apartado de bolsa de empleo.",,,,,,,https://www.cinesrenoir.com/,https://www.cinesrenoir.com/contacto/?tema=3,"Formulario de contacto, asunto «Bolsa de empleo»."
17-ocio-y-cultura,p53-07,Cines y teatros,renglon,Cinesa,,"Cadena de cines: su página de empleos filtra por localidad (Madrid, Alcobendas, Las Rozas, Leganés o Majadahonda, entre otras).",,,,,,,https://www.cinesa.es/,https://cinesa-uci.jobtrain.co.uk/cinesajobs/Home/Job,Inscripción en su página de empleos.
17-ocio-y-cultura,p53-02,Cines y teatros,ficha,Grupo Smedia,,"Teatros de Madrid (Gran Vía, Alcázar, Fígaro, Maravillas, Capitol): ventas, producción, administración, mantenimiento y sala.","C/ Alcalá, 20, 6º piso",28014,Madrid,"Metro Sevilla, a 50 m",917010230,rhumanos@gruposmedia.com,https://gruposmedia.com/,https://gruposmedia.com/trabaja-con-nosotros/,"Currículum por correo, poniendo en el asunto el departamento en el que quieres trabajar."
17-ocio-y-cultura,p53-08,Cines y teatros,renglon,Kinépolis,,"Cadena de cines: su portal de empleo filtra por cine, entre ellos Kinépolis Ciudad de la Imagen (Pozuelo de Alarcón).",,,,,,,https://jobs.kinepolis.com/es-ES/,https://jobs.kinepolis.com/es-ES/ofertas-de-empleo/,Inscripción en las ofertas de su portal de empleo.
17-ocio-y-cultura,nueva-ocine,Cines y teatros,renglon,Ocine,,"Cadena de cines: formulario para enviar el currículum eligiendo cine, entre ellos Urban X-Madrid, Plaza Éboli y Quadernillos.",,,,,,,https://cinesocine.es/,https://cinesocine.es/es/trabaja-con-nosotros.html,"Formulario de su web, con el currículum en PDF."
17-ocio-y-cultura,nueva-stage-entertainment,Cines y teatros,ficha,Stage Entertainment,,"Productora de musicales (teatros Coliseum y Lope de Vega): ofertas de empleo, puestos técnicos y audiciones.","C/ Fernando el Santo, 15, 3ª",28010,Madrid,"Metro Alonso Martínez, a 200 m",,rrhh@stage-entertainment.com,https://www.stage.es/,https://www.stage.es/trabaja-con-nosotros,"Inscripción en la oferta o en la audición; si no hay oferta, admite el currículum."
17-ocio-y-cultura,nueva-teatro-real,Cines y teatros,ficha,Teatro Real,fundación del sector público,"Publica sus convocatorias de proceso selectivo para personal laboral, con bases, plazos y listados.","Plaza de Isabel II, s/n",28013,Madrid,,915160600,,https://www.teatroreal.es/es,https://www.teatroreal.es/es/trabaja-nosotros,Solicitud según las bases de cada convocatoria.
17-ocio-y-cultura,p54-05,Centros comerciales,ficha,Islazul,,Centro comercial de Carabanchel: recoge currículos en su bolsa y los pasa a los locales y subcontratas del centro que se interesen.,"C/ Calderilla, 1",28054,Madrid,,915114680,,https://islazul.com/,https://islazul.com/bolsa-de-empleo/,Formulario de la bolsa de empleo de su web.
17-ocio-y-cultura,p54-04,Centros comerciales,renglon,La Gavia,,Centro comercial del Ensanche de Vallecas: su web tiene un tablón con las ofertas de trabajo de sus establecimientos.,,,,,,,https://la-gavia.klepierre.es/,https://la-gavia.klepierre.es/trabaja-con-nosotros,Según cada oferta del tablón de su web.
17-ocio-y-cultura,nueva-las-rozas-village,Centros comerciales,ficha,Las Rozas Village,,Outlet de Las Rozas: portal con los puestos de sus boutiques; busca perfiles con idiomas. El personal lo contrata cada marca.,"C/ Juan Ramón Jiménez, 3",28232,Las Rozas de Madrid,,916404900,,https://www.thebicestercollection.com/las-rozas-village/es,https://villagecareers.thebicestercollection.com/las-rozas-careers,Inscripción en su portal de empleo; también se puede crear un perfil.
17-ocio-y-cultura,nueva-nassica,Centros comerciales,renglon,Nassica,,Centro comercial de Getafe: su web publica las ofertas de empleo de sus locales; el centro no contrata a ese personal.,,,,,,,https://www.nassica.es/es,https://www.nassica.es/es/job-offers-stores,"En su web, apartado «Empleo»: envío del currículum a la oferta."
17-ocio-y-cultura,p55-04,Centros comerciales,renglon,Plenilunio,,Centro comercial de San Blas-Canillejas: su web tiene un tablón con las ofertas de trabajo de sus establecimientos.,,,,,,,https://plenilunio.klepierre.es/,https://plenilunio.klepierre.es/trabaja-con-nosotros,Según cada oferta del tablón de su web.
17-ocio-y-cultura,nueva-principe-pio,Centros comerciales,renglon,Príncipe Pío,,Centro comercial del paseo de la Florida: su web tiene un tablón con las ofertas de trabajo de sus establecimientos.,,,,,,,https://principe-pio.klepierre.es/,https://principe-pio.klepierre.es/trabaja-con-nosotros,Según cada oferta del tablón de su web.
17-ocio-y-cultura,p55-02,Centros comerciales,ficha,The Style Outlets,,"Outlets de San Sebastián de los Reyes, Getafe y Las Rozas: cada uno publica las ofertas de sus tiendas y admite el currículum.","C/ Salvador de Madariaga, s/n, 28702 San Sebastián de los Reyes | Avda. Río Guadalquivir, 15, 28906 Getafe | Avenida del Noroeste, s/n, 28232 Las Rozas",28702,San Sebastián de los Reyes,,916670743,,https://www.thestyleoutlets.es/,https://ss-de-los-reyes.thestyleoutlets.es/es/job-offers-stores,"En la web de cada centro, apartado «Empleo»: envío del currículum a la oferta."
17-ocio-y-cultura,p55-01,Centros comerciales,ficha,Westfield Parquesur,,Centro comercial de Leganés: su web publica las ofertas de empleo de sus tiendas; el centro no contrata a ese personal.,"Avenida de Gran Bretaña, s/n",28916,Leganés,"Metro El Carrascal, a 450 m",916873600,,https://www.westfield.com/es/spain/parquesur,https://www.westfield.com/es/spain/parquesur/empleo,Según cada oferta del tablón de su web.
17-ocio-y-cultura,p54-03,Centros comerciales,ficha,Xanadú,,Centro comercial y de ocio: su web publica las ofertas de empleo de sus establecimientos; el centro no contrata a ese personal.,"Autovía A-5, salida 22",28939,Arroyomolinos,,911036001,,https://www.xanadumadrid.com/,https://www.xanadumadrid.com/empleo/,Según cada oferta del tablón de su web.
17-ocio-y-cultura,nueva-atresmedia,Audiovisual,renglon,Atresmedia,,Grupo de televisión y radio con sede en San Sebastián de los Reyes; portal de empleo con puestos en Madrid.,,,,,,,https://www.atresmediacorporacion.com/,https://talento.atresmedia.com/es/sites/CX_1,Inscripción en las ofertas de su portal de empleo.
17-ocio-y-cultura,nueva-mediapro,Audiovisual,renglon,Grup Mediapro,,Grupo audiovisual: portal de empleo con buscador por ubicación; hoy con al menos una oferta en Madrid.,,,,,,,https://mediapro.tv/,https://jobs.mediapro.tv/empleos/search?locale=es_ES,Inscripción en las ofertas de su portal de empleo.
17-ocio-y-cultura,nueva-madrid-film-office,Audiovisual,ficha,Madrid Film Office,servicio municipal,Oficina del audiovisual del Ayuntamiento de Madrid: tiene un directorio de empresas y otro de profesionales del sector.,"Plaza Mayor, 27 (Casa de la Panadería)",28012,Madrid,"Metro Ópera, a 300 m",913184588,,https://madridfilmoffice.com/,https://madridfilmoffice.com/directorio-empresas/,"No publica ofertas: el directorio de empresas sirve para saber a quién escribir, y en el de profesionales puedes darte de alta."
17-ocio-y-cultura,nueva-mediaset,Audiovisual,renglon,Mediaset España,,Grupo de televisión: portal con ofertas de empleo y un programa de talento; las ofertas de hoy son en Madrid.,,,,,,,https://www.mediaset.es/,https://jobs.mediaset.es/,Inscripción en las ofertas de su portal de empleo.
17-ocio-y-cultura,nueva-platino-empleo,Audiovisual,renglon,Platino Empleo,,"Portal de empleo para profesionales del audiovisual, la animación y los videojuegos: las empresas te invitan a sus procesos.",,,,,,,https://www.platinoempleo.com/,https://www.platinoempleo.com/PEmpleo_Candidatos.aspx,"Registro en la plataforma y perfil completo, con currículum y reel."
17-ocio-y-cultura,nueva-secuoya,Audiovisual,ficha,Secuoya Content Group,,Grupo de producción y servicios audiovisuales con sede en Tres Cantos: vacantes y formulario para dejar el currículum.,"Avenida de España, 4",28760,Tres Cantos,,913717569,,https://secuoyacontentgroup.com/es/inicio/,https://secuoyacontentgroup.com/es/talento/,Inscripción en la vacante o formulario de la página «Talento».
17-ocio-y-cultura,nueva-viajes-eci,Agencias de viajes,ficha,Viajes El Corte Inglés,,Agencias de viajes con oficinas en toda España; sede en Madrid.,"Avenida de Cantabria, 51",28042,Madrid,"Metro Alameda de Osuna, a 500 m",,,https://www.viajeselcorteingles.es/,https://empleo.elcorteingles.es/ep/,"Inscripción en el portal de empleo de El Corte Inglés, enlazado desde «Trabaja con nosotros»."
17-ocio-y-cultura,nueva-avoris,Agencias de viajes,ficha,Ávoris,,"Agencias de viajes (Halcón Viajes, B travel, Catai) y turoperación; oficinas en Madrid.","Calle Vía de los Poblados, 13, Edificio Milenium",28033,Madrid,"Metro San Lorenzo, a 600 m",917574949,,https://www.avoristravel.com/,https://www.avoristravel.com/somos-talento,"Inscripción en las ofertas de su portal de selección, enlazado desde «Somos talento»."
28-aeropuerto,nueva-aviapartner,Handling y servicios en pista,renglon,Aviapartner,,Operaciones de rampa y servicios de pasajeros; entre sus centros de España está el aeropuerto de Madrid.,,,,,,,https://www.aviapartner.aero/,https://jobs.aviapartner.aero/spain,"Inscripción en su portal de empleo, en el apartado de España."
28-aeropuerto,nueva-exolum,Handling y servicios en pista,ficha,Exolum,,Suministro de combustible a los aviones; Aena la recoge como agente de handling de combustible en Madrid-Barajas.,"C/ Titán, 13",28045,Madrid,"Metro Méndez Álvaro, a 500 m",917746000,info@exolum.com,https://exolum.com/,https://exolum.com/empleo/,"Inscripción en su portal de empleo, desde «Consulta oportunidades»."
28-aeropuerto,nueva-groundforce,Handling y servicios en pista,renglon,Groundforce,,"Handling del grupo Globalia: personal de rampa, de pasaje y de coordinación. Presta servicio en Madrid.",,,,,,,https://www.groundforce.aero/,https://www.groundforce.aero/es/empleo-groundforce/,Envío del currículum desde el botón «Envíanos tu CV» de su página de empleo.
28-aeropuerto,nueva-menzies,Handling y servicios en pista,renglon,Menzies Aviation,,"Servicios en tierra, carga aérea y combustible; Madrid (MAD) está en su red de aeropuertos.",,,,,,,https://menziesaviation.com/,https://careers.jmenzies.com/aviation/,Inscripción en su portal de empleo internacional (en inglés).
28-aeropuerto,nueva-south,Handling y servicios en pista,renglon,South (South Europe Ground Services),,Filial de handling del grupo IAG; Aena la recoge como agente de handling en Madrid-Barajas.,,,,,,,https://www.infojobs.net/south-europe-ground-services/em-i36ea81a2-31fc-4a4b-9b36-f6e9d9508523,https://www.infojobs.net/south-europe-ground-services/em-i36ea81a2-31fc-4a4b-9b36-f6e9d9508523,Inscripción en cada oferta de su página de empresa en InfoJobs.
28-aeropuerto,nueva-swissport,Handling y servicios en pista,renglon,Swissport,,"Asistencia en tierra y carga aérea, con almacenes de carga en Madrid; ofertas de rampa, pasaje y carga.",,,,,,,https://www.swissport.com/,https://careers.swissport.com/,Inscripción en su portal de empleo internacional (en inglés).
28-aeropuerto,nueva-wfs,Handling y servicios en pista,renglon,WFS (Worldwide Flight Services),,Carga aérea y asistencia en tierra; en Madrid-Barajas tiene terminal de carga.,,,,,,,https://www.wfs.aero/,https://job.wfs.aero/,"Inscripción en su portal de empleo, que tiene versión en español."
28-aeropuerto,nueva-areas-aeropuerto,"Tiendas, restauración y servicios al pasajero",renglon,Areas,,Restauración en aeropuertos; en su portal cada oferta dice en el título el aeropuerto o el local.,,,,,,,https://areas.com/,https://trabaja.areas.com/jobs,Inscripción en cada oferta de su portal de empleo; busca por «Madrid» o «aeropuerto».
28-aeropuerto,nueva-avolta,"Tiendas, restauración y servicios al pasajero",renglon,Avolta (antes Dufry),,Tiendas libres de impuestos del aeropuerto (Madrid Duty Free). Portal de empleo internacional.,,,,,,,https://www.avoltaworld.com/,https://careers.avoltaworld.com/,Inscripción en su portal de empleo internacional (en inglés).
28-aeropuerto,nueva-clickrent,"Tiendas, restauración y servicios al pasajero",renglon,ClickRent,,"Alquiler de coches en aeropuertos y ciudades de España; en Madrid, en el aeropuerto.",,,,,,,https://clickrent.es/,https://clickrent.ofertas-trabajo.infojobs.net/ofertas,"Inscripción en sus ofertas de InfoJobs, enlazadas desde «Trabaja con nosotros»."
28-aeropuerto,nueva-europcar,"Tiendas, restauración y servicios al pasajero",renglon,Europcar y Goldcar,,Alquiler de coches con oficina en el aeropuerto; agentes de alquiler y de devolución de vehículos en Madrid.,,,,,,,https://www.europcar.es/,https://europcar.wd103.myworkdayjobs.com/es/EuropcarCareerPage,"Inscripción en su portal de empleo, que es el mismo para Europcar y Goldcar."
28-aeropuerto,nueva-lagardere,"Tiendas, restauración y servicios al pasajero",renglon,Lagardère Travel Retail,,"Tiendas de viaje, duty free y moda, y restauración; tiene puntos de venta en el aeropuerto de Madrid-Barajas.",,,,,,,https://www.lagardere-tr.es/,https://www.lagardere-tr.es/es/unete-a-nosotros,Desde el apartado «Únete a nosotros» de su web.
28-aeropuerto,nueva-ok-mobility,"Tiendas, restauración y servicios al pasajero",renglon,OK Mobility,,Alquiler de coches con oficina en el aeropuerto; sus ofertas indican el aeropuerto y admite candidatura espontánea.,,,,,,,https://okmobility.com/,https://okmobility.factorial.es/,Inscripción en cada oferta de su portal de empleo o candidatura espontánea.
28-aeropuerto,nueva-sixt,"Tiendas, restauración y servicios al pasajero",renglon,Sixt,,Alquiler de coches con oficina en el aeropuerto; sus ofertas de sucursal indican «Madrid Aeropuerto».,,,,,,,https://www.sixt.jobs/es,https://www.sixt.jobs/es/jobs?country=ES,Inscripción en cada oferta de su portal de empleo.
28-aeropuerto,nueva-air-europa,Aerolíneas,renglon,Air Europa,,"Ofertas de tierra, mantenimiento y almacén en Madrid; convocatorias de tripulantes de cabina con base en Madrid.",,,,,,,https://empleo.aireuropa.com/,https://vacantes.aireuropa.com/jobs,Inscripción en cada oferta de su portal o envío del currículum desde «Envíanos tu CV».
28-aeropuerto,nueva-iberia,Aerolíneas,renglon,Iberia,,"Pilotos, tripulantes de cabina (TCP), técnicos de mantenimiento (TMA), puestos corporativos y prácticas.",,,,,,,https://grupo.iberia.es/,https://trabajaconnosotros.iberia.es/,Inscripción en su portal de empleo; permite dejar el perfil para recibir ofertas.
28-aeropuerto,nueva-iberia-express,Aerolíneas,renglon,Iberia Express,,"Convocatorias de tripulantes de cabina de pasajeros; admite personas sin experiencia, con o sin certificado TCP.",,,,,,,https://www.iberiaexpress.com/,https://portalempleo.iberiaexpress.com/,Candidatura en su portal de empleo.
28-aeropuerto,nueva-plus-ultra,Aerolíneas,ficha,Plus Ultra Líneas Aéreas,,Aerolínea de largo recorrido con sede en Alcobendas; recoge currículos en su página de empleo.,"Avda. de Europa, 22, planta 3ª",28108,Alcobendas,"Metro Ronda de la Comunicación, a 400 m",911420888,,https://www.plusultra.com/,https://www.plusultra.com/es-es/informacion/conocenos/empleo/,Envío del currículum desde su página de empleo.
28-aeropuerto,nueva-ryanair,Aerolíneas,renglon,Ryanair,,"Tripulación, pilotos, ingeniería y oficinas; entre sus ubicaciones están el aeropuerto de Madrid y Ryanair Labs Madrid.",,,,,,,https://careers.ryanair.com/,https://careers.ryanair.com/jobs/,Inscripción en su portal de empleo (en inglés).
28-aeropuerto,nueva-vueling,Aerolíneas,renglon,Vueling,,"Pilotos, tripulantes de cabina y personal de oficina; en su portal de empleo figura Madrid-Barajas.",,,,,,,https://www.vueling.com/,https://careers.vueling.com/jobs,Inscripción en las ofertas de su portal de empleo.
28-aeropuerto,nueva-wamos,Aerolíneas,ficha,Wamos Air,,Aerolínea chárter con sede en Madrid; selecciona tripulantes de cabina y pilotos.,"C/ Mahonia, 2",28043,Madrid,"Metro Feria de Madrid, a 800 m",914188760,hola@wamosair.com,https://wamosair.com/,https://wamosair.com/work-with-us/,Candidatura desde la página «Work with us» de su web (en inglés).
28-aeropuerto,nueva-emt-expres-aeropuerto,Acreditaciones y acceso,renglon,"Exprés Aeropuerto (EMT, línea 203)",transporte público,"Autobús entre Atocha, Cibeles y las terminales T1, T2 y T4, con servicio las 24 horas.",,,,,,,https://www.emtmadrid.es/Aeropuerto,,No es una vía de empleo: es la línea para llegar en los turnos de madrugada.
28-aeropuerto,nueva-aena-acreditaciones,Acreditaciones y acceso,renglon,Tarjeta de seguridad aeroportuaria (Aena),trámite oficial,Acreditación personal para quien trabaja en el recinto del aeropuerto. En Barajas la emite la oficina SAETA.,,,,,,,https://tramitesyreclamaciones.aena.es/servicios-y-tramites/acreditaciones/emision-tarjetas-seguridad,,"No la pides tú: la solicita la empresa que te contrata, con un formulario que también firmas."
15-monitores,p42-01,Ocio y tiempo libre,ficha,Abancay,,"Tiempo libre y animación: actividades, campamentos y escuela de tiempo libre.","C/ Islas Cíes, 73",28035,Madrid,"Metro Avenida de la Ilustración, a 350 m",912446999;614834075,empleo@abancay.es,https://abancay.es/,,Currículum por correo a empleo@abancay.es.
15-monitores,p42-02,Ocio y tiempo libre,ficha,Acaya,,"Formación y gestión de proyectos sociales, culturales y educativos; imparte el curso de monitor de tiempo libre.","C/ Constancia, 39",28002,Madrid,"Metro Prosperidad, a 300 m",914115553,informacion@acaya.es,https://acaya.es/,https://empleo.acaya.es/,"Inscripción en su portal de empleo, creando un perfil."
15-monitores,nueva-activa,Ocio y tiempo libre,ficha,Activa,,"Extraescolares, idiomas, programas en vacaciones, madrugadores y monitores de comedor en colegios.","C/ Conde Duque, 6, local",28015,Madrid,"Metro Ventura Rodríguez, a 200 m",914016889,madrid@activa.org,https://activa.org/,https://activa.org/trabaja-con-nosotros/,"Formulario «Trabaja con nosotros» de su web, eligiendo la delegación."
15-monitores,nueva-activa-tiempo-libre,Ocio y tiempo libre,ficha,Activa Tiempo Libre,,"Campamentos de verano de 5 a 17 años, días sin cole y actividades a medida para colegios y grupos.","C/ Beatriz de Bobadilla, 8",28040,Madrid,"Metro Guzmán el Bueno, a 150 m",680998167,info@activatiempolibre.es,https://activatiempolibre.es/,https://activatiempolibre.es/trabaja-con-nosotros/,Formulario «Trabaja con nosotros» de su web; admite monitores titulados y en prácticas.
15-monitores,nueva-aem-extraescolares,Ocio y tiempo libre,ficha,AEM Actividades Extraescolares Madrid,,Actividades extraescolares y deportivas en colegios de Madrid; marca de Sport & Balance.,"C/ del Mar Mediterráneo, 2, nave 17",28830,San Fernando de Henares,,910162902;677609874,info@actividadesextraescolaresmadrid.es,https://actividadesextraescolaresmadrid.es/,https://actividadesextraescolaresmadrid.es/trabaja-con-nosotros/,Formulario «Trabaja con nosotros» de su web: se eligen zonas y actividades y se adjunta el currículum.
15-monitores,p42-14,Ocio y tiempo libre,ficha,Alea Ocio,,"Viajes escolares y de esquí, campamentos de verano y escuela de tiempo libre.","C/ Baños de Montemayor, 7",28005,Madrid,"Metro Acacias, a 700 m",917776977,info@aleaocio.com,https://aleaocio.com/,,No publica vía de empleo: contacto por teléfono o correo.
15-monitores,p42-17,Ocio y tiempo libre,ficha,Alventus,,"Actividades extraescolares, escuelas de verano, excursiones y viajes para colegios y AMPA de Madrid.","Avda. de Somosierra, 12, portal A, 1.º F",28703,San Sebastián de los Reyes,"Metro Reyes Católicos, a 550 m",916593689,info@grupoalventus.com,https://www.grupoalventus.com/,https://www.grupoalventus.com/trabaja-con-nosotros/,Página «Trabaja con nosotros» de su web.
15-monitores,p42-13,Ocio y tiempo libre,ficha,Arci Nature,,"Intervención social, extraescolares, campamentos y albergues, escuelas infantiles y cursos de monitor de tiempo libre.","C/ Los Mesejo, 15",28007,Madrid,"Metro Puente de Vallecas, a 200 m",914343388,informacion@arcinature.com,https://www.arcinature.com/,https://www.arcinature.com/recursos-humanos/,"Formulario de la bolsa de empleo de su web, con el currículum adjunto; ahí publica sus ofertas."
15-monitores,p43-02,Ocio y tiempo libre,ficha,Aula Joven,,"Campamentos, actividades extraescolares en Madrid, viajes escolares y escuela de monitores.","C/ Marcenado, 34",28002,Madrid,"Metro Prosperidad, a 400 m",914132665,aulajoven@aulajoven.com,https://aulajoven.com/,,No publica vía de empleo: contacto por teléfono o correo.
15-monitores,nueva-aulaglobal,Ocio y tiempo libre,ficha,Aulaglobal,,"Extraescolares, inglés, campamentos de verano y servicios para centros educativos.","C/ Raimundo Fernández Villaverde, 5, 1.º D",28003,Madrid,"Metro Cuatro Caminos, a 100 m",915445646;680448960,info@aulaglobalcie.com,https://aula-global.es/,https://aula-global.es/trabaja-con-nosotros/,Currículum por correo a info@aulaglobalcie.com.
15-monitores,p42-03,Ocio y tiempo libre,ficha,Aventurama,,"Campamentos de verano y urbanos, actividades extraescolares y eventos en Madrid.","C/ Tordomar, 7, local 12",28043,Madrid,"Metro Mar de Cristal, a 200 m",910296444;686131266,personal@aventurama.es,https://aventurama.es/,https://aventurama.es/contacta-con-nosotros/,Currículum por correo a personal@aventurama.es.
15-monitores,p44-08,Ocio y tiempo libre,ficha,Aventuras Tatanka,,Campamentos y viajes escolares.,,,,,666450410;666748109,info@aventurastatanka.es,https://aventurastatanka.es/,,No publica página de empleo; contacto por correo o teléfono.
15-monitores,p44-09-03,Ocio y tiempo libre,renglon,campamentos.info: bolsa de empleo,,"Bolsa de empleo de un portal de campamentos y viajes escolares, para monitores de tiempo libre, entrenadores deportivos y perfiles con idiomas.",,,,,,,https://www.campamentos.info/,https://www.campamentos.info/Bolsa-de-empleo,Envío del currículum a su bolsa de empleo.
15-monitores,p42-07,Ocio y tiempo libre,ficha,Coadecu,,"Ocio y tiempo libre: actividades para centros escolares, escuelas de verano, campamentos y esquí.","C/ Virgen de los Reyes, 5",28027,Madrid,"Metro Barrio de la Concepción, a 150 m",913262100,coadecu@coadecu.com,https://www.coadecu.com/,,No publica vía de empleo: contacto por teléfono o correo.
15-monitores,p42-04,Ocio y tiempo libre,ficha,Codatur,,"Viajes de fin de curso, esquí y actividades de aventura para grupos; busca monitores para mayo, junio y verano.","C/ Escuelas, 22, portal 1, 2.º F",28260,Galapagar,,690291644,info@codatur.com,https://www.codatur.com/,https://www.codatur.com/bolsa-de-empleo,"Formulario de la bolsa de empleo de su web, con el currículum adjunto."
15-monitores,p42-08,Ocio y tiempo libre,ficha,Colectivo Tándem,,"Viajes de fin de curso y programas educativos para estudiantes, con monitores 24 horas.","Avda. de Córdoba, 15, 2.º C",28026,Madrid,"Metro Almendrales, a 100 m",915011391,info@colectivotandem.com,https://www.colectivotandem.com/,https://www.colectivotandem.com/trabaja-con-nosotros/,"Formulario «Trabaja con nosotros» de su web, con el currículum adjunto; ahí publica sus ofertas."
15-monitores,p42-11,Ocio y tiempo libre,ficha,Coordinadora Infantil y Juvenil de Tiempo Libre de Vallecas,asociación,"Red de entidades sociales de Vallecas que trabajan con infancia, juventud y familias.",,,Madrid,,912230414,coordinadora@asociaciones.org,https://coordinadora.org.es/,,No publica vía de empleo: contacto por teléfono o correo.
15-monitores,p42-16,Ocio y tiempo libre,ficha,Didáctica Aventura,,"Talleres, campamentos urbanos, proyectos educativos y eventos infantiles para colegios, familias y empresas.","Paseo de Extremadura, 158, pasaje, local KL",28011,Madrid,"Metro Alto de Extremadura, a 50 m",915264240,didacticaventura@didacticaventura.com,https://www.didacticaventura.com/,,No publica vía de empleo: contacto por teléfono o correo.
15-monitores,p42-19,Ocio y tiempo libre,ficha,Dinamo,,"Extraescolares y servicios educativos y de ocio para colegios, AMPA y asociaciones; busca monitores y profesores.","C/ Secoya, 29, 3.º 1",28044,Madrid,"Metro Carabanchel Alto, a 500 m",915914954,info@dnmo.es,https://www.dnmo.es/,https://www.dnmo.es/empleo/,Currículum por correo a tecnico@dnmo.es; también admite prácticas.
15-monitores,p43-03,Ocio y tiempo libre,ficha,Ednya,,"Educación, naturaleza y animación: ocio, tiempo libre y animación sociocultural.","Travesía Antón, 28, local",28411,Moralzarzal,,918499616,ednya@ednya.org,https://www.ednya.org/,,No publica vía de empleo: contacto por teléfono o correo.
15-monitores,p42-20,Ocio y tiempo libre,ficha,Eduma,,"Campamentos de verano, viajes de fin de curso, idiomas y escuela de monitores de tiempo libre.","C/ de Alcántara, 34, bajo H",28006,Madrid,"Metro Lista, a 150 m",914012502;608611710,info@eduma.com,https://eduma.com/,,No publica vía de empleo: contacto por teléfono o correo.
15-monitores,p43-07,Ocio y tiempo libre,ficha,Enfocamp (Enforex),,"Campamentos de verano de idiomas en Madrid, Marbella, Salamanca y Valencia.","C/ Gustavo Fernández Balbuena, 11",28002,Madrid,"Metro Alfonso XIII, a 150 m",915943776,info@enforex.es,https://www.enfocamp.com/campamentos/,,No publica vía de empleo: contacto por teléfono o correo.
15-monitores,p43-08,Ocio y tiempo libre,ficha,English Soccer Camp,,Campus de fútbol en inglés y escuela de fin de semana.,"C/ Braojos, 21",28035,Madrid,,651688259,info@englishsoccercamp.es,https://www.englishsoccercamp.es/,,No publica vía de empleo: contacto por teléfono o correo.
15-monitores,p46-04,Ocio y tiempo libre,ficha,Fundación Biodiversidad,fundación pública,Fundación pública del Ministerio para la Transición Ecológica; publica convocatorias de empleo y becas de formación.,"C/ de las Peñuelas, 10",28005,Madrid,"Metro Acacias, a 200 m",911210920,,https://fundacion-biodiversidad.es/,https://fundacion-biodiversidad.es/ofertas-de-empleo/,Solo por convocatoria: el currículum se presenta con las herramientas de cada oferta.
15-monitores,p46-15,Ocio y tiempo libre,ficha,Fundación Global Nature,fundación,Fundación dedicada a la protección de la naturaleza; publica sus procesos de selección de personal técnico.,"C/ Tajo, 2",28231,Las Rozas de Madrid,"Cercanías Las Rozas, a 800 m",917104455,info@fundacionglobalnature.org,https://fundacionglobalnature.org/,https://fundacionglobalnature.org/unete-a-nosotros/,Candidatura a los procesos abiertos de su página «Únete al equipo».
15-monitores,nueva-actex,Ocio y tiempo libre,ficha,Go Actex,,"Actividades extraescolares y complementarias para colegios e institutos, campamentos y días sin cole.","Avda. de Somosierra, 18, nave 5",28703,San Sebastián de los Reyes,"Metro Hospital Infanta Sofía, a 750 m",916638837;670458770,rrhh@goactex.com,https://goactex.com/,https://goactex.com/trabaja-con-nosotros/,Ofertas en su web; también currículum por correo a rrhh@goactex.com.
15-monitores,p43-10,Ocio y tiempo libre,ficha,Grupo Educativo,,"Proyectos de educación, ocio, cultura e intervención social; gestiona centros culturales de distritos de Madrid.","C/ Amparo Usera, 9",28026,Madrid,"Metro Usera, a 500 m",915000850,contactoge@grupoeducativo.com,https://gecentrosculturales.com/,,No publica vía de empleo: contacto por teléfono o correo.
15-monitores,p43-11,Ocio y tiempo libre,ficha,Grupo Ojalvo,,"Actividades extraescolares, campamentos de verano y club deportivo.","C/ del Humilladero, 14",28945,Fuenlabrada,"Cercanías Fuenlabrada, a 350 m",916065460,,https://grupoojalvo.com/,https://grupoojalvo.com/contacto/,Formulario «Trabaja con nosotros» de su página de contacto.
15-monitores,p44-02,Ocio y tiempo libre,ficha,Natuaventura,,"Campamentos, viajes de fin de curso y actividades escolares; ofertas sobre todo para monitores y coordinadores de tiempo libre titulados.","C/ Varsovia, 27",28232,Las Rozas de Madrid,,917140636,info@natuaventura.com,https://natuaventura.com/,https://natuaventura.com/trabaja-con-nosotros/,Registro con currículum en el formulario de su página «Trabaja con nosotros».
15-monitores,nueva-playedu,Ocio y tiempo libre,ficha,Playedu,,"Extraescolares, campamentos y servicios educativos para colegios.","C/ del Dr. Fleming, 3, planta 9",28036,Madrid,,649781535,contacto@playedu.es,https://www.playedu.es/,https://www.playedu.es/trabaja-con-nosotros/,"Página «Trabaja con nosotros» de su web, que remite a sus ofertas en Jobtoday."
15-monitores,nueva-respira-ocio,Ocio y tiempo libre,ficha,Respira Ocio,,"Campamentos de verano y urbanos, viajes de fin de curso, extraescolares y escuela de ocio y tiempo libre.","C/ Varsovia, 27",28232,Las Rozas de Madrid,,917337067,info@respiraocio.es,https://respiraocio.com/,https://respiraocio.com/trabaja-con-nosotros-4/,Currículum por el formulario de su web; tiene un canal de WhatsApp con sus ofertas.
15-monitores,nueva-talher,Ocio y tiempo libre,ficha,Talher,,"Servicios medioambientales: jardinería, trabajos forestales y programas de educación ambiental y cultural.","C/ Quintanavides, 19, edificio 4, 1.ª planta",28050,Madrid,,917459100,talher@talher.com,https://www.talher.com/,https://canaldeempleo.es/TALHER,Inscripción en su portal de empleo (Canal de Empleo).
15-monitores,p43-04,Ocio y tiempo libre,ficha,Tritoma,,"Gestión cultural, educación y formación, infancia y juventud y servicios sociales; gestiona centros culturales.","Avda. de Córdoba, 21",28026,Madrid,"Metro Almendrales, a 50 m",913920690,tritoma@tritoma.es,https://www.tritoma.es/,https://www.tritoma.es/ofertas-de-empleo/,Ofertas de empleo en su web; candidatura por el formulario «Trabaja con nosotros».
15-monitores,nueva-washi,Ocio y tiempo libre,ficha,Washi,,Actividades extraescolares y servicios socioeducativos para colegios y AMPA.,"Avda. de las Águilas, 2B",28044,Madrid,"Metro Aluche, a 300 m",691416608,extraescolares@grupowashi.com,https://www.grupowashi.com/,,No publica vía de empleo: contacto por teléfono o correo.
15-monitores,nueva-albi,Comedores escolares y restauración colectiva,ficha,Albi,,"Restauración colectiva en colegios, hospitales y residencias: cocineros, ayudantes de cocina, auxiliares de colectividades y monitores.","C/ Labradores, 25",28660,Boadilla del Monte,"Metro Ligero Prado del Espino, a 400 m",914356448,,https://albi.es/,https://albi.es/empleo,"Formulario de su página de empleo, eligiendo el puesto; las ofertas, en sus perfiles de LinkedIn e InfoJobs."
15-monitores,nueva-algadi,Comedores escolares y restauración colectiva,ficha,Algadi,,Restauración colectiva especializada en comedores escolares y sociales.,"C/ Oquendo, 23, 4.ª planta",28006,Madrid,"Metro República Argentina, a 400 m",915474646,info@algadi.com,https://algadi.es/,https://algadi.es/trabaja-con-nosotros/,"Formulario de solicitud de empleo con currículum; las ofertas, en su portal de empleo."
15-monitores,p48-11,Comedores escolares y restauración colectiva,ficha,Alirsa,,"Catering en Madrid para colegios y centros educativos, empresas, residencias y campamentos urbanos.","Avda. Las Américas, 7, nave D14",28823,Coslada,,916733891,info@alirsa.com,https://www.alirsa.com/,,No publica vía de empleo: contacto por teléfono o correo.
15-monitores,p47-08,Comedores escolares y restauración colectiva,ficha,Ausolan,,"Restauración colectiva y limpieza: cocineros, auxiliares de cocina, monitores de comedor y personal de limpieza.",,,,,,,https://www.ausolan.com/,https://ofertas.ausolan.com/jobs,"Inscripción en su portal de empleo, que se filtra por provincia; admite autocandidatura en «Trabaja en Ausolan»."
15-monitores,p47-06,Comedores escolares y restauración colectiva,ficha,Catergest,,"Restauración en escuelas infantiles, colegios, universidades, empresas, centros sanitarios y residencias.","Avda. de la Industria, 8, oficina 3, 2.º D",28108,Alcobendas,"Metro La Moraleja, a 750 m",916616650,seleccion@catergest.com,https://www.catergest.com/,https://www.catergest.com/trabaja-con-nosotros/,Currículum por correo a selección.
15-monitores,p47-05,Comedores escolares y restauración colectiva,ficha,Coespa,cooperativa,"Cooperativa de restauración, ocio y tiempo libre: comedores escolares, extraescolares y campamentos.","C/ Domingo Malagón, 4 A, 2.º D",28982,Parla,"Metro Ligero Iglesia Centro, a 100 m",912494050,info@coespa.es,https://coespa.es/,https://coespa.es/trabaja-con-nosotros/,"Formulario con currículum; se elige categoría: vigilante de comedor, cocina, extraescolares o monitor de campamento."
15-monitores,p48-02,Comedores escolares y restauración colectiva,ficha,Colectividades Bedmar,,"Catering para residencias, colegios y guarderías, y comedores de empresa.","C/ Fundición, 4 bis, naves 6 y 7",28522,Rivas-Vaciamadrid,,914990299,comedoresbedmar@hotmail.com,https://cateringycomidas.com/,,No publica vía de empleo: contacto por teléfono o correo.
15-monitores,p49-12,Comedores escolares y restauración colectiva,ficha,Colectividades Chabe,,"Cocina para escuelas infantiles, colegios, institutos y campamentos.","Avda. Valgrande, 21, nave 1, Pol. Ind. de Alcobendas",28108,Alcobendas,,917058233,info@colectividadeschabe.com,https://www.colectividadeschabe.com/,https://www.colectividadeschabe.com/recursos-humanos/,Cuestionario de la página «Recursos humanos» de su web.
15-monitores,p49-08,Comedores escolares y restauración colectiva,ficha,Comedores Blanco,,"Cocineros, ayudantes de cocina, auxiliares de servicio, cuidadores con título de monitor de comedor y repartidores.","C/ Centauro, 11, Pol. Ind. Las Cubiertas",28971,Griñón,,916900033,contacto@comedoresblanco.es,https://www.comedoresblanco.es/,https://www.comedoresblanco.es/trabaja-con-nosotros/,"Formulario de «Trabaja con nosotros», eligiendo el puesto y adjuntando el currículum."
15-monitores,p47-01,Comedores escolares y restauración colectiva,ficha,DUO Colectividades,,Empresa de comedores escolares en Madrid.,"Avda. Guadarrama, 11, local 2",28701,San Sebastián de los Reyes,"Cercanías Alcobendas-San Sebastián de los Reyes, a 250 m",916238617,info@duocolectividades.com,https://duocolectividades.com/,https://duocolectividades.com/la-empresa/trabaja-con-nosotros/,"Formulario de «Trabaja con nosotros» en su web, adjuntando el currículum."
15-monitores,p49-02,Comedores escolares y restauración colectiva,ficha,Enasui,,"Catering y restauración en colegios, universidades, residencias y empresas; publica vacantes de cocina.","C/ Peña de Francia, 1-3",28500,Arganda del Rey,,918729230,enasui@enasui.com,https://enasui.com/,https://enasui.com/trabaja-con-nosotros/,Inscripción en las vacantes de su página «Trabaja con nosotros».
15-monitores,nueva-endermar,Comedores escolares y restauración colectiva,ficha,Endermar,,"Comedores escolares, empresas y residencias: monitores de comedor, cocineros, ayudantes y auxiliares de limpieza de cocinas.","C/ Mayor, 6, 2.ª planta, oficina 9",28013,Madrid,"Metro Sol, a 200 m",,recursoshumanos@endermar.com,https://www.endermar.com/es,https://www.endermar.com/empleo/,Currículum por correo a recursos humanos o formulario de «Trabaja con nosotros».
15-monitores,p47-03,Comedores escolares y restauración colectiva,ficha,Gastronomía Las Murallas,,"Catering para comedores de colegios, empresas, hoteles y residencias en Madrid.","C/ Plutón, 5",28936,Móstoles,,916133001,,https://gastronomialasmurallas.es/,,La web no tiene apartado de empleo: contacto por teléfono o en la oficina.
15-monitores,p49-07,Comedores escolares y restauración colectiva,ficha,Gastroser,,Servicio a colectividades y comedores escolares.,"C/ Cristóbal Bordiú, 35, oficina 302",28003,Madrid,"Metro Ríos Rosas, a 300 m",915541764,gastroser@gastroser.es,https://gastroser.es/,https://gastroser.es/contacto,Currículum por correo.
15-monitores,p49-05,Comedores escolares y restauración colectiva,ficha,Goeat,,"Monitores de comedor y de ocio, coordinadores, cocineras, ayudantes de cocina y auxiliares de limpieza.","C/ Los Yébenes, 91, local A",28047,Madrid,"Metro Laguna, a 850 m",915098632;696957080,recursoshumanos@goeat.es,https://goeat.es/,https://goeat.es/trabaja-con-nosotros,Currículum por correo a recursos humanos o por carta a su oficina.
15-monitores,p48-06,Comedores escolares y restauración colectiva,ficha,Grupo Maestro,,"Restauración colectiva: ayudantes de cocina, cocineros, monitores de comedor y auxiliares de servicios y limpieza.","C/ Juan de la Cierva, 21",28939,Arroyomolinos,,916686506,info@grupomaestro.es,https://www.grupomaestro.es/,https://www.grupomaestro.es/trabaja-con-nosotros/,Formulario de «Trabaja con nosotros»: se elige la oferta y se adjunta el currículum.
15-monitores,nueva-irco,Comedores escolares y restauración colectiva,ficha,Irco,,Restauración colectiva y comedores escolares; ofertas de cocinero y de monitor en la provincia de Madrid.,,,,,,,https://www.ircosl.com/,https://odoo.ircosl.com/jobs,Inscripción en las ofertas de su portal de empleo.
15-monitores,p49-10,Comedores escolares y restauración colectiva,ficha,La Madrigaleña,,Empresa de comedores escolares.,"C/ Oquendo, 23, 4.ª planta",28006,Madrid,"Metro República Argentina, a 400 m",915474646,comedores@lamadrigalena.com,https://lamadrigalena.com/,,"Su web no tiene apartado de empleo; comparte oficina y teléfono con Algadi, que sí lo tiene."
15-monitores,p49-03,Comedores escolares y restauración colectiva,ficha,Mawersa,,Servicio de comedor escolar en colegios y residencias universitarias.,"C/ Antonio López, 246",28026,Madrid,"Metro Almendrales, a 150 m",914600411,,https://mawersa.com/,https://mawersa.com/contacto/,"Formulario de contacto, eligiendo «Solicitud de trabajo» y adjuntando el currículum en PDF."
15-monitores,p49-11,Comedores escolares y restauración colectiva,ficha,Parga y López,,Servicio de comedor en centros escolares de Infantil y Primaria de la Comunidad de Madrid.,"C/ Bascuñuelos, 38",28021,Madrid,"Metro Villaverde Alto, a 600 m",914784239,info@pargaylopez.com,https://www.pargaylopez.com/,https://www.pargaylopez.com/contacto/,Formulario «Trabaja con nosotros» en su página de contacto.
15-monitores,p47-02,Comedores escolares y restauración colectiva,ficha,Proaleh,,"Servicio hostelero para comedores escolares, con servicio de monitores.","C/ Juan Huarte de San Juan, 1, nave G2",28806,Alcalá de Henares,,620227987;674366751,rrhh@proaleh.es,https://www.proaleh.es/,https://www.proaleh.es/contacto-con-proaleh/quieres-formar-parte-del-equipo/,Currículum por correo a recursos humanos o formulario «¿Quieres formar parte del equipo?».
15-monitores,p48-07,Comedores escolares y restauración colectiva,ficha,Secoe,,Restauración colectiva para comedores escolares de Madrid.,"C/ Joaquín Turina, 2, oficina 1.5.2",28224,Pozuelo de Alarcón,,916324574,,https://www.secoe.es/,https://secoe.epreselec.com/?id_origen=web+corporativa,Inscripción en su portal de empleo («Envíanos tu CV»).
15-monitores,p48-08,Comedores escolares y restauración colectiva,ficha,Sercaib,,Catering escolar en Madrid: elaboración y servicio de comidas en colegios.,"C/ Lisboa, 14",28813,Torres de la Alameda,,918858139,sercaib@sercaib.es,https://sercaib.es/,,No publica vía de empleo: contacto por teléfono o correo.
15-monitores,p48-05,Comedores escolares y restauración colectiva,ficha,Servicios Hosteleros a Colectividades,,"Comedores de centros educativos: colegios, escuelas infantiles y casas de niños; ampliación y extraescolares.","C/ Florida, 3, nave 5, Pol. Ind. Quitapesares",28670,Villaviciosa de Odón,,916163841,shc@servicioshosteleros.com,https://servicioshosteleros.com/,,No publica vía de empleo: contacto por teléfono o correo.
15-monitores,p47-04,Comedores escolares y restauración colectiva,ficha,Sherco,,Comedores escolares con cocina diaria en colegios de Madrid.,"C/ Astérix, 45",28521,Rivas-Vaciamadrid,,914996354,comercial@csherco.com,https://www.csherco.com/,,No publica vía de empleo: contacto por teléfono o correo.
15-monitores,p48-01,Comedores escolares y restauración colectiva,ficha,SIC Restauración,,"Restauración en centros educativos y asistenciales, con monitores en el servicio de comedor.","C/ Electricidad, 42, Pol. Ind. San José de Valderas",28918,Leganés,"Metro Joaquín Vilumbrales, a 750 m",916114801,sic@sicrestauracion.com,http://www.sicrestauracion.com/,,No publica vía de empleo: contacto por teléfono o correo.
15-monitores,p49-01,Comedores escolares y restauración colectiva,ficha,Vorare,,"Restauración colectiva para instituciones educativas, con monitores de comedor.","C/ Gobelas, 25",28023,Madrid,,,comunicacion@vorare.es,https://vorare.es,,La web no tiene apartado de empleo: contacto por formulario o correo.
15-monitores,p42-10,"Granjas escuela, albergues y campamentos",ficha,Albergue Valle de los Abedules,,"Albergue en la Sierra Norte de Madrid: campamentos, viajes y excursiones escolares y multiaventura.","Ctra. M-610, km 15",28720,Bustarviejo,,630084576;630084575,informacion@valleabedules.com,https://albergue-valle.com/,,La cabecera de la web tiene un botón «Enviar cv»; también por correo.
15-monitores,p41-10,"Granjas escuela, albergues y campamentos",ficha,Albitana,,"Granja escuela en Brunete: estancias y visitas de colegios, campamentos y días en familia.","Camino de las Caudalosas, s/n",28690,Brunete,,645257585;608670808,reservas@albitana.com,https://www.albitana.com/es/,https://www.albitana.com/es/trabaja-con-nosotros/,"Formulario «Trabaja con nosotros» de su web, con el currículum adjunto."
15-monitores,p41-01,"Granjas escuela, albergues y campamentos",ficha,"Campa Ocio (Eco-Camp, antigua Granja del Ayer)",,Granja escuela en Villanueva de Perales y parque de aventura en Las Rozas: excursiones escolares y campamentos.,,,Villanueva de Perales,,608149634,info@campa.es,https://campa.es/,,No publica vía de empleo: contacto por teléfono o correo.
15-monitores,p41-08,"Granjas escuela, albergues y campamentos",ficha,CEI El Jarama,,"Centro educativo internacional: granja escuela, aula de naturaleza, inmersiones lingüísticas y campamentos de verano.","Ctra. de Caraquiz, km 2,200",28160,Talamanca de Jarama,,918417649,curriculums@ceieljarama.com,https://ceieljarama.com/,https://ceieljarama.com/contacto/,Currículum por correo a curriculums@ceieljarama.com.
15-monitores,p41-12,"Granjas escuela, albergues y campamentos",ficha,Granja El Álamo,,"Granja escuela en Brunete: colegios, campamentos y eventos.","Ctra. de Boadilla del Monte a Brunete, km 14,5",28690,Brunete,,918162063;678488904,info@granjaelalamo.es,https://www.granjaelalamo.es/,,No publica vía de empleo: contacto por teléfono o correo.
15-monitores,p41-11,"Granjas escuela, albergues y campamentos",ficha,Granja Escuela El Palomar,,Granja escuela en Chapinería: visitas de colegios y campamentos.,"Camino de la Fuente, 1",28694,Chapinería,,918652030,chapineria@granjaescuelaelpalomar.com,https://granjaescuelaelpalomar.com/,,No publica vía de empleo: contacto por teléfono o correo.
15-monitores,p41-15,"Granjas escuela, albergues y campamentos",ficha,Granja Escuela El Rodeo,,"Granja escuela en Valdemoro con mundos temáticos: visitas de colegios, campamentos, cumpleaños y eventos.","Camino Hondo, 73",28343,Valdemoro,,918949865;674000366,info@granjaescuelaelrodeo.com,https://www.granjaescuelaelrodeo.com/,,No publica vía de empleo: contacto por teléfono o correo.
15-monitores,p41-04,"Granjas escuela, albergues y campamentos",ficha,Granja Escuela La Salle Valdemorillo,,Granja escuela con actividades para colegios y asociaciones y campamentos de verano.,"Ctra. de Peralejo M-533, km 0,800",28210,Valdemorillo,,918969014,granja@lasalle.es,https://lasallevaldemorillo.es/,,No publica vía de empleo: contacto por teléfono o correo.
15-monitores,p41-13,"Granjas escuela, albergues y campamentos",ficha,Granja Escuela Onceolivos,,Granja escuela en El Molar: excursiones escolares y visitas para ser granjero por un día.,"Ctra. del Canal-Arrevueltas, 11",28710,El Molar,,656448438,,https://granjaescuelaonceolivos.es/,,La web no tiene apartado de empleo: contacto por teléfono.
15-monitores,p42-18,"Granjas escuela, albergues y campamentos",ficha,Grupo El Colladito,,"Albergues multiaventura y campamentos en Miraflores de la Sierra, Cercedilla, Collado Mediano y Los Molinos.",,,,,638662783,reservas@elcolladito.com,https://www.albergueyeventoselcolladito.com/,,No publica vía de empleo: contacto por teléfono o correo.
15-monitores,p41-14,"Granjas escuela, albergues y campamentos",ficha,La Esgaravita,,"Finca con granja escuela en Alcalá de Henares, con espacios para encuentros, eventos y actividades.",Finca La Esgaravita,28805,Alcalá de Henares,,918880068,informacion@esgaravita.com,https://esgaravita.com/,,No publica vía de empleo: contacto por teléfono o correo.
15-monitores,p41-06,"Granjas escuela, albergues y campamentos",ficha,La Granja de los Cuentos,,"Aldea educativa en Fuenlabrada: excursiones de colegio, sábados en familia y campamentos de verano.","C/ Villa Claudia, 2",28942,Fuenlabrada,"Metro Hospital de Fuenlabrada, a 500 m",916080618,colegios@granjacuentos.com,https://granjacuentos.com/,,No publica vía de empleo: contacto por teléfono o correo.
15-monitores,p41-09,"Granjas escuela, albergues y campamentos",ficha,La Huerta de Carlos,,"Granja en Pozuelo de Alarcón: excursiones escolares, campamentos, visitas familiares y cumpleaños.",,,Pozuelo de Alarcón,,913521050;649751461,lhc@mipequenagranja.com,https://lahuertadecarlos.com/,,No publica vía de empleo: contacto por teléfono o correo.
15-monitores,p41-03,"Granjas escuela, albergues y campamentos",ficha,Nuestra Tierra,,"Granja educativa en la Sierra Oeste de Madrid: actividades, campamentos y visitas escolares.","Ctra. Virgen de la Nueva, s/n",28680,San Martín de Valdeiglesias,,624071003,,https://nuestratierra.es/,,No publica vía de empleo: contacto por teléfono o correo.
15-monitores,nueva-abd,Intervención social y educativa,ficha,ABD (Asociación Bienestar y Desarrollo),,ONG de atención social; publica ofertas de trabajo social y educación social que actualiza cada semana.,"Paseo de la Dirección, 69",28039,Madrid,"Metro Francos Rodríguez, a 550 m",912976482,,https://abd.ong/,https://abd.ong/ofertas-empleo/,Inscripción en las ofertas de su web o envío del currículum desde «Envíanos tu currículum».
15-monitores,nueva-aldeas-infantiles,Intervención social y educativa,ficha,Aldeas Infantiles SOS,,Protección de la infancia en riesgo; publica sus vacantes y oportunidades de empleo.,"C/ Angelita Cavero, 9",28027,Madrid,,913884549,aldeasinfantiles@aldeasinfantiles.es,https://www.aldeasinfantiles.es/,https://www.aldeasinfantiles.es/trabaja-con-nosotros/,Inscripción en las vacantes de su página «Trabaja con nosotros».
15-monitores,p45-05,Intervención social y educativa,ficha,Asociación Centro Trama,,"Equipos de psicología, educación social, trabajo social y abogacía en programas de infancia, juventud, igualdad, mayores e inclusión social.","C/ Puerto de Pozazal, 4",28031,Madrid,"Metro Sierra de Guadalupe, a 450 m",913312054,centrotrama@trama.org,https://www.trama.org/,https://www.trama.org/empleo/,Inscripción en las ofertas de su web; también las publica en InfoJobs y Hacesfalta.
15-monitores,nueva-asociacion-paideia,Intervención social y educativa,ficha,Asociación Paideia,,"Asociación para la integración del menor: infancia y adolescencia en situación de desprotección, dificultad y conflicto social.","Plaza de Tirso de Molina, 13, 4.º ext. izda.",28012,Madrid,"Metro Tirso de Molina, a 50 m",914295132,paideia@asociacionpaideia.org,https://asociacionpaideia.org/,https://asociacionpaideia.org/trabaja-en-la-entidad/,Formulario de su página «Trabaja en la entidad».
15-monitores,p45-11,Intervención social y educativa,ficha,Asociación Trabe,,"Defensa de los derechos de las mujeres: atención a víctimas de trata, violencias de género y promoción de la igualdad.","C/ Raimundo Fernández Villaverde, 1, 1.º",28003,Madrid,"Metro Cuatro Caminos, a 50 m",915907482,info@trabe.org.es,https://www.trabe.org.es/,https://www.trabe.org.es/trabaja-con-nosotras/,Currículum por correo para su bolsa de empleo; la dirección está en «Trabaja con nosotras».
15-monitores,p45-06,Intervención social y educativa,ficha,Delfo,,"Desarrollo laboral y formación: busca profesionales del campo psicosocial en igualdad, empleo, diversidad y crecimiento emocional.","C/ Longares, 9, local 2",28022,Madrid,"Metro Las Musas, a 250 m",915943803,seleccion@delfo.es,https://www.delfo.es/,https://www.delfo.es/trabaja-con-delfo/,"Currículum por correo a seleccion@delfo.es, desde su página «Únete a Delfo»."
15-monitores,p44-09-02,Intervención social y educativa,renglon,Eduso: empleo en educación social,,"Convocatorias de empleo público y privado de educación social, con filtro por Comunidad de Madrid. Lo lleva el consejo de colegios profesionales.",,,,,,,https://www.eduso.net/,https://www.eduso.net/empleo/,Cada convocatoria enlaza a la página donde se presenta la candidatura.
15-monitores,nueva-fundacion-amigo,Intervención social y educativa,ficha,Fundación Amigó,fundación,"Trabaja con personas excluidas y vulnerables, sobre todo infancia, juventud y familias.","C/ Zacarías Homs, 18",28043,Madrid,"Metro Arturo Soria, a 650 m",913002385,info@fundacionamigo.org,https://fundacionamigo.org/,https://fundacionamigo.org/trabaja-con-nosotros/,Ofertas en su web y formulario para enviar el currículum.
15-monitores,nueva-fundacion-atenea,Intervención social y educativa,ficha,Fundación Atenea,fundación,Fundación de intervención social con sede territorial en Madrid.,"C/ Teniente Coronel Noreña, 11, 2.ª planta",28045,Madrid,"Metro Legazpi, a 200 m",914479997,fundacion@fundacionatenea.org,https://fundacionatenea.org/,https://fundacionatenea.org/trabaja-con-nosotros/,Publica todas sus vacantes en hacesfalta.org; la inscripción se hace allí.
15-monitores,nueva-ginso,Intervención social y educativa,ficha,GINSO,,"Gestiona centros con menores; su vacante más demandada es la de educador/a social, con centros de trabajo en Madrid y Andalucía.","C/ Joaquín María López, 41 duplicado, local",28015,Madrid,"Metro Islas Filipinas, a 200 m",913994993,informaciongeneral@ginso.org,https://www.ginso.org/,https://www.ginso.org/trabaja-nosotros,Formulario con currículum en «Trabaja con nosotros»; también publica ofertas en InfoJobs y LinkedIn.
15-monitores,p45-04,Intervención social y educativa,ficha,Grupo 5,,"Servicios sociales, educativos y sociosanitarios: gestión de centros de salud mental, mayores, daño cerebral, personas sin hogar y discapacidad.","C/ Juan Esplandiú, 11, planta 11.ª",28007,Madrid,"Metro Sainz de Baranda, a 550 m",914026012,contacto@grupo5.net,https://www.grupo5.net/,https://www.grupo5.net/trabaja-con-nosotros/,Inscripción en su portal de ofertas («Canal de empleo»).
15-monitores,p45-10,Intervención social y educativa,ficha,Grupo Exter,,Expertos en Terapia y Rehabilitación: gestión de servicios de rehabilitación psicosocial y de adicciones.,"C/ Alfonso XII, 13, bajo 5",28014,Madrid,"Cercanías Atocha, a 150 m",913690790,,https://grupoexter.eu/,https://grupoexter.eu/quieres-trabajar-con-nosotros/,"Ofertas en su web y autocandidatura por correo, con el documento que se descarga en su página."
15-monitores,nueva-hogar-si,Intervención social y educativa,ficha,Hogar Sí,,"Atención a personas sin hogar; publica ofertas en Madrid de perfiles técnicos, sociosanitarios y de intervención.","C/ Ardemans, 42",28028,Madrid,"Metro Diego de León, a 350 m",911108984,hola@hogarsi.org,https://www.hogarsi.org/,https://www.hogarsi.org/trabaja-con-nosotros/,Inscripción en cada oferta de su página «Trabaja con nosotros».
15-monitores,nueva-intress,Intervención social y educativa,ficha,Intress,,"Instituto de Trabajo Social y Servicios Sociales: ofertas de empleo en el sector social, con buscador por Madrid.","C/ Álvarez de Baena, 4, bajo A",28006,Madrid,"Metro Gregorio Marañón, a 250 m",915621050,intress@intress.org,https://www.intress.org/es/,https://www.intress.org/es/nosotras/unete/,Inscripción en las ofertas de su web o en «¡Déjanos tu CV!».
15-monitores,p45-08,Intervención social y educativa,ficha,Nuevo Futuro,,Protección de la infancia y la adolescencia; publica ofertas de educador/a social y auxiliar técnico educativo.,"C/ Bretón de los Herreros, 57, bajo F",28003,Madrid,"Metro Gregorio Marañón, a 300 m",914411398;914411198,madrid@nuevofuturo.org,https://nuevofuturo.org/,https://nuevofuturo.org/trabaja-con-nosotros/,"Inscripción en las ofertas de su web, con perfil de candidato."
15-monitores,nueva-proyecto-hombre-madrid,Intervención social y educativa,ficha,Proyecto Hombre Madrid,,"Centros de tratamiento de adicciones en la Comunidad de Madrid; publica ofertas de monitor/a, psicología y enfermería.","C/ Martín de los Heros, 68",28008,Madrid,"Metro Argüelles, a 250 m",915420271,seleccion@proyectohombremadrid.org,https://www.proyectohombremadrid.org/,https://www.proyectohombremadrid.org/colabora/trabaja-con-nosotros/,"Currículum por correo a seleccion@proyectohombremadrid.org, con la referencia de la oferta."
15-monitores,nueva-save-the-children,Intervención social y educativa,ficha,Save the Children,,ONG de infancia; tiene ofertas de acción social y una bolsa de verano de monitores y educadores para colonias y campamentos de Madrid.,"Avda. de la Albufera, 153, 2.ª planta",28038,Madrid,"Metro Buenos Aires, a 200 m",915130500,,https://www.savethechildren.es/,https://www.savethechildren.es/ofertas-empleo,Inscripción en las ofertas y bolsas de empleo de su web.
15-monitores,p45-12,Intervención social y educativa,ficha,Siete Estrellas – SocialMente,,"Proyectos socioeducativos de inclusión, participación y dinamización social.","Avda. de Bélgica, 6, local",28916,Leganés,"Metro El Carrascal, a 250 m",917791286,info@siete-estrellas.com,https://siete-estrellas.com/,https://siete-estrellas.com/empleo/,Formulario con currículum en su página de empleo; difunde los procesos de selección en su canal de WhatsApp.
47-tercer-sector,nueva-ts-accion-contra-el-hambre,Grandes ONG y fundaciones,ficha,Acción contra el Hambre,,"Lucha contra la desnutrición; en España, programas de empleo e inclusión. Ofertas para su sede y sus proyectos.","C/ Duque de Sevilla, 3",28002,Madrid,"Metro Cruz del Rayo, a 300 m",913915300,,https://accioncontraelhambre.org/es,https://accioncontraelhambre.org/es/unete-nuestro-equipo,Ofertas enlazadas desde «Únete a nuestro equipo».
47-tercer-sector,nueva-ts-amnistia,Grandes ONG y fundaciones,ficha,Amnistía Internacional,,Defensa de los derechos humanos. Ofertas de trabajo para su Secretariado Estatal en Madrid y sus equipos.,"Calle Fernando VI, 8, 1º izda.",28004,Madrid,"Metro Chueca, a 250 m",913101277,,https://www.es.amnesty.org/,https://www.es.amnesty.org/quienes-somos/ofertas-de-trabajo/,Ofertas con sus requisitos en «Ofertas de trabajo».
47-tercer-sector,nueva-ts-ayuda-en-accion,Grandes ONG y fundaciones,ficha,Ayuda en Acción,,"ONG de infancia, juventud e inclusión socioeconómica, en España y otros países. Ofertas de empleo y envío de CV.","Calle Serrano Anguita, 13",28004,Madrid,"Metro Bilbao, a 200 m",900858588,,https://ayudaenaccion.org/,https://ayudaenaccion.org/equipo/unete/,Ofertas en «Únete al equipo» y currículum desde «Envíanos tu CV».
47-tercer-sector,nueva-ts-cruz-roja,Grandes ONG y fundaciones,ficha,Cruz Roja,,"Organización humanitaria. Ofertas internas por provincia: técnicos de empleo, trabajo social, monitores, socorristas, enfermería.","Avenida Reina Victoria, 26-28",28003,Madrid,"Metro Guzmán el Bueno, a 300 m",900221122,,https://www2.cruzroja.es/,https://cruzroja.epreselec.com/Ofertas/Ofertas.aspx,"Registro e inscripción en las ofertas internas de su portal de empleo, con filtro por provincia."
47-tercer-sector,nueva-ts-caritas-madrid,Grandes ONG y fundaciones,ficha,Cáritas Diocesana de Madrid,,Acción social con familias vulnerables en Madrid. Recibe currículos para trabajar en sus proyectos.,"C/ Santa Hortensia, 1-B",28002,Madrid,"Metro Alfonso XIII, a 300 m",915489580,,https://www.caritasmadrid.org/,https://www.a3equipo.com/PortalCandidato/A3LabCandidatePortalUserLayer/A3LabCandidateLogin.aspx?CC=XtjdRgb3wmgdkJkidgqH1w%3D%3D,"Currículum en su portal de candidatos, enlazado como «Trabaja con nosotros» al pie de su web."
47-tercer-sector,nueva-ts-entreculturas,Grandes ONG y fundaciones,ficha,Entreculturas,,ONG por la justicia social y el derecho a la educación. Unas 100 personas contratadas; publica sus procesos de selección.,"C/ Maldonado, 1, planta 3",28006,Madrid,"Metro Rubén Darío, a 300 m",915902672,,https://www.entreculturas.org/,https://www.entreculturas.org/unete-al-equipo/,Procesos de selección abiertos en «Únete al equipo».
47-tercer-sector,nueva-ts-greenpeace,Grandes ONG y fundaciones,ficha,Greenpeace España,,Organización ecologista. Ofertas de empleo y prácticas; admite currículum aunque no haya ofertas publicadas.,"Calle Valores, 1",28007,Madrid,"Metro Sainz de Baranda, a 150 m",,,https://es.greenpeace.org/es/,https://es.greenpeace.org/es/quienes-somos/trabaja-con-nosotros/,Ofertas de empleo y prácticas en su web; el currículum se deja a través de InfoJobs.
47-tercer-sector,nueva-ts-manos-unidas,Grandes ONG y fundaciones,ficha,Manos Unidas,,ONG católica de cooperación al desarrollo. Publica sus procesos de selección activos.,,,,,,convocatorias@manosunidas.org,https://www.manosunidas.org/,https://www.manosunidas.org/quienes-somos/equipo/trabaja-con-nosotros,Candidatura por correo a convocatorias@manosunidas.org para los procesos activos.
47-tercer-sector,nueva-ts-mensajeros-paz,Grandes ONG y fundaciones,ficha,Mensajeros de la Paz,,"Residencias, ayuda a domicilio y programas sociales. Ofertas por centro, también en Madrid.","Plaza del General Vara de Rey, 9",28005,Madrid,"Metro La Latina, a 200 m",913643940,,https://mensajerosdelapaz.com/,https://mensajerosdelapaz.com/trabaja-con-nosotros/,"Cada oferta trae su contacto; para ayuda a domicilio, formulario de empleo en la misma página."
47-tercer-sector,nueva-ts-oxfam-intermon,Grandes ONG y fundaciones,ficha,Oxfam Intermón,,"Cooperación, acción humanitaria y comercio justo. Ofertas de sede, trabajo internacional, captación en calle y prácticas.","C/ de Serrano Anguita, 13",28004,Madrid,"Metro Bilbao, a 200 m",915480458,,https://www.oxfamintermon.org/,https://web.oxfamintermon.org/es/empleo,Ofertas por tipo en su página de empleo y currículum en «Déjanos tu currículum».
47-tercer-sector,nueva-ts-plan-international,Grandes ONG y fundaciones,ficha,Plan International,,ONG por los derechos de la infancia y la igualdad de las niñas. Puestos en su sede de Madrid y en sus proyectos.,"C/ Pantoja, 10",28002,Madrid,"Metro Alfonso XIII, a 250 m",900244000,recruiting@plan-international.org,https://plan-international.es/,https://plan-international.es/trabaja-con-nosotros,Puestos disponibles en «Ver ofertas de empleo» de su página de empleo.
47-tercer-sector,nueva-ts-save-the-children,Grandes ONG y fundaciones,ficha,Save the Children,,"ONG de infancia: educación, pobreza infantil, salud y protección. Ofertas y bolsas de empleo para sus sedes y proyectos.","Avenida de la Albufera, 153, 2ª planta",28038,Madrid,"Metro Buenos Aires, a 200 m",915130500,,https://www.savethechildren.es/,https://www.savethechildren.es/ofertas-empleo,Inscripción en las ofertas y bolsas de empleo de su web.
47-tercer-sector,nueva-ts-unicef,Grandes ONG y fundaciones,ficha,UNICEF España,,"Comité español de UNICEF, que defiende los derechos de la infancia. Vacantes en Madrid y candidatura abierta.",,,,,,,https://www.unicef.es/,https://unicef.talentclue.com/es/node/34189036/4590,"Candidatura abierta «Trabaja con nosotros» en su portal de selección; las vacantes, en su panel de ofertas."
47-tercer-sector,nueva-ts-wwf,Grandes ONG y fundaciones,ficha,WWF España,,Conservación de la naturaleza. Ofertas de trabajo en España y opción de dejar el currículum.,"Vía de San Francisco, 8",28005,Madrid,"Metro Puerta de Toledo, a 300 m",913540578,,https://www.wwf.es/,https://www.wwf.es/somos/trabaja_en_wwf/,Ofertas en «Ver ofertas» y currículum en «Déjanos tu CV».
47-tercer-sector,nueva-ts-afanias,Discapacidad y salud mental,ficha,Afanias,,"Apoyo a las personas con discapacidad y a sus familias: colegio de educación especial, centros y empleo.","Calle Müller, 25",28039,Madrid,"Metro Valdeacederas, a 350 m",914470116,,https://afanias.org/,https://afanias.org/quienes-somos/trabaja-con-nosotros,Ofertas de empleo en «Trabaja en Afanias»; se pulsa la que interese para verla y apuntarse.
47-tercer-sector,nueva-ts-apanid,Discapacidad y salud mental,ficha,APANID,,"Asociación de Padres y Amigos de Niños Diferentes, en Getafe: atención temprana, centros y residencia.",,,,,916953681,asociacion@apanid.es,https://www.apanid.es/,,No publica ofertas en su web; contacto por teléfono o correo con la asociación.
47-tercer-sector,nueva-ts-apna,Discapacidad y salud mental,ficha,APNA,,Asociación de Padres de Personas con Autismo: servicios para personas con autismo y sus familias desde 1976.,"Calle Navaleno, 9",28033,Madrid,"Metro Manoteras, a 800 m",917662222,apna@apna.es,https://apna.es/,https://apna.es/contacto/,Bolsa de empleo: formulario con currículum en su página de contacto.
47-tercer-sector,nueva-ts-down-madrid,Discapacidad y salud mental,ficha,Down Madrid,,Fundación Síndrome de Down de Madrid: apoyos a personas con síndrome de Down y a sus familias.,"Calle Caídos de la División Azul, 15",28016,Madrid,"Metro Pío XII, a 500 m",913876790,,https://downmadrid.org/,https://downmadrid.org/quiero-trabajar-en-down-madrid/,Formulario «Quiero trabajar en Down Madrid» con profesión y currículum.
47-tercer-sector,nueva-ts-autismo-madrid,Discapacidad y salud mental,ficha,Federación Autismo Madrid,federación,"Ofertas de empleo de sus entidades federadas (logopedas, fisioterapeutas, terapeutas ocupacionales, coordinación) y CV para futuras vacantes.","Calle Costa Verde, 1",28029,Madrid,"Metro Ventilla, a 200 m",910133095,,https://autismomadrid.es/,https://autismomadrid.es/ofertas-de-empleo/,Cada oferta activa enlaza su candidatura; también recoge currículos para futuras vacantes.
47-tercer-sector,nueva-ts-a-la-par,Discapacidad y salud mental,ficha,Fundación A LA PAR,,"Inclusión de personas con discapacidad intelectual: colegio, centro ocupacional, empleo y deporte. Ofertas y candidatura abierta.","Calle Monasterio de las Huelgas, 15",28049,Madrid,"Metro Paco de Lucía, a 300 m",917355790,,https://alapar.ong/,https://alapar.factorial.es/,"Inscripción en las ofertas o en «Candidatura abierta» de su portal de empleo, que su web enlaza en «Trabaja con nosotros»."
47-tercer-sector,nueva-ts-amas,Discapacidad y salud mental,ficha,Fundación AMÁS,,"Acompaña a personas con discapacidad intelectual y sus familias en Móstoles, Leganés y otros municipios.","Avenida de los Sauces, 61",28935,Móstoles,,916945306,,https://www.fundacion-amas.org/,https://empleo.fundacion-amas.org/jobs,Inscripción en las ofertas de su portal «Trabaja con nosotros».
47-tercer-sector,nueva-ts-apascovi,Discapacidad y salud mental,ficha,Fundación Apascovi,,Centros y servicios para personas con discapacidad intelectual.,,,,,918506392,,https://apascovifundacion.org/,https://apascovifundacion.org/trabaja-con-nosotros/,Formulario con currículum en «Trabaja con nosotros».
47-tercer-sector,nueva-ts-aprocor,Discapacidad y salud mental,ficha,Fundación Aprocor,,"Apoyos a personas con discapacidad intelectual: formación, ocupación y empleo.","C/ Vicente Morales, 5",28043,Madrid,"Metro Canillas, a 200 m",913886367,,https://fundacionaprocor.org/,,No publica ofertas para su plantilla en su web; contacto general por teléfono.
47-tercer-sector,nueva-ts-bobath,Discapacidad y salud mental,ficha,Fundación Bobath,,"Apoyo a personas con parálisis cerebral. Busca fisioterapeutas, logopedas, psicólogos, maestros de educación especial, terapeutas ocupacionales.",,,,,913767190,,https://fundacionbobath.org/,https://fundacionbobath.org/empleo/,Formulario con currículum y área profesional en «Únete a nuestro equipo».
47-tercer-sector,nueva-ts-femm,Discapacidad y salud mental,ficha,Fundación Esclerosis Múltiple Madrid (FEMM),,"Neurorrehabilitación para personas con esclerosis múltiple: fisioterapia, logopedia, neuropsicología, enfermería, trabajo social.","Avenida de Asturias, 35",28029,Madrid,"Metro Ventilla, a 50 m",913993245,,https://femmadrid.org/,https://femmadrid.org/trabaja-en-la-femm/,Currículum desde «Trabaja con nosotros».
47-tercer-sector,nueva-ts-gil-gayarre,Discapacidad y salud mental,ficha,Fundación Gil Gayarre,,Acompaña a las personas con discapacidad intelectual y a sus familias en el desarrollo de sus proyectos de vida.,"Ctra. de Majadahonda, km 2",28223,Pozuelo de Alarcón,,913520940,,https://www.gilgayarre.org/,https://www.gilgayarre.org/trabaja-con-nosotros,Currículum por correo a su departamento de recursos humanos; la dirección está en «Trabaja con nosotros».
47-tercer-sector,nueva-ts-juan-xxiii,Discapacidad y salud mental,ficha,Fundación Juan XXIII,,Inclusión sociolaboral de personas con discapacidad intelectual. Portal de empleo con ofertas y envío de CV.,"Vía del Este, 1",28032,Madrid,"Cercanías Vicálvaro, a 200 m",914137349,,https://www.fundacionjuanxxiii.org/,https://www.fundacionjuanxxiii.org/portal-de-empleo,Ofertas en «Ver ofertas» y currículum en «Envíanos tu CV» de su portal de empleo.
47-tercer-sector,nueva-ts-manantial,Discapacidad y salud mental,ficha,Fundación Manantial,,"Atención integral en salud mental: atención social, empleo, apoyo infantojuvenil y ámbito penitenciario.",,,,,,,https://www.fundacionmanantial.org/,https://www.fundacionmanantial.org/oportunidades-de-empleo-en-salud-mental/,Envío de currículum desde su página de oportunidades de empleo.
47-tercer-sector,nueva-ts-prodis,Discapacidad y salud mental,ficha,Fundación Prodis,,"Formación, empleo con apoyo y centro especial de empleo para personas con discapacidad intelectual.","Bulevar Indalecio Prieto, 2",28032,Madrid,"Metro Valdebernardo, a 600 m",913715351,,https://fundacionprodis.org/,https://fundacionprodis.org/contacto/trabaja-con-nosotros/,Formulario con CV y puesto de interés en «Trabaja con nosotros».
47-tercer-sector,nueva-ts-railes,Discapacidad y salud mental,ficha,Fundación Raíles,,Inclusión de las personas con discapacidad intelectual o del desarrollo.,"Avenida Rafael Alberti, 4",28038,Madrid,"Metro Miguel Hernández, a 450 m",913807370,,https://fundacionrailes.org/,,No publica ofertas para su plantilla en su web; contacto general por teléfono.
47-tercer-sector,nueva-ts-intress,Discapacidad y salud mental,ficha,Intress,,Instituto de Trabajo Social y Servicios Sociales: intervención social y salud mental. Ofertas en Madrid y otras comunidades.,"Calle Álvarez de Baena, 4, bajo A",28006,Madrid,"Metro Gregorio Marañón, a 250 m",915621050,,https://www.intress.org/es/,https://www.intress.org/es/nosotras/unete/,Buscador de ofertas por territorio y «¡Déjanos tu CV!».
47-tercer-sector,nueva-ts-plena-inclusion,Discapacidad y salud mental,ficha,Plena Inclusión Madrid,federación,"Federación de entidades de discapacidad intelectual. Publica ofertas de empleo de sus entidades: educadores, orientadores, cuidadores.","Avenida Ciudad de Barcelona, 108, esc. 2, bajo D",28007,Madrid,"Metro Menéndez Pelayo, a 200 m",915018335,,https://plenainclusionmadrid.org/,https://plenainclusionmadrid.org/ofertas-empleo/,Cada oferta de su página de empleo dice cómo presentar la candidatura.
47-tercer-sector,nueva-ts-aldeas,"Infancia, juventud y familias",ficha,Aldeas Infantiles SOS,,Atención directa a la infancia en riesgo y a jóvenes y familias. Vacantes en Madrid y otras comunidades.,"Calle Angelita Cavero, 9",28027,Madrid,,913884549,,https://www.aldeasinfantiles.es/,https://empleo.aldeasinfantiles.es/jobs,Inscripción en las vacantes de su portal; la captación de socios (F2F) la publica en InfoJobs.
47-tercer-sector,nueva-ts-amigo,"Infancia, juventud y familias",ficha,Fundación Amigó,,"Protege a la infancia, la juventud y las familias en dificultad; 774 personas en plantilla.","Calle Zacarías Homs, 18",28043,Madrid,"Metro Arturo Soria, a 650 m",913002385,,https://fundacionamigo.org/,https://fundacionamigo.org/trabaja-con-nosotros/,Ofertas de empleo en su web y envío de currículum.
47-tercer-sector,nueva-ts-anar,"Infancia, juventud y familias",ficha,Fundación ANAR,,Ayuda a niños y adolescentes en riesgo; atiende sus Líneas de Ayuda las 24 horas.,"Avenida América, 24, 1ª planta",28028,Madrid,"Metro Cartagena, a 150 m",917262700,,https://www.anar.org/,https://www.infojobs.net/fundacion-anar/em-i10356485253514970857864010235228308594/ofertas,Sus ofertas están en su página de empresa de InfoJobs.
47-tercer-sector,nueva-ts-balia,"Infancia, juventud y familias",ficha,Fundación Balia,,Trabaja con la infancia frente a la pobreza infantil.,"C/ Fereluz, 44",28039,Madrid,"Metro Valdeacederas, a 500 m",915705519,,https://fundacionbalia.org/,,No publica ofertas para su plantilla en su web; contacto general por teléfono.
47-tercer-sector,nueva-ts-diagrama,"Infancia, juventud y familias",ficha,Fundación Diagrama,,"Intervención psicosocial con infancia, juventud y familias. Portal de empleo con ofertas por provincia, también en Madrid.",,,,,,,https://www.fundaciondiagrama.es/,https://trabajaconnosotros.fundaciondiagrama.es/ofertas,"Alta en su portal de empleo e inscripción en las ofertas, cada una con su plazo."
47-tercer-sector,nueva-ts-pinardi,"Infancia, juventud y familias",ficha,Fundación Pinardi,,"Acción socioeducativa, empleo e inclusión social. Publica sus ofertas de empleo.",,,,,,,https://www.pinardi.com/,https://www.pinardi.com/quieres-trabajar-con-nosotros/,Ofertas en su página «Ofertas de empleo».
47-tercer-sector,nueva-ts-tomillo,"Infancia, juventud y familias",ficha,Fundación Tomillo,,Educación y oportunidades para niños y jóvenes de entornos vulnerables.,"Calle Albuñuelas, 15",28041,Madrid,"Metro San Fermín-Orcasur, a 550 m",913698201,,https://tomillo.org/,https://tomillo.org/trabaja-en-tomillo/,"Su página de empleo remite a hacesfalta.org, desde donde gestiona sus ofertas."
47-tercer-sector,nueva-ts-ginso,"Infancia, juventud y familias",ficha,GINSO,,Asociación para la Gestión de la Integración Social: busca educadores y educadores sociales en Madrid y otras provincias.,"Calle de Joaquín María López, 41",28015,Madrid,"Metro Islas Filipinas, a 200 m",913994993,,https://www.ginso.org/,https://www.ginso.org/trabaja-nosotros,"Formulario con currículum en «Trabaja con nosotros»; sus ofertas, también en InfoJobs y LinkedIn."
47-tercer-sector,nueva-ts-la-rueca,"Infancia, juventud y familias",ficha,La Rueca Asociación,,Acompaña a personas en riesgo de exclusión. Publica sus ofertas de empleo activas.,"Calle Virgen de Lluc, 38",28027,Madrid,"Metro Quintana, a 400 m",914040733,,https://larueca.org/,https://larueca.org/trabaja-con-nosotras/,Ofertas de empleo activas en «Trabaja con nosotras».
47-tercer-sector,nueva-ts-norte-joven,"Infancia, juventud y familias",ficha,Norte Joven,,"Formación y empleo para jóvenes. Publica sus ofertas: educadores sociales, técnicos de proyectos.","C/ Ribadavia, 20",28029,Madrid,"Metro Barrio del Pilar, a 500 m",913721506,seleccion@nortejoven.org,https://nortejoven.org/,https://nortejoven.org/conocenos/trabaja-con-nosotros/,"Currículum y carta de motivación a seleccion@nortejoven.org, según cada oferta."
47-tercer-sector,nueva-ts-nuevo-futuro,"Infancia, juventud y familias",ficha,Nuevo Futuro,,Protección de la infancia y la adolescencia desde hace 50 años. Ofertas de empleo con perfil de candidato.,"C/ Bretón de los Herreros, 57, bajo F",28003,Madrid,"Metro Gregorio Marañón, a 300 m",914411398,,https://nuevofuturo.org/,https://nuevofuturo.org/trabaja-con-nosotros/,"Inscripción en las ofertas de su web, con perfil de candidato."
47-tercer-sector,nueva-ts-ymca,"Infancia, juventud y familias",ficha,YMCA,,Organización comprometida con la juventud: desarrolla el potencial de niños y jóvenes.,"Calle Castillo, 24, local",28010,Madrid,"Metro Iglesia, a 50 m",,,https://www.ymca.es/,,No publica ofertas para su plantilla en su web; contacto a través de su sede.
47-tercer-sector,nueva-ts-accem,"Migración, sinhogarismo e inclusión",ficha,Accem,,"Acogida e inclusión de personas refugiadas, migrantes y en situación de vulnerabilidad.",,,,,915312312,,https://www.accem.es/,https://accem.ofertas-trabajo.infojobs.net/ofertas,Sus ofertas están en su página de empresa de InfoJobs.
47-tercer-sector,nueva-ts-apramp,"Migración, sinhogarismo e inclusión",ficha,APRAMP,,Asistencia integral a las víctimas de trata de seres humanos con fines de explotación sexual.,"C/ Jardines, 17, local",28013,Madrid,"Metro Sevilla, a 150 m",915303287,,https://apramp.org/,,No publica ofertas para su plantilla en su web; contacto general por teléfono.
47-tercer-sector,nueva-ts-barro,"Migración, sinhogarismo e inclusión",ficha,Asociación Barró,,"Entidad socioeducativa en Puente de Vallecas, Ciudad Lineal y la Cañada Real.","C/ Cleopatra, 23",28018,Madrid,"Cercanías El Pozo, a 750 m",917787432,rrhh@asociacionbarro.org,https://asociacionbarro.org.es/,,Publica sus vacantes sobre todo en hacesfalta.org; currículum a rrhh@asociacionbarro.org para futuros procesos.
47-tercer-sector,nueva-ts-realidades,"Migración, sinhogarismo e inclusión",ficha,Asociación Realidades,,Trabaja junto a las personas sin hogar en la defensa de sus derechos. Procesos de selección y bolsa de empleo.,"Calle Antonio López, 264",28041,Madrid,"Cercanías Doce de Octubre, a 250 m",914672726,,https://asociacionrealidades.org/,https://asociacionrealidades.org/la-asociacion/trabaja-con-nosotros/,Formulario para los procesos abiertos o para su bolsa de empleo.
47-tercer-sector,nueva-ts-cear,"Migración, sinhogarismo e inclusión",ficha,CEAR,,Defensa y acogida de personas refugiadas. Ofertas de empleo en su web.,"Glorieta de Cuatro Caminos, 6-7, planta 7ª, oficina 711",28020,Madrid,"Metro Cuatro Caminos, a 50 m",915980535,,https://www.cear.es/,https://www.cear.es/ofertas-de-empleo/,Ofertas de empleo en «Únete al equipo».
47-tercer-sector,nueva-ts-adsis,"Migración, sinhogarismo e inclusión",ficha,Fundación Adsis,,Inclusión social y apoyo a personas vulnerables: formación y empleo. Más de 500 personas trabajadoras.,"Paseo de Alberto Palacios, 13",28021,Madrid,"Cercanías Villaverde Alto, a 550 m",910747175,,https://www.fundacionadsis.org/es,https://www.fundacionadsis.org/es/trabaja-en-fundacion-adsis,"Ofertas abiertas en «Únete al equipo»; si no hay, formulario para dejar el currículum."
47-tercer-sector,nueva-ts-atenea,"Migración, sinhogarismo e inclusión",ficha,Fundación Atenea,,Intervención social con personas en situación de exclusión. Publica todas sus vacantes en hacesfalta.org.,"C/ Teniente Coronel Noreña, 11, 2ª planta",28045,Madrid,"Metro Legazpi, a 200 m",914479997,,https://fundacionatenea.org/,https://fundacionatenea.org/trabaja-con-nosotros/,Inscripción en sus procesos de selección de hacesfalta.org.
47-tercer-sector,nueva-ts-cepaim,"Migración, sinhogarismo e inclusión",ficha,Fundación Cepaim,,Convivencia intercultural e inclusión de personas migrantes. Buscador de ofertas de empleo por territorio.,"Calle Luisa Muñoz, 6",28019,Madrid,"Metro Oporto, a 200 m",915483163,,https://www.cepaim.org/,https://www.cepaim.org/buscamos-talento,Ofertas con filtro por territorio en «Buscamos talento».
47-tercer-sector,nueva-ts-cruz-blanca,"Migración, sinhogarismo e inclusión",ficha,Fundación Cruz Blanca,,Acoge y acompaña a personas en exclusión. Ofertas de empleo en su portal.,"C/ Juan de Mariana, 4, local",28045,Madrid,"Cercanías Delicias, a 500 m",911090700,,https://www.fundacioncruzblanca.org/,https://app.sesametime.com/jobs/fundacioncruzblanca/all,Inscripción en las ofertas de su portal «Trabaja en la fundación».
47-tercer-sector,nueva-ts-luz-casanova,"Migración, sinhogarismo e inclusión",ficha,Fundación Luz Casanova,,Atención a personas sin hogar y a mujeres víctimas de violencia. Ofertas activas con inscripción.,"Calle Santa Engracia, 11",28010,Madrid,"Metro Alonso Martínez, a 200 m",914454169,personal@proyectosluzcasanova.org,https://proyectosluzcasanova.org/,https://proyectosluzcasanova.org/trabaja-con-nosotras/,Inscripción en cada oferta o currículum a personal@proyectosluzcasanova.org.
47-tercer-sector,nueva-ts-san-martin-porres,"Migración, sinhogarismo e inclusión",ficha,Fundación San Martín de Porres,,"Inclusión de personas en exclusión: atención social, empleo y centro especial de empleo.","Vía Carpetana, 47",28047,Madrid,"Cercanías Laguna, a 900 m",914281170,,https://fundacionsmp.org/,,No publica ofertas para su plantilla en su web; contacto general por teléfono.
47-tercer-sector,nueva-ts-gitanos,"Migración, sinhogarismo e inclusión",ficha,Fundación Secretariado Gitano,,"Promoción de la comunidad gitana: empleo, educación, inclusión. Ofertas por territorio para técnicos de intervención.","Calle Ahijones, s/n",28018,Madrid,,914220960,,https://www.gitanos.org/,https://www.gitanos.org/quienes_somos/trabajo/,Inscripción en los procesos de selección que publica cada territorio.
47-tercer-sector,nueva-ts-hogar-si,"Migración, sinhogarismo e inclusión",ficha,Hogar Sí,,Trabaja para que nadie viva en la calle. Ofertas por ciudad con envío de currículum.,"Calle Ardemans, 42",28028,Madrid,"Metro Diego de León, a 350 m",911108984,hola@hogarsi.org,https://www.hogarsi.org/,https://www.hogarsi.org/trabaja-con-nosotros/,Inscripción en cada oferta de «Trabaja con nosotros».
47-tercer-sector,nueva-ts-la-merced,"Migración, sinhogarismo e inclusión",ficha,La Merced Migraciones,,Acogida e integración de personas migrantes y refugiadas.,"Calle Castelar, 21",28028,Madrid,"Metro Ventas, a 200 m",913555550,,https://lamercedmigraciones.org/,,No publica ofertas para su plantilla en su web; contacto general por teléfono.
47-tercer-sector,nueva-ts-mpdl,"Migración, sinhogarismo e inclusión",ficha,Movimiento por la Paz (MPDL),,"ONG de paz, acción humanitaria e inclusión. Ofertas de empleo en su portal y autocandidatura.","Calle Martos, 15",28053,Madrid,"Cercanías Villaverde Bajo, a 250 m",914297644,,https://www.mpdl.org/,https://movimiento-por-la-paz.careers.ats.bizneo.cloud/jobs,Inscripción en las ofertas o autocandidatura en su portal «Trabaja en MPDL».
47-tercer-sector,nueva-ts-medicos-del-mundo,"Migración, sinhogarismo e inclusión",ficha,Médicos del Mundo,,"Salud y derechos humanos: atención a personas migrantes, sin hogar y en exclusión.","C/ Conde de Vilches, 15",28028,Madrid,"Metro Cartagena, a 450 m",915436033,,https://www.medicosdelmundo.org/,,Su web remite a un portal de ofertas de empleo que no respondía el 2 de octubre de 2026; contacto general en su sede.
47-tercer-sector,nueva-ts-rescate,"Migración, sinhogarismo e inclusión",ficha,ONG Rescate,,"Acompaña a personas refugiadas y migrantes. Puestos de atención directa, jurídicos, administración, captación.","Avenida de Córdoba, 15, planta 3, oficina A",28026,Madrid,"Metro Almendrales, a 100 m",914472872,,https://ongrescate.org/,https://ongrescate.org/trabaja-en-ong-rescate/,Vacantes con requisitos y condiciones en «Trabaja en ONG Rescate».
47-tercer-sector,nueva-ts-provivienda,"Migración, sinhogarismo e inclusión",ficha,Provivienda,,Derecho a la vivienda: acompaña a personas y familias. Ofertas de empleo activas en su portal.,"C/ Sancho Dávila, 20",28028,Madrid,"Metro Ventas, a 400 m",915570130,,https://provivienda.org/,https://empleo.provivienda.org/jobs,Inscripción en las ofertas de su portal de empleo.
47-tercer-sector,nueva-ts-pueblos-unidos,"Migración, sinhogarismo e inclusión",ficha,Pueblos Unidos,,"Acogida, atención jurídica, hospitalidad, formación y empleo para personas migrantes en Madrid.","Calle Mártires de la Ventilla, 103",28029,Madrid,"Metro Ventilla, a 300 m",917320691,,https://pueblosunidos.org/,https://pueblosunidos.org/unete-al-equipo/,"Convocatorias vigentes en «Únete al equipo»; si no hay, admite currículum."
47-tercer-sector,nueva-ts-red-acoge,"Migración, sinhogarismo e inclusión",ficha,Red Acoge,federación,Federación de entidades que trabajan con personas migrantes.,"Calle Cea Bermúdez, 43, 3ºB",28003,Madrid,"Metro Islas Filipinas, a 50 m",915633779,,https://redacoge.org/,,No publica ofertas para su plantilla en su web; contacto general por teléfono.
47-tercer-sector,nueva-ts-aefr,Captación de socios,ficha,Asociación Española de Fundraising,,Bolsa de empleo del sector de la captación de fondos: puestos de fundraising en ONG.,"C/ Zurbano, 71, oficinas-despacho 6",28010,Madrid,"Metro Gregorio Marañón, a 150 m",915359307,,https://www.aefundraising.org/,https://www.aefundraising.org/empleo/,Cada oferta de su bolsa de empleo enlaza la candidatura de la entidad que la publica.
47-tercer-sector,nueva-ts-acnur,Captación de socios,ficha,España con ACNUR,,"Comité español de ACNUR: programa Face to Face de captación, teleoperadores y puestos en sus oficinas centrales de Madrid.","C/ Cedaceros, 11, 1ºA",28014,Madrid,"Metro Sevilla, a 150 m",913690670,,https://eacnur.org/es,https://empleo.eacnur.org/,Inscripción en las vacantes de su portal «Únete a nuestro equipo».
47-tercer-sector,nueva-ts-vicente-ferrer,Captación de socios,ficha,Fundación Vicente Ferrer,,"Captadores de socios a pie de calle en Madrid y otras ciudades, con sueldo fijo más incentivos y alta en la Seguridad Social.",,,,,,f2f@fundacionvicenteferrer.org,https://www.fundacionvicenteferrer.org/,https://www.fundacionvicenteferrer.org/movilizate/captadoresas-de-socios-pie-de-calle,Currículum y carta de motivación a f2f@fundacionvicenteferrer.org con la referencia «Captador/a Madrid».
47-tercer-sector,nueva-ts-msf,Captación de socios,ficha,Médicos Sin Fronteras,,"Equipos propios de captación de socios a pie de calle, también en Madrid: contrato directo y alta desde el primer día.",,,,,,,https://www.msf.es/,https://careers.msf-applications.org/job/otras-ciudades-CAPTADORA-DE-SOCIOSAS-A-PIE-DE-CALLE-(VARIAS-CIUDADES)/519616402/,Registro en la oferta «Captador/a de socios/as a pie de calle» de su portal de empleo.
47-tercer-sector,nueva-ts-cop-madrid,Portales y bolsas del tercer sector,ficha,Colegio Oficial de la Psicología de Madrid,colegio profesional,"Servicio de empleo: ofertas privadas y públicas para psicología, y orientación laboral.","Cuesta de San Vicente, 4, planta 6ª",28008,Madrid,"Metro Plaza de España, a 450 m",915419999,,https://web.copmadrid.org/,https://web.copmadrid.org/servicios-colegiales/apoyo-profesional/empleo/ofertas-empleo-privado,Ofertas de empleo privadas y públicas en su servicio de empleo.
47-tercer-sector,nueva-ts-cots,Portales y bolsas del tercer sector,ficha,Colegio Oficial de Trabajo Social de Madrid,colegio profesional,"Programa de empleo: ofertas públicas y privadas de trabajo social, formación gratuita para el empleo.","C/ Evaristo San Miguel, 4, local",28008,Madrid,"Metro Ventura Rodríguez, a 100 m",915219280,,https://www.comtrabajosocial.com/,https://www.comtrabajosocial.com/profesionales-y-futuras-profesionales/servicios-a-la-colegiatura/programa-de-empleo/,"Ofertas de empleo público y privado en su programa de empleo, dentro de los servicios a la colegiatura."
47-tercer-sector,nueva-ts-cpeesm,Portales y bolsas del tercer sector,ficha,Colegio Profesional de Educadoras y Educadores Sociales de Madrid (CPEESM),colegio profesional,Ofertas de empleo de educación social para personas colegiadas.,"C/ Augusto Figueroa, 17, 1ºD",28004,Madrid,"Metro Chueca, a 150 m",915314277,hola@cpeesm.org,https://www.cpeesm.org/,https://www.cpeesm.org/ofertas/,Las ofertas se ven desde la sección de ofertas del área de personas colegiadas.
47-tercer-sector,nueva-ts-eduso,Portales y bolsas del tercer sector,renglon,Eduso,,Portal de la educación social del Consejo General de Colegios de Educadoras y Educadores Sociales: convocatorias de empleo.,,,,,,,https://www.eduso.net/,https://www.eduso.net/empleo/,Cada convocatoria enlaza la página donde se presenta la candidatura.
47-tercer-sector,nueva-ts-hacesfalta,Portales y bolsas del tercer sector,renglon,Hacesfalta.org,,Portal de empleo y voluntariado en ONG de la Fundación Hazloposible: ofertas remuneradas de entidades sociales.,,,,,,,https://www.hacesfalta.org/,https://www.hacesfalta.org/oportunidades/remuneradas/,Registro e inscripción en las ofertas de su portal.
47-tercer-sector,nueva-ts-coordinadora-ongd,Portales y bolsas del tercer sector,ficha,La Coordinadora de ONG para el Desarrollo,,"Ofertas de empleo en cooperación internacional que publican sus entidades socias, en España y fuera.",,,,,915210955,,https://coordinadoraongd.org/,https://coordinadoraongd.org/empleo/,Cada oferta indica la entidad que convoca y el plazo.
46-hogar,nueva-abahogar,Agencias de empleo de hogar,ficha,Abahogar,,"Agencia de servicio doméstico: internas, externas y matrimonios internos; publica ofertas en Madrid y otras provincias.",,,,,640549589,abahogar@abahogar.com,https://www.abahogar.com/,https://www.abahogar.com/index.php/bolsa-de-trabajo/,Ofertas en su bolsa de trabajo; contacto por teléfono o correo.
46-hogar,nueva-atenfa,Agencias de empleo de hogar,ficha,Atenfa,agencia de colocación,"Agencia de colocación para el hogar: cuidado de personas mayores, de niños, limpieza, plancha y cocina.","C/ Santa Susana, 53, local",28033,Madrid,"Metro Parque de Santa María, a 350 m",910071120,info@atenfa.com,https://www.atenfa.com/,https://www.atenfa.com/empleo,"Formulario de registro con currículum en «Empleo»; se elige interna, externa, noches o fines de semana."
46-hogar,nueva-care-for-kids,Agencias de empleo de hogar,ficha,Care for Kids,agencia de colocación,"Agencia de niñeras en Madrid para familias, colegios y escuelas infantiles; publica ofertas de empleo.","C/ Hermosilla, 66",28001,Madrid,"Metro Príncipe de Vergara, a 200 m",659786356,info@careforkids.es,https://www.careforkids.es/,https://careforkids.agenciascolocacion.com/ofertas/,Inscripción en las ofertas de su portal de agencia de colocación.
46-hogar,p64-03,Agencias de empleo de hogar,ficha,Centro de Selección Alcalá 20,,"Selección de personal de servicio doméstico: internas, externas, cocineras, niñeras, cuidado de mayores, chóferes.","C/ Hermosilla, 48, 1.º D",28001,Madrid,"Metro Velázquez, a 150 m",915318097,alcala@centroseleccionalcala20.es,https://www.centroseleccionalcala20.com/,,Envío del currículum por el formulario de su web; la selección es gratuita para quien busca empleo.
46-hogar,nueva-cuideo,Agencias de empleo de hogar,ficha,Cuideo,,Cuidado de personas mayores a domicilio: selecciona cuidadoras para familias.,"Avda. del General Perón, 4",28020,Madrid,"Metro Estrecho, a 400 m",910991114,,https://cuideo.com/,https://cuideo.com/cuidadoras/,Inscripción en la página de cuidadoras de su web.
46-hogar,nueva-domestic,Agencias de empleo de hogar,ficha,Domestic,,"Servicio doméstico en el noroeste de Madrid: internas, externas y por horas, cuidado de mayores y de niños, matrimonios internos.","C/ Ciudadela, 22",28290,Las Rozas de Madrid,,916338378;610085940,hola@domestic.es,https://www.domestic.es/,https://www.domestic.es/quieres-trabajar/,Formulario de «¿Quieres trabajar?»; después te llaman para una entrevista.
46-hogar,p64-11,Agencias de empleo de hogar,ficha,Donadona,,"Agencia de servicio doméstico: empleadas de hogar internas, externas y por horas, y cuidado de niños.","Avda. de América, 10, 1.º B",28028,Madrid,"Metro Avenida de América, a 50 m",915751566,info@donadona.es,https://www.donadona.es/,https://www.donadona.es/bolsa-de-trabajo/,"Formulario de la bolsa de trabajo de su web, o currículum por correo postal a la oficina."
46-hogar,nueva-hogar-edades,Agencias de empleo de hogar,ficha,Edades,agencia de colocación,"Red de oficinas de cuidado de personas mayores: cuidadoras internas y por horas, empleadas de hogar y ayuda a domicilio.","C/ General Díaz Porlier, 27",28001,Madrid,"Metro Goya, a 250 m",628830732,,https://edades.eu/,https://edades.eu/trabaja-con-nosotros/,Envío de tus datos en «Trabaja con nosotros»; las demás oficinas de Madrid están en «Oficinas».
46-hogar,nueva-empleahogar,Agencias de empleo de hogar,ficha,Emplea Hogar,,"Agencia de servicios domésticos en Madrid: empleadas de hogar, internas, niñeras y cuidado de personas mayores.",,,,,620986382,info@empleahogar.com,https://empleahogar.com/,https://empleahogar.com/trabajo-interna/,Formulario «Trabaja con nosotros»; solo admite candidaturas con permiso de trabajo y residencia.
46-hogar,p65-01,Agencias de empleo de hogar,ficha,Fortuny Servicios para el Hogar,,"Agencia de empleadas de hogar: internas, externas, por horas, matrimonios y cuidado de mayores y niños.","C/ Modesto Lafuente, 16, bajo C",28010,Madrid,"Metro Alonso Cano, a 250 m",911887226;639560067,info@fortunyservicios.es,https://www.fortunyservicios.es/,https://www.fortunyservicios.es/inscripciones/,Inscripción en «¿Buscas trabajo?» de su web; publica ofertas de empleo.
46-hogar,nueva-hogar-fass,Agencias de empleo de hogar,ficha,Fundación Atilano Sánchez Sánchez (FASS),agencia de colocación,Agencia de colocación sin ánimo de lucro de cuidadoras y personal doméstico para personas mayores en la Comunidad de Madrid.,"C/ Boltaña, 86",28022,Madrid,"Metro Canillejas, a 300 m",910294422;625144807,info@fundacionfass.org,https://fundacionfass.org/,https://fundacionfass.org/programas-de-ayuda/cuidadores-de-personas-mayores-en-madrid/,Cita por teléfono para una entrevista en persona y entrar en su bolsa.
46-hogar,nueva-home-staff,Agencias de empleo de hogar,ficha,Home Staff,,"Selección de empleadas de hogar internas, externas y por horas, en España y otros países europeos.","Pº de la Castellana, 40, 8.ª",28046,Madrid,"Metro Rubén Darío, a 150 m",,,https://homestaff.es/,https://homestaff.es/empleo-servicio-domestico/,Inscripción en su bolsa de empleo; su código ético dice que no cobra a la empleada ni por inscribirse ni por el trabajo.
46-hogar,p65-02,Agencias de empleo de hogar,ficha,House & Kids,,Agencia de servicio doméstico: empleadas de hogar internas y externas y niñeras.,"C/ Maestro Arbós, 9, 1.º, despacho 1.03",28045,Madrid,"Metro Legazpi, a 200 m",915798713;915798714,info@houseandkids.es,https://www.houseandkids.es/,https://www.houseandkids.es/procesos-de-seleccion/bolsa-de-trabajo-empleadas-hogar/,Inscripción en la bolsa de empleo de su web.
46-hogar,nueva-house-and-seniors,Agencias de empleo de hogar,ficha,House & Seniors,,"Selección de empleadas de hogar internas y externas, cuidadoras de niños y de personas mayores; publica sus ofertas en Madrid.",,,,,680610041,info@houseandseniors.es,https://houseandseniors.es/,https://houseandseniors.es/ofertas-de-empleo-de-servicio-domestico/,Envío del currículum desde cada oferta de su página de ofertas de empleo.
46-hogar,nueva-interdomicilio,Agencias de empleo de hogar,ficha,Interdomicilio,,"Red de agencias de servicios a domicilio: servicio doméstico, cuidado de mayores y niñeras.",,,,,900102169,,https://www.interdomicilio.com/,https://www.interdomicilio.com/ofertas-empleo/,Solicitud de empleo en su web; las oficinas de la Comunidad de Madrid están en el directorio de oficinas.
46-hogar,nueva-interfil-service,Agencias de empleo de hogar,ficha,Interfil Service,,"Agencia de servicio doméstico en Madrid: empleadas internas y externas, cuidado de mayores y de niños; trabaja sobre todo con personal filipino.","C/ Marqués de Leis, 13",28020,Madrid,"Metro Tetuán, a 350 m",910053965;663138807,,https://interfilservice.es/,https://interfilservice.es/trabaja-con-nosotros/,Envío de tus datos en «Trabaja con nosotros» o por el WhatsApp de selección.
46-hogar,nueva-maids-and-co,Agencias de empleo de hogar,ficha,Maids & Co,,"Agencia de servicio doméstico: internas, externas, niñeras, cocineras, cuidadoras y matrimonios de servicio en Madrid.","C/ Marqués del Riscal, 2, 3.º int.",28010,Madrid,"Metro Alonso Martínez, a 350 m",,,https://maidsespana.es/,https://empleo.maidsespana.es/,"Inscripción en su portal de empleo, donde están las ofertas; el teléfono y el WhatsApp de la web son solo para familias."
46-hogar,nueva-mayores-hogar,Agencias de empleo de hogar,ficha,Mayores Vida,agencia de colocación,"Cuidadoras de mayores a domicilio en la Comunidad de Madrid: internas, externas, por horas y fines de semana.","Pº de Extremadura, 32",28011,Madrid,"Metro Puerta del Ángel, a 50 m",919195900,info@mayoresvida.com,https://mayoresvida.com/,https://mayoresvida.com/profesionales,Inscripción en la bolsa de trabajo de «Trabaja con nosotros» de su web.
46-hogar,nueva-mit-servicios,Agencias de empleo de hogar,ficha,MIT Servicios de Asistencia a Domicilio,agencia de colocación,Cuidadoras internas 24 horas y por horas para personas mayores en Madrid; gestiona el contrato y el alta.,"C/ Velayos, 26",28035,Madrid,"Metro Antonio Machado, a 850 m",913309747,info@mitservicios.com,https://mitservicios.com/,https://mitservicios.com/empleo/,Inscripción en la bolsa de empleo de su web («Busco empleo»).
46-hogar,nueva-olvidatedetodo,Agencias de empleo de hogar,ficha,Olvídate de Todo,,"Agencia de servicio doméstico en Madrid: internas y externas, cuidado de niños y de personas mayores.","C/ Velázquez, 46, esc. C, 3.º izq.",28001,Madrid,"Metro Velázquez, a 200 m",601111144;649405697,info@olvidatedetodo.com,https://olvidatedetodo.com/,,La web no tiene apartado para candidatas: contacto por teléfono o correo.
46-hogar,nueva-qida,Agencias de empleo de hogar,ficha,Qida,agencia de colocación,Cuidado de personas mayores a domicilio: selecciona cuidadoras para familias.,"C/ Manuel Luna, 12, 3.º izq.",28020,Madrid,"Metro Estrecho, a 250 m",919035555,empleo@qida.es,https://www.qida.es/,https://www.qida.es/empleo,"Registro en la página de empleo de su web, desde donde se opta a las ofertas."
46-hogar,p65-05,Agencias de empleo de hogar,ficha,Rosa Lozano,agencia de colocación,"Agencia de servicio doméstico: empleadas de hogar internas y externas, cuidado de mayores y de niños.",,,,,915532760;699953864,agencia@rosalozano.com,https://rosalozano.com/,https://rosalozano.com/bolsa-de-trabajo/,Envío del currículum o inscripción gratuita en la bolsa de trabajo de su web.
46-hogar,p65-09,Agencias de empleo de hogar,ficha,Serdomas,,Cuidadoras de mayores internas y externas y empleadas de hogar en la Comunidad de Madrid.,"C/ Sebastián Herrera, 12",28012,Madrid,"Cercanías Embajadores, a 350 m",917375962,info@serdomas.es,https://www.serdomas.es/,https://www.serdomas.es/ofertas-de-trabajo-cuidadora-madrid/,Inscripción en las ofertas de trabajo de su web; pide experiencia demostrable.
46-hogar,nueva-serhogar,Agencias de empleo de hogar,ficha,SerHogar System,,"Agencia de servicio doméstico con centros franquiciados: empleadas de hogar internas, externas y por horas y ayuda a domicilio.","Avda. del Llano Castellano, 13, planta 2.ª, 28034 Madrid | C/ de Prim, 12, 28004 Madrid | C/ de Sebastián Herrera, 12, 28012 Madrid",28034,Madrid,"Metro Begoña, a 650 m",900232626,,https://www.serhogarsystem.com/,https://www.serhogarsystem.com/empleo/,Envío del currículum en la página de empleo de su web; los centros están en «Centros».
46-hogar,nueva-domesticos-quality,Agencias de empleo de hogar,ficha,Servicios Domésticos Quality,,"Agencia de servicio doméstico: empleadas de hogar internas y externas, por horas, cuidado de mayores y de niños.","C/ Bravo Murillo, 377, 7.º C",28020,Madrid,"Metro Plaza de Castilla, a 200 m",645421041;611847759,info@serviciosdomesticosquality.com,https://www.serviciosdomesticosquality.com/,https://www.serviciosdomesticosquality.com/bolsa-de-empleo/,"Formulario de su bolsa de empleo, con el currículum adjunto; después te llaman para una entrevista."
46-hogar,nueva-good-childcare,Agencias de empleo de hogar,ficha,The Good Childcare,,"Agencia de niñeras, institutrices y enfermeras de maternidad, internas o externas, para familias de Madrid.","Avda. del Brasil, 29, 1.º",28020,Madrid,"Metro Cuzco, a 300 m",672861441,info@thegoodchildcare.com,https://www.thegoodchildcare.com/espanol/,https://www.thegoodchildcare.com/nannies/nannies-registration/,Inscripción en el formulario de niñeras de su web; atiende con cita previa.
46-hogar,nueva-tu-interna-madrid,Agencias de empleo de hogar,ficha,Tu Interna en Madrid,agencia de colocación,"Selección de internas para cuidar a personas mayores y dependientes, y de auxiliares de limpieza, en Madrid.","C/ Fuenterrabía, 9",28014,Madrid,"Metro Menéndez Pelayo, a 250 m",915514547,,https://tuinternaenmadrid.com/,https://tuinternaenmadrid.com/empleo/,"Formulario «Trabaja con nosotros» de su web, como cuidadora o como auxiliar de limpieza."
46-hogar,nueva-vitalservit,Agencias de empleo de hogar,ficha,Vitalservit,agencia de colocación,"Cuidadoras de personas mayores a domicilio: por horas, internas 24 horas, de noche y acompañamiento en el hospital.","C/ Isabel Colbrand, 10, portal A1, 4.ª planta, oficina 92",28050,Madrid,"Metro Las Tablas, a 550 m",800015015,,https://vitalservit.com/,https://vitalservit.com/ofertas-empleo-cuidadoras/,Inscripción en las ofertas de empleo de cuidadoras de su web.
46-hogar,nueva-wayalia,Agencias de empleo de hogar,ficha,Wayalia,agencia de colocación,"Red de oficinas de cuidado de personas mayores a domicilio, con cuidadores por horas o internos.","C/ de Feijóo, 8, 28010 Madrid | C/ de Ibiza, 36, Madrid | C/ Isla de Arosa, 21 (posterior), 28035 Madrid",28010,Madrid,"Metro Quevedo, a 200 m",916709593;919891959;919478832,,https://wayalia.es/,https://empleo.wayalia.es/,Inscripción en las ofertas de empleo de su web; el resto de oficinas está en «Oficinas».
46-hogar,nueva-pozuelo-cuidadores,Bolsas gratuitas de entidades y parroquias,ficha,Bolsa Municipal de Cuidadores de Pozuelo de Alarcón,agencia de colocación,"Bolsa municipal que pone en contacto a familias con personas que cuidan a niños, mayores o dependientes en su casa.","Camino Viejo de Madrid, 4, local 2",28223,Pozuelo de Alarcón,"Metro Ligero Bélgica, a 450 m",917093096,bolsadecuidadores@pozuelo.madrid,https://www.pozuelodealarcon.org/,https://www.pozuelodealarcon.org/empleo-y-empresas/empleo/programas-de-empleo/bolsa-municipal-de-cuidadores/acceso-candidatos,Registro del currículum en «Acceso candidatos»; la agencia municipal preselecciona y asesora.
46-hogar,nueva-caritas-hogar,Bolsas gratuitas de entidades y parroquias,ficha,Cáritas Madrid · Empleo en el hogar,agencia de colocación,"Intermediación entre familias y personas que buscan empleo en el hogar, con preselección de candidaturas.","C/ Santa Hortensia, 1B",28002,Madrid,"Metro Alfonso XIII, a 300 m",914993523,agenciacolocacion@caritasmadrid.org,https://www.caritasmadrid.org/,https://www.caritasmadrid.org/empleo-en-el-hogar,A través de su agencia de colocación; contacto por teléfono o correo.
46-hogar,nueva-senara-hogar,Bolsas gratuitas de entidades y parroquias,ficha,Fundación Senara · Bolsa de empleo en el hogar,fundación,"Bolsa de empleo que forma y selecciona a personas para trabajar en el hogar: limpieza, plancha, cocina, mayores y niños.","Avda. Doctor García Tapia, 163 A, 28030 Madrid | C/ Carabelos, 35, local B, 28041 Madrid",28030,Madrid,"Metro Valdebernardo, a 850 m",913016510,comunicacion@fundacionsenara.org,https://fundacionsenara.org/es/,https://fundacionsenara.org/es/que-hacemos/bolsa-de-empleo/,Contacto por teléfono o correo con su área de empleo.
46-hogar,nueva-parroquia-pio-xii,Bolsas gratuitas de entidades y parroquias,ficha,Parroquia Nuestra Señora del Sagrado Corazón · Bolsa de empleo,parroquia,"Bolsa de empleo de Cáritas parroquial: recoge solicitudes de empleo y ofertas de trabajo, y da formación.","Avda. Pío XII, 29",28016,Madrid,"Metro Pío XII, a 50 m",913530735,,https://parroquiapio12.es/,https://parroquiapio12.es/servicios/caritas/,"Presencial: inscripción los martes a las 9:00 con dos copias del pasaporte; las ofertas, los miércoles por la mañana."
46-hogar,nueva-parroquia-esperanza,Bolsas gratuitas de entidades y parroquias,ficha,Parroquia Santa María de la Esperanza · Bolsa de trabajo,parroquia,Bolsa de trabajo de Cáritas parroquial para quien busca empleo y para quien lo ofrece.,"C/ Fermín Caballero, 53",28034,Madrid,"Metro Herrera Oria, a 200 m",917392222,,https://santamariadelaesperanza.com/,https://santamariadelaesperanza.com/caritas/,"Presencial, sin cita, los miércoles de 10:30 a 12:30, con DNI, NIE o empadronamiento en la Comunidad de Madrid y una foto."
46-hogar,nueva-ssvp-bolsa-madrid,Bolsas gratuitas de entidades y parroquias,ficha,San Vicente de Paúl · Bolsa de trabajo en Madrid,asociación,"Bolsa gratuita para trabajar en el hogar, en el cuidado y acompañamiento a domicilio y con niños y mayores.","C/ Ángel Muñoz, 14",28043,Madrid,"Metro Arturo Soria, a 200 m",914291951,madrid@ssvp.es,https://ssvp.es/,https://ssvp.es/centros-sociales/bolsa-de-trabajo-para-mujeres-de-madrid/,Presencial: acude con tu currículum y la documentación en regla.
46-hogar,nueva-itss-buzon,Asesoría y defensa de tus derechos,renglon,Buzón de la Inspección de Trabajo,,"Formulario oficial para comunicar a la Inspección de Trabajo un incumplimiento laboral o de Seguridad Social, sin dar tus datos.",,,,,,,https://oeitss.mites.gob.es/buzonitss/,,Formulario en línea.
46-hogar,nueva-mites-hogar,Asesoría y defensa de tus derechos,renglon,Ministerio de Trabajo · Servicio del hogar familiar,,"Página oficial con el protocolo frente a la violencia y el acoso en el empleo de hogar, la evaluación de riesgos y el curso de prevención.",,,,,,,https://www.mites.gob.es/es/servicio_hogar/index.htm,,Consulta en línea.
46-hogar,nueva-mpdl-hogar,Asesoría y defensa de tus derechos,ficha,Movimiento por la Paz (MPDL) · Asesoría a trabajadoras del hogar,ONG,"Asesoría gratuita a mujeres trabajadoras del hogar: derechos laborales, condiciones de trabajo y cómo reclamar.","C/ Martos, 15",28053,Madrid,"Cercanías Villaverde Bajo, a 250 m",914297644,mpdl@mpdl.org,https://www.mpdl.org/,https://www.mpdl.org/espacios-mpdl/asesoria-juridica/asesoria-juridica/red-asistencia-orientacion-mujeres-trabajadoras,Contacto por teléfono o correo con su asesoría jurídica.
46-hogar,nueva-sedoac,Asesoría y defensa de tus derechos,ficha,SEDOAC · Servicio Doméstico Activo,asociación,"Asociación de trabajadoras de hogar: atención jurídica, sociolaboral y psicosocial en su Centro de Empoderamiento.",,,,,913603034,informacion@sedoac.org,https://sedoac.es/,,"Cita previa por teléfono, WhatsApp o el formulario de contacto de su web."
46-hogar,nueva-segsocial-hogar,Asesoría y defensa de tus derechos,renglon,Seguridad Social · Empleo de hogar,,"Guía oficial del Sistema Especial de Empleados de Hogar: alta, contrato, cotización y prestaciones.",,,,,,,https://portal.seg-social.gob.es/wps/portal/importass/importass/Colectivos/Empleo+del+hogar,,Consulta en línea.
46-hogar,nueva-senda-de-cuidados,Asesoría y defensa de tus derechos,ficha,Senda de Cuidados,asociación,"Asociación con bolsa de empleo de hogar y cuidados: acogida, orientación laboral, intermediación y formación.","C/ Duque de Alba, 13, local interior",28012,Madrid,"Metro Tirso de Molina, a 150 m",911281035;627005011,sendadecuidados@sendadecuidados.org,https://www.sendadecuidados.org/,https://www.sendadecuidados.org/cuidados-en-el-hogar/,"Contacto por teléfono o en su sede, de lunes a viernes."
46-hogar,nueva-sepe-hogar,Asesoría y defensa de tus derechos,renglon,SEPE · Paro para personas empleadas de hogar,,"Página oficial sobre la prestación por desempleo de las empleadas de hogar: requisitos, cotización y cómo pedirla.",,,,,,,https://www.sepe.es/HomeSepe/prestaciones-desempleo/prestacion-contributiva/soy-persona-trabajadora-servicio-hogar.html,,"Consulta en línea; la solicitud, con cita previa del SEPE."
46-hogar,nueva-soj-icam-laboral,Asesoría y defensa de tus derechos,ficha,Servicio de Orientación Jurídica Social (Colegio de la Abogacía de Madrid),servicio gratuito,"Orientación jurídica gratuita en materia laboral, de Seguridad Social y desempleo: despidos, sanciones y reclamaciones de dinero.",,,,,900814815,,https://soj.icam.es/,https://soj.icam.es/social-laboral/,"Cita previa en el teléfono gratuito 900 814 815 o en el formulario de su web; atiende de lunes a viernes de 9:00 a 14:00 en C/ Princesa, 3, 1.ª planta."
46-hogar,nueva-smac-conciliacion,Asesoría y defensa de tus derechos,renglon,SMAC · Conciliación laboral (Comunidad de Madrid),,"Paso obligatorio antes de ir a juicio por un despido, una sanción o dinero que te deben; la papeleta se presenta por internet o en persona.",,,,,,,https://www.comunidad.madrid/empleo/espacio-smac,,"Papeleta de conciliación en su oficina virtual o en sus registros, con cita previa."
46-hogar,nueva-uso-madrid-hogar,Asesoría y defensa de tus derechos,ficha,USO Madrid · Servicio doméstico,sindicato,"Asesoramiento jurídico a empleadas de hogar, cálculo de finiquitos, intermediación con empleadores y ayuda con el currículum.","C/ Vallehermoso, 78, 6.ª planta",28015,Madrid,"Metro Canal, a 350 m",915986330,informacion@uso-madrid.es,https://uso-madrid.es/,https://uso-madrid.es/servicio-domestico/,"Presencial con cita previa, que se pide por teléfono."
46-hogar,nueva-fundae-prl-hogar,Formación para el hogar y los cuidados,renglon,Fundae · Curso de prevención de riesgos en el hogar,,Curso gratuito en línea de 5 horas para trabajadoras del hogar; acredita la formación en prevención de riesgos laborales.,,,,,,,https://www.efundae.es/course/index.php?categoryid=793,,Registro gratuito en la plataforma eFundae.
46-hogar,nueva-gradomaster-hogar,Formación para el hogar y los cuidados,ficha,Grado Master · Certificado de Empleo doméstico,centro de formación,"Certificado profesional gratuito de Empleo doméstico (SSCI0109), subvencionado por la Comunidad: 200 horas con prácticas en empresa.","C/ San Antón, 27",28640,Cadalso de los Vidrios,,610151885,,https://gradomaster.es/,https://gradomaster.es/producto/ssci0109-empleo-domestico/,Matrícula en la página del curso; para personas desempleadas y una parte de plazas para trabajadoras en activo.
14-cuidados,p64-01,Ayuda a domicilio,ficha,ADHIS Asistencia Sociosanitaria,,"Ayuda a domicilio en Madrid: atención sociosanitaria, ayuda al hogar y teleasistencia.","C/ Luis Ruiz, 75, local 26",28027,Madrid,"Metro García Noblejas, a 250 m",914043287,,https://www.ayudaadomiciliomadrid.es/,,La web no tiene apartado de empleo: contacto por teléfono o en la oficina.
14-cuidados,nueva-amecavi,Ayuda a domicilio,ficha,AMECAVI,agencia de colocación,Asociación que presta servicio de ayuda a domicilio.,"C/ Villardondiego, 26 (posterior), local 5",28032,Madrid,"Metro Vicálvaro, a 300 m",917242080;622721344,info@amecavi.org,https://www.amecavi.org/,,Contacto por teléfono o en la oficina; la web no tiene formulario de empleo.
14-cuidados,nueva-arquisocial,Ayuda a domicilio,ficha,Arquisocial,,Gestión de servicios sociales: servicio de ayuda a domicilio y teleasistencia.,"Camino de las Hormigueras, 171",28031,Madrid,"Metro Sierra de Guadalupe, a 900 m",917440770,info@arquisocial.es,https://www.grupoarquisocial.es/,https://www.gestionandote.com/agencia/Arquisocial/,Inscripción en las ofertas de su portal de empleo.
14-cuidados,p64-06,Ayuda a domicilio,ficha,Asidom,,"Asistencia a domicilio, limpieza a domicilio y de comunidades, conserjería.","C/ Rufino González, 40, 2.º izq.",28037,Madrid,"Metro Suanzes, a 400 m",913407159,info@asidom.com,https://asidom.com/,https://asidom.com/trabaja-con-nosotros/,Formulario «Trabaja con nosotros» de su web.
14-cuidados,p64-09,Ayuda a domicilio,ficha,ASISPA,,"Ayuda a domicilio, teleasistencia, residencias y centros de día. Presta la ayuda a domicilio municipal en seis distritos de Madrid.","C/ Martínez Villergas, 6",28027,Madrid,"Metro Barrio de la Concepción, a 100 m",911950095,comunicacion@asispa.org,https://asispa.org/,https://asispa.org/empleo/,Inscripción en las ofertas de su canal de empleo.
14-cuidados,nueva-acude,Ayuda a domicilio,ficha,Asociación ACUDE,asociación,Entidad sin ánimo de lucro de servicios para la dependencia: ayuda a domicilio y gestión de centros.,"Travesía José Arcones Gil, 3",28017,Madrid,"Metro Ciudad Lineal, a 150 m",916896460;695350697,info@asociacionacude.com,https://www.asociacionacude.es/,https://www.asociacionacude.es/ofertas-trabajo-dependencia/,Ofertas de trabajo en la página de empleo de su web.
14-cuidados,p64-10,Ayuda a domicilio,ficha,Ayuda a Domicilio Madrid (Asistem),,"Asistencia domiciliaria a personas mayores y dependientes en la Comunidad de Madrid, con personal auxiliar titulado.","C/ Tribaldos, 56, local 40",28043,Madrid,"Metro Mar de Cristal, a 250 m",690191718,,https://ayudaadomicilio.eu/,,La web no tiene apartado de empleo: contacto por teléfono o WhatsApp.
14-cuidados,nueva-clece-cuidados,Ayuda a domicilio,ficha,Clece Sociales (Atende),,"Filial de Clece de servicios sociales: servicio de ayuda a domicilio para mayores, dependientes y personas con discapacidad.",,,,,,,https://clecesociales.es/,https://canaldeempleo.es/ATENDE,Inscripción en las ofertas de su canal de empleo.
14-cuidados,p64-07,Ayuda a domicilio,ficha,Cuidar Bien a los Mayores,,Asistencia domiciliaria con auxiliares sociosanitarios y acompañamiento de enfermos en hospitales y residencias.,"C/ San Maximiliano, 47, local 3",28017,Madrid,"Metro La Elipa, a 200 m",913611268;617161815,info@cuidarbienmayores.com,https://cuidarbienmayores.com/,https://cuidarbienmayores.com/formulario-solicitud-empleo/,Formulario de solicitud de empleo de su web.
14-cuidados,nueva-depencare,Ayuda a domicilio,ficha,Depencare,,Cuidado de personas mayores y dependientes a domicilio.,"C/ Henri Dunant, 17",28036,Madrid,"Metro Cuzco, a 500 m",910913566,hola@depencare.com,https://www.depencare.com/,https://www.depencare.com/trabajar-cuidador-personas-mayores/,Inscripción en la página de empleo de su web; pide más de un año de experiencia.
14-cuidados,nueva-domer,Ayuda a domicilio,ficha,Domer Servicios Asistenciales,,Asistencia domiciliaria y cuidado de mayores en Madrid; también selecciona empleadas de hogar internas.,"C/ Eugenio Salazar, 45, local 1",28002,Madrid,"Metro Prosperidad, a 350 m",915194229;656534627,,https://www.domer-servicios.com/,https://www.domer-servicios.com/trabaja-con-nosotros/,"Envío del currículum por «Trabaja con nosotros» de su web, para su bolsa de trabajo."
14-cuidados,nueva-domusvi-sad,Ayuda a domicilio,ficha,DomusVi Ayuda a Domicilio Madrid,,Servicio de ayuda a domicilio de DomusVi en Madrid.,"Avda. Córdoba, 21, 3.º 1C",28026,Madrid,"Metro Almendrales, a 50 m",915001310,,https://www.domusvi.es/servicios-domiciliarios/ayuda-a-domicilio/sad-madrid,https://trabajaconnosotros.domusvi.es/,Inscripción en las ofertas del portal de empleo de DomusVi.
14-cuidados,nueva-eulen-sociosanitarios,Ayuda a domicilio,renglon,Eulen Sociosanitarios,,"Teleasistencia, ayuda a domicilio y servicios para la dependencia del Grupo Eulen.",,,,,,,https://www.eulen.com/es/servicios/sociosanitarios/,https://www.eulen.com/es/unete-a-nosotros/,Inscripción en las ofertas del portal de empleo del grupo.
14-cuidados,p64-12,Ayuda a domicilio,ficha,Felizvita de Cuideo,,Cuidado de personas mayores y dependientes a domicilio; busca cuidadoras internas y externas.,"C/ Esquilache, 2, 1.º B",28003,Madrid,"Metro Ríos Rosas, a 300 m",919015257,,https://felizvita.com/,https://felizvita.com/empleo/,Envío del currículum por la página de empleo de su web.
14-cuidados,nueva-geriasistencia,Ayuda a domicilio,ficha,Geriasistencia,,"Ayuda a domicilio y cuidado de mayores, enfermos y personas con discapacidad; atención en hospitales y residencias.","C/ Hermanos Bécquer, 7, 4.ª planta",28006,Madrid,"Metro Gregorio Marañón, a 300 m",915611946;914116609,info@geriasistencia.com,https://geriasistencia.com/,https://geriasistencia.com/bolsa-de-trabajo/,Inscripción en la bolsa de trabajo de su web.
14-cuidados,p65-03,Ayuda a domicilio,ficha,Gerosol Asistencia,,"Ayuda a domicilio en Madrid para personas mayores, enfermas o con discapacidad.","Avda. Dr. Federico Rubio y Galí, 76, local",28040,Madrid,"Metro Francos Rodríguez, a 400 m",914113699;914112948,info@gerosol.com,https://www.gerosol.com/,https://www.gerosol.com/trabaja-con-nosotros/,Formulario «Trabaja con nosotros» de su web.
14-cuidados,nueva-global-ayuda,Ayuda a domicilio,ficha,Global Ayuda,,"Ayuda a domicilio: cuidado de mayores, internas, acompañamiento en hospitales y atención a enfermos.","C/ Marroquina, 5",28030,Madrid,"Metro Vinateros, a 400 m",675716170,info@globalayuda.com,http://globalayuda.com/,,"La web no tiene apartado de empleo: contacto por teléfono, correo o en la oficina."
14-cuidados,p65-04,Ayuda a domicilio,ficha,mSoluciona,,"Ayuda a domicilio y servicios auxiliares para empresas, con red de centros por distritos y municipios.","C/ Ricardo Ortiz, 12, 28017 Madrid | C/ de Montesa, 38, bajo 1, 28006 Madrid | C/ de Ríos Rosas, 8, 28003 Madrid",28017,Madrid,"Metro El Carmen, a 300 m",910075904,info@msoluciona.com,https://msoluciona.com/,,La web no tiene apartado de empleo: contacto con el centro más cercano; la lista está en «Centros».
14-cuidados,nueva-senniors,Ayuda a domicilio,ficha,Senniors,,Cuidado de personas mayores a domicilio.,"C/ de Orense, 26, planta 1, puerta 3",28020,Madrid,"Metro Santiago Bernabéu, a 350 m",911315858,empleo@senniors.com,https://www.senniors.com/,https://www.senniors.com/trabaja-de-cuidadora,Registro gratuito con el formulario de «Trabaja de cuidadora» de su web.
14-cuidados,nueva-serveo-social,Ayuda a domicilio,ficha,Serveo Social,,"Servicios sociales: teleasistencia, ayuda a domicilio y gestión de residencias.","C/ Quintanavides, 21, edificio 5",28050,Madrid,"Metro Ligero Palas de Rey, a 850 m",913388300,,https://www.serveo.com/,https://www.serveo.com/talento,Inscripción en las ofertas de empleo de su web.
14-cuidados,p65-11,Ayuda a domicilio,ficha,Servisalud,,"Asistencia a domicilio y en hospital, cuidado de mayores y servicios sanitarios domiciliarios en la Comunidad de Madrid.","C/ López de Hoyos, 62, 1.º B-C",28002,Madrid,"Metro Avenida de América, a 400 m",915624361;611609966,servisalud@servisalud.es,https://servisalud.es/,https://servisalud.es/trabaja-con-nosotros/,"Formulario «Trabaja con nosotros» de su web, con el currículum adjunto."
14-cuidados,p65-10,Ayuda a domicilio,ficha,Servitae Salud,,Asistencia domiciliaria en Madrid.,"C/ Mayor, 6, planta 3, oficina 11",28013,Madrid,"Metro Sol, a 200 m",914201958;676484374,,https://servitaesalud.com/,,La web no tiene apartado de empleo: contacto por teléfono o en la oficina.
14-cuidados,p65-08,Ayuda a domicilio,ficha,Servital,,"Servicio de ayuda a domicilio: asistencia personal y doméstica a personas dependientes, mayores o enfermas.","C/ Francisco Villaespesa, 10",28017,Madrid,"Metro Ascao, a 400 m",628260399;619047773,info@servital.es,https://www.servital.info/,,Currículum por correo a info@servital.es; pide título de FP de grado medio del ámbito sociosanitario.
14-cuidados,p65-07,Ayuda a domicilio,ficha,TMA Soluciones (antes Tu Mayor Amigo),,Asistencia domiciliaria y cuidado de personas mayores.,"C/ Reyes Magos, 21, local",28007,Madrid,"Metro Menéndez Pelayo, a 500 m",669579633;668649092,tma@tmasoluciones.com,https://tmasoluciones.com/,https://tmasoluciones.com/ofertas-de-trabajo/,Inscripción en las ofertas de trabajo de su web o formulario «Trabaja con nosotros».
14-cuidados,p64-02,Ayuda a domicilio,ficha,Vivofácil (antes Alares),agencia de colocación,"Servicios a domicilio: ayuda a domicilio, limpieza y plancha, manitas. Selecciona auxiliares de ayuda a domicilio.",,,,,900877977,,https://vivofacil.com/,https://vivofacil.com/pages/trabaja-con-nosotros,Inscripción en las ofertas de su portal de empleo.
14-cuidados,nueva-albertia,Residencias y centros de día,renglon,Albertia,,"Residencias de mayores, apartamentos y centros de día; centros en Moratalaz, Las Rozas y Valle de la Oliva (Majadahonda).",,,,,,,https://www.albertia.es/,https://www.albertia.es/trabaja-con-nosotros/,Formulario «Trabaja con nosotros» de su web.
14-cuidados,nueva-amavir,Residencias y centros de día,renglon,Amavir,,"Residencias de mayores y centros de día; varias en Madrid capital (Villaverde, Vallecas, Arganzuela, Ciudad Lineal).",,,,,,,https://www.amavir.es/,https://empleo.amavir.es/,Inscripción en las ofertas de su portal de empleo.
14-cuidados,nueva-ballesol,Residencias y centros de día,renglon,Ballesol,,Residencias y apartamentos para mayores; catorce centros en la Comunidad de Madrid.,,,,,,,https://ballesol.es/,https://empleo.ballesol.es/,Inscripción en las ofertas de su portal de empleo.
14-cuidados,nueva-caser-residencial,Residencias y centros de día,renglon,Caser Residencial,,"Residencias, centros de día y servicios a domicilio; en Madrid, Arturo Soria y La Moraleja.",,,,,,,https://www.caseresidencial.es/,https://www.caseresidencial.es/trabaja-con-nosotros/ofertas-de-empleo,Inscripción en las ofertas de su portal de empleo.
14-cuidados,nueva-colisee,Residencias y centros de día,renglon,Colisée,,"Residencias de mayores y centros de día; centros en Madrid (San Blas, Puente de Vallecas), Getafe y San Sebastián de los Reyes.",,,,,,,https://colisee.es/,https://colisee.es/talento/,Inscripción en las ofertas de su portal de empleo.
14-cuidados,p65-06,Residencias y centros de día,ficha,DomusVi,,"Residencias de mayores, centros de día y servicios domiciliarios.","C/ Ulises, 16-18, planta 5.ª",28043,Madrid,"Metro Arturo Soria, a 150 m",900456585,,https://www.domusvi.es/,https://trabajaconnosotros.domusvi.es/,Inscripción en las ofertas de su portal de empleo.
14-cuidados,nueva-emeis,Residencias y centros de día,ficha,Emeis (antes Orpea),,"Residencias de mayores y centros de día, hoy con la marca Bouco, y clínicas.","Pº del General Martínez Campos, 46, 7.ª planta",28010,Madrid,"Metro Rubén Darío, a 250 m",900264920,,https://emeis.es/,https://emeis.es/empleo/,Inscripción en las ofertas de su portal de empleo.
14-cuidados,nueva-fundacion-vianorte,Residencias y centros de día,ficha,Fundación Vianorte-Laguna,fundación,"Residencia de mayores, centro de día, atención a domicilio y cuidados paliativos.","C/ Concejal Francisco José Jiménez Martín, 128",28047,Madrid,"Metro Laguna, a 250 m",915099137,,https://www.lagunacuida.org/,https://www.lagunacuida.org/trabaja-con-nosotros/,Candidatura en «Trabaja en Laguna» de su web.
14-cuidados,p64-04,Residencias y centros de día,ficha,Geriasa,,"Residencias de mayores en Brunete, Madrid y Rivas.","C/ Eras, 39",28690,Brunete,,918158300,info@geriasa.es,https://geriasa.es/,https://geriasa.es/empleo/,"Envío del currículum por el formulario de empleo de su web, indicando el centro."
14-cuidados,nueva-casablanca,Residencias y centros de día,ficha,Grupo Casablanca,,Residencias de mayores y centros de día en la Comunidad de Madrid.,,,Madrid,,911021800,empleo@grupocasablanca.es,https://www.grupocasablanca.es/,https://www.grupocasablanca.es/contacto/formulario-de-empleo/,Formulario de empleo de su web o currículum por correo.
14-cuidados,nueva-casaverde,Residencias y centros de día,renglon,Grupo Casaverde,,"Rehabilitación neurológica y atención a personas dependientes; centros en Madrid, Navalcarnero y Móstoles.",,,,,,,https://www.grupocasaverde.com/,https://www.grupocasaverde.com/trabaja-con-nosotros/,Formulario «Trabaja con nosotros» de su web.
14-cuidados,nueva-ilunion-sociosanitario,Residencias y centros de día,renglon,Ilunion Bienestar y Vida Sénior,,"Residencias, centros de día y fisioterapia para personas mayores; centro de día en Parla.",,,,,,,https://www.ilunionbienestaryvidasenior.com/es,https://www.ilunion.com/es/unete-al-equipo,Inscripción en las ofertas de su portal de empleo.
14-cuidados,nueva-los-nogales,Residencias y centros de día,ficha,Los Nogales,,Residencias de mayores en Madrid capital: seis centros.,"C/ César Manrique, 7, 28035 Madrid | C/ Juan Montalvo, 20, 28040 Madrid | Pº Imperial, 26, 28005 Madrid",28035,Madrid,"Metro Antonio Machado, a 350 m",913313101,,https://los-nogales.es/,https://los-nogales.es/empleo/,Candidatura en la página de empleo de su web; el resto de residencias está en la portada.
14-cuidados,nueva-macrosad,Residencias y centros de día,renglon,Macrosad,,Cuidados a domicilio y centros para mayores; centros de día en Usera y Leganés.,,,,,,,https://macrosad.com/,https://macrosad.com/canalempleo/,Ofertas activas o envío del currículum en su canal de empleo.
14-cuidados,nueva-mensajeros,Residencias y centros de día,ficha,Mensajeros de la Paz,asociación,Organización social con residencias de mayores y otros centros; publica sus vacantes.,"Plaza del General Vara de Rey, 9",28005,Madrid,"Metro La Latina, a 200 m",913643940,info@mensajerosdelapaz.com,https://mensajerosdelapaz.com/,https://mensajerosdelapaz.com/trabaja-con-nosotros/,Ofertas en «Trabaja en Mensajeros» de su web.
14-cuidados,nueva-sanitas-mayores,Residencias y centros de día,renglon,Sanitas Mayores,,"Residencias de mayores, centros de día y cuidados a domicilio; varias residencias en Madrid y Alcalá de Henares.",,,,,,,https://www.sanitas.es/mayores,https://corporativo.sanitas.es/talento/,Inscripción en las ofertas de su portal de empleo.
14-cuidados,nueva-vitalia,Residencias y centros de día,renglon,Vitalia Home,,"Residencias de mayores, centros de día y centro de neurorrehabilitación en Alcorcón.",,,,,,,https://www.vitaliahome.es/,https://www.vitaliahome.es/empleo/,Inscripción en las ofertas de su portal de empleo.
44-animales,nueva-anicura,Clínicas y hospitales veterinarios,ficha,AniCura,grupo de hospitales veterinarios,"Hospitales y clínicas veterinarias; en Madrid busca veterinarios y auxiliares de veterinaria, entre otros en AniCura Vetsia (Leganés).","Calle Galileo, 3, nave 43, 28914 Leganés",28914,Leganés,,914984112,,https://www.anicura.es/,https://empleo.anicura.es/locations/madrid,"Inscripción en las vacantes de su portal de empleo, filtrando por Madrid."
44-animales,nueva-canitas,Clínicas y hospitales veterinarios,ficha,Canitas,cadena de clínicas veterinarias,"Clínicas veterinarias con tienda y peluquería en centros comerciales; en Madrid, La Gavia, Plaza Río 2, Getafe, Alcalá y Leganés.","A-2, km 34, CC La Dehesa, local 10, 28805 Alcalá de Henares | Avd. Adolfo Bioy Casares, 2, local B45 (CC La Gavia), Madrid",28805,Alcalá de Henares,,,talento@canitas.eu,https://canitasveterinaria.com/,https://empleo.canitasveterinaria.eu/jobs,Inscripción en su portal de vacantes o currículum por correo.
44-animales,nueva-centauro-vet,Clínicas y hospitales veterinarios,ficha,Centauro Veterinarios,,Clínica veterinaria en Alcorcón.,"Avda. de los Derechos Humanos, 1",28924,Alcorcón,"Metro Parque Lisboa, a 450 m",916192795,info@centauroveterinarios.com,https://centauroveterinarios.com/,,No publica página de empleo: contacto por correo o teléfono.
44-animales,nueva-clinicavetmadrid,Clínicas y hospitales veterinarios,ficha,Clínica Veterinaria Madrid,,Clínica veterinaria del grupo VetPartners en Madrid; recoge currículos de veterinarios y otros puestos para sus selecciones.,"Calle Aguileñas, 4-6",28020,Madrid,"Metro Valdeacederas, a 200 m",917333695,,https://clinicaveterinariamadrid.es/,https://clinicaveterinariamadrid.es/trabaja-con-nosotros/,"Currículum por el formulario de su web, eligiendo el puesto."
44-animales,nueva-ucm-hcv,Clínicas y hospitales veterinarios,ficha,Hospital Clínico Veterinario Complutense,hospital universitario,"Hospital veterinario de la Universidad Complutense, para pequeños animales y équidos; su personal entra por las convocatorias de la UCM.","Avda. Puerta de Hierro, s/n",28040,Madrid,,,,https://www.ucm.es/hcv,https://www.ucm.es/empleo-ucm,"Convocatorias de personal laboral y técnico de la Universidad Complutense, en su página de empleo."
44-animales,nueva-hv-uax,Clínicas y hospitales veterinarios,ficha,Hospital Clínico Veterinario UAX,hospital universitario,"Hospital veterinario de la Universidad Alfonso X el Sabio, con urgencias 24 horas; la universidad publica sus vacantes, también de veterinaria.","Avenida de la Universidad, 1",28691,Villanueva de la Cañada,,918109990,,https://www.hospitalveterinariouax.com/,https://jobs.uax.com/jobs,Inscripción en las ofertas del portal de empleo de la universidad (filtro Veterinaria).
44-animales,nueva-hv-parque-berlin,Clínicas y hospitales veterinarios,ficha,Hospital Veterinario Parque de Berlín,,Hospital veterinario en Chamartín.,"Avenida Ramón y Cajal, 7",28016,Madrid,"Metro Concha Espina, a 100 m",911138726,info@hospitalveterinariopb.com,https://www.hospitalveterinariopb.com/,,No publica página de empleo: contacto por correo o teléfono.
44-animales,nueva-puchol,Clínicas y hospitales veterinarios,ficha,Hospital Veterinario Puchol,,"Hospital veterinario con urgencias 24 horas; busca auxiliares de urgencias y hospitalización, recepcionistas e internos veterinarios.","C/ Sauceda, 8",28050,Madrid,"Metro Ligero Palas de Rey, a 600 m",912900640,recursoshumanos@hvpuchol.com,https://hospitalveterinariopuchol.com/,https://hospitalveterinariopuchol.com/trabaja-con-nosotros/,Currículum por correo a recursos humanos; las vacantes abiertas salen en su página de empleo.
44-animales,nueva-hv-retiro,Clínicas y hospitales veterinarios,ficha,Hospital Veterinario Retiro,,"Hospital veterinario del grupo VetPartners, abierto todos los días de 8 a 22 h; recoge candidaturas para todas sus áreas.","Avenida de Menéndez Pelayo, 9",28009,Madrid,"Metro Príncipe de Vergara, a 300 m",914093600,hospitalretiro@gmail.com,https://hospitalveterinarioretiro.com/,https://hospitalveterinarioretiro.com/trabaja-con-nosotros,"Candidatura por correo con el currículum, el puesto que te interesa y una breve presentación."
44-animales,nueva-ivc-evidensia,Clínicas y hospitales veterinarios,ficha,IVC Evidensia,grupo de hospitales veterinarios,"Grupo veterinario con hospitales en Madrid, como el Hospital Veterinario Mediterráneo y Privet; vacantes de veterinario, auxiliar y recepción.","Avenida del Mediterráneo, 14, 28007 Madrid | C/ Bidasoa, 1, Centro Comercial El Bosque, 28670 Villaviciosa de Odón",28007,Madrid,"Metro Menéndez Pelayo, a 500 m",915514859;916167485,,https://hospitalvetmediterraneo.es/,https://carreras.ivcevidensia.es/jobs,Inscripción en las vacantes de su portal de empleo; los hospitales remiten ahí el currículum.
44-animales,nueva-kivet,Clínicas y hospitales veterinarios,renglon,Kivet,cadena de clínicas veterinarias,"Red de clínicas veterinarias; busca veterinarios, ATV, recepcionistas y peluqueros de mascotas. Clínicas en Madrid, Leganés, Rivas y Torrejón.",,,,,,,https://www.kivet.com/,https://jobs.iskaypet.com/jobs.php,"Inscripción en el portal de empleo del grupo Iskaypet, enlazado desde «Trabaja en Kivet»."
44-animales,nueva-medivet,Clínicas y hospitales veterinarios,renglon,Medivet,grupo de clínicas veterinarias,"Clínicas veterinarias, algunas 24 horas; en Madrid busca veterinarios y auxiliares clínicos (Layos, Santa Teresa, La Garena…).",,,,,,,https://www.medivetgroup.com/es-es/,https://medivet.factorial.es/,"Inscripción en las vacantes de su portal de empleo, filtrando por Madrid."
44-animales,nueva-thevetoffice,Clínicas y hospitales veterinarios,renglon,The Vet Office,agencia de selección,"Selección de personal para clínicas y hospitales veterinarios: veterinarios, ATV y recepcionistas, con ofertas en Madrid.",,,,,682909217,info@thevetoffice.com,https://thevetoffice.es/,https://thevetoffice.es/ofertas-de-empleo-veterinario-en-madrid/,Currículum por su formulario o por correo; dicen que el servicio a candidatos es gratuito.
44-animales,nueva-unavets,Clínicas y hospitales veterinarios,ficha,Unavets,grupo de clínicas veterinarias,"Grupo de clínicas veterinarias; busca veterinarios, auxiliares veterinarios y peluqueros. En Madrid: Los Madrazo, Veterios y Las Tablas.","C/ Cedaceros, 5, 28014 Madrid | C/ Arrastaria, 23, 28022 Madrid | C/ Azofra, 29, 28050 Madrid",28014,Madrid,"Metro Sevilla, a 100 m",914293502,,https://www.unavets.com/es/,https://www.unavets.com/es/trabaja-con-nosotros/,"Formulario de candidatura de su web, también si no hay vacantes abiertas."
44-animales,nueva-vetpartners,Clínicas y hospitales veterinarios,renglon,VetPartners España,grupo de clínicas veterinarias,Grupo de clínicas veterinarias con sede en Madrid; publica vacantes de veterinario y auxiliar en sus clínicas.,,,,,915361241,,https://www.vetpartners.es/,https://equipo.talentovetpartners.com/,Inscripción en las ofertas de su portal de talento.
44-animales,nueva-almacan,"Tiendas, peluquerías y residencias",ficha,Almacan Residencia Canina,,Residencia y hotel para perros en Alalpardo.,"Ctra. M123 de Algete a Valdeolmos, km 6,100",28130,Valdeolmos-Alalpardo,,681289758,,https://www.almacanresidenciacanina.com/,,No publica página de empleo: contacto por teléfono.
44-animales,nueva-gufy,"Tiendas, peluquerías y residencias",ficha,Centro Canino Gufy,,"Residencia canina y felina, guardería de día y adiestramiento en el monte de El Pardo.","Carretera de Fuencarral-El Pardo, km 3,5",28049,Madrid,,913732788,info@centrocaninogufy.com,https://www.centrocaninogufy.com/,,No publica página de empleo: contacto por correo o teléfono.
44-animales,nueva-gentlecan,"Tiendas, peluquerías y residencias",ficha,Gentlecan,,"Peluquería canina con dos salones en Madrid, en Retiro y Chamberí.","Calle Menorca, 1, 28009 Madrid | Calle de Manuel Silvela, 1, 28010 Madrid",28009,Madrid,"Metro Ibiza, a 150 m",910741527;660480369,info@gentlecan.es,https://gentlecan.es/,,No publica página de empleo: contacto por correo o teléfono.
44-animales,nueva-granjalaluna,"Tiendas, peluquerías y residencias",ficha,Granja La Luna,,"Residencia canina en Belmonte de Tajo, con guardería de mascotas.","Camino Tierra de Agua, 2",28390,Belmonte de Tajo,,918747354,,https://granjalaluna.com/,,No publica página de empleo: contacto por teléfono.
44-animales,nueva-guaw,"Tiendas, peluquerías y residencias",ficha,GUAW,cadena de tiendas de animales,"Tiendas de animales; busca dependientes (sales assistant) en sus tiendas de Madrid, Móstoles y Valdemoro, entre otras.","C/ Virgilio, 25, Edificio Ayessa",28223,Pozuelo de Alarcón,"Metro Ligero Ciudad del Cine, a 300 m",,,https://guaw.com/,https://empleo.guaw.com/,Inscripción en las vacantes de su portal de empleo.
44-animales,nueva-happycan,"Tiendas, peluquerías y residencias",ficha,Happycan,,Residencia canina y hotel para perros en El Molar.,"Camino de Romerales, s/n",28710,El Molar,,625476760,infohappycan10@gmail.com,https://happycan.es/,,No publica página de empleo: contacto por correo o teléfono.
44-animales,nueva-miscota,"Tiendas, peluquerías y residencias",renglon,Miscota,cadena de tiendas de animales,"Tiendas de animales con peluquería; en Madrid, tiendas como la del Paseo de las Acacias. Publica vacantes de especialista de tienda.",,,,,,,https://www.miscota.es/,https://miscota.viterbit.site/,Inscripción en las vacantes de su portal de empleo.
44-animales,nueva-thedogg,"Tiendas, peluquerías y residencias",ficha,The Dogg,,"Hotel canino con spa y guardería, abierto 24 horas.","Calle O'Donell, 7",28009,Madrid,"Metro O'Donnell, a 450 m",637402472,hola@thedogg.es,https://thedogg.es/,,No publica página de empleo: contacto por correo o teléfono.
44-animales,nueva-trufa,"Tiendas, peluquerías y residencias",ficha,Trufa & Co,,"Hotel, guardería, spa y peluquería para perros en Retiro.","Calle de Ibiza, 3",28009,Madrid,"Metro Ibiza, a 50 m",624224147,info@trufaandco.com,https://trufaandco.com/,,No publica página de empleo: contacto por correo o teléfono.
44-animales,nueva-updog,"Tiendas, peluquerías y residencias",ficha,UpDog,,"Guardería, hotel canino, peluquería, veterinario y etología para perros, con centros en Madrid y Barcelona.","C/ Duque de Sesto, 5",28009,Madrid,"Metro Príncipe de Vergara, a 250 m",,info@updog.es,https://www.updog.es/,,No publica página de empleo: contacto por correo.
44-animales,nueva-wagwag,"Tiendas, peluquerías y residencias",renglon,WagWag,,"Guardería canina de día con centros junto al Parque de Berlín (Príncipe de Vergara, 208 B) y al Retiro (Menéndez Pelayo, 9).",,,,,911408213,,https://www.wagwag.es/,,No publica página de empleo: contacto por teléfono.
44-animales,nueva-arat,Protectoras y centros de acogida,ficha,Arat Adopta,protectora,Protectora en Brunete y Torrelodones con recogida de animales perdidos o abandonados las 24 horas.,"Carretera M513, km 14,900, 28690 Brunete | Paseo Joaquín Ruiz Giménez, 30, 28250 Torrelodones",28690,Brunete,,918158673;918159294,administracion@aratadopta.com,https://www.aratadopta.com/,,No publica página de empleo: contacto por correo o teléfono.
44-animales,nueva-cpa-madrid,Protectoras y centros de acogida,ficha,Centro de Protección Animal de Madrid,centro municipal,"Centro municipal de acogida de animales abandonados de Madrid Salud, con un equipo que trabaja 24 horas todos los días.","Ctra. del Barrio de la Fortuna, 33",28054,Madrid,"Metro La Fortuna, a 600 m",,,https://madridsalud.es/salud-publica/bienestar-animal/cpa/,,No publica vía de empleo propia: es un servicio municipal de Madrid Salud.
44-animales,nueva-huelladewonder,Protectoras y centros de acogida,ficha,La Huella de Wonder,protectora,"Protectora con albergue en Collado Mediano; ha buscado cuidadores para el refugio (limpieza, cuidado y traslado de animales) y veterinario.","Calle del Ramiro, s/n",28450,Collado Mediano,,625609563,info@lahuelladewonder.es,https://www.lahuelladewonder.es/,https://www.lahuelladewonder.es/2022/07/02/quieres-trabajar-con-nosotros/,"Currículum por correo; piden jornada completa, carné B y vehículo propio."
44-animales,nueva-elcerrillo,"Hípicas, granjas y centros con animales",renglon,Centro Hípico El Cerrillo,,Escuela de equitación en Galapagar.,,,,,659948756,hipicaelcerrillo@gmail.com,https://www.hipicaelcerrillo.es/,,No publica página de empleo: contacto por correo o teléfono.
44-animales,nueva-loslaureles,"Hípicas, granjas y centros con animales",ficha,Centro Hípico Los Laureles,,"Club hípico con centro de crianza, pupilaje y clases de equitación en Pinto.","Ctra. de Parla a Pinto, km 3",28320,Pinto,,609064919;663567542,,https://www.centrohipicoloslaureles.com/,,No publica página de empleo: contacto por teléfono.
44-animales,nueva-madridhipica,"Hípicas, granjas y centros con animales",ficha,Escuela Hípica Madrid,,"Escuela de equitación con clases, dirección técnica y competición, en la carretera de Colmenar.","Ctra. Colmenar Viejo, km 15",28049,Madrid,,663014669,info@madridhipica.com,https://madridhipica.com/,,No publica página de empleo: contacto por correo o teléfono.
44-animales,nueva-elmadrono,"Hípicas, granjas y centros con animales",ficha,Hípica El Madroño,,Club hípico en Brunete con clases y actividades para montar a caballo.,"Carril de Carboneros (a 100 m de la M-600, km 39,3)",28690,Brunete,,606435991,hipicaelmadrono@hotmail.com,https://hipicaelmadrono.com/,,No publica página de empleo: contacto por correo o teléfono.
44-animales,nueva-phr,"Hípicas, granjas y centros con animales",ficha,PHR Equestrian,,Escuela de hípica en la carretera de El Pardo.,"Ctra. Madrid-El Pardo, km 0,400",28035,Madrid,,608061370,phrtejardesomontes@gmail.com,https://phrequestrian.com/,,No publica página de empleo: contacto por correo o teléfono.
44-animales,nueva-ccvm,"Hípicas, granjas y centros con animales",ficha,Real Club de Campo Villa de Madrid,empresa municipal,"Club deportivo municipal con hípica; recoge currículos para mantenimiento de cuadras y pistas hípicas, entre otras áreas.","Ctra. de Castilla, km 2",28040,Madrid,"Metro Estrecho, a 150 m",915502010,personal@ccvm.es,https://www.ccvm.es/,https://www.ccvm.es/trabaja-con-nosotros,Currículum por correo indicando el área; las bolsas temporales y la oferta de empleo público salen en «Trabaja con nosotros».
44-animales,nueva-rshecc,"Hípicas, granjas y centros con animales",ficha,Real Sociedad Hípica Española Club de Campo,,"Club social y deportivo con hípica, golf y tenis en San Sebastián de los Reyes.","Ctra. de Burgos, km 26,400",28709,San Sebastián de los Reyes,,916571018;630143435,rshecc@rshecc.es,https://rshecc.es/,https://www.infojobs.net/real-sociedad-hipica-espanola-club-de-campo/em-i10350565048535782696575022314631603783,Ofertas en su perfil de InfoJobs; el segundo teléfono es el de la hípica.
44-animales,nueva-amvac,Formación y colegio profesional,ficha,AMVAC,asociación profesional,Asociación Madrileña de Veterinarios de Animales de Compañía; su bolsa publica ofertas de clínicas y hospitales.,"C/ Maestro Ripoll, 8, planta 1ª",28006,Madrid,"Metro Nuevos Ministerios, a 450 m",915639579,amvac@amvac.es,https://www.amvac.es/,https://www.amvac.es/site/bolsa_empleo.aspx,"Ofertas a la vista en su bolsa de empleo, cada una con su contacto."
44-animales,nueva-avepa,Formación y colegio profesional,renglon,AVEPA,asociación profesional,Asociación de veterinarios especialistas en pequeños animales; su bolsa publica anuncios de empleo de toda España.,,,,,,,https://avepa.org/,https://avepa.org/bolsa-todos-anuncios/,"Anuncios a la vista en su bolsa, cada uno con su contacto."
44-animales,nueva-colvema,Formación y colegio profesional,ficha,Colegio Oficial de Veterinarios de Madrid (COLVEMA),colegio profesional,"Colegio de los veterinarios de Madrid; su bolsa publica ofertas de veterinario, auxiliar veterinario y peluquería canina.","C/ Maestro Ripoll, 8",28006,Madrid,"Metro Nuevos Ministerios, a 450 m",914112033,,https://www.colvema.org/,https://www.colvema.org/empleo-ofertas,"Ofertas a la vista en su bolsa de empleo, cada una con su contacto."
44-animales,nueva-colvet,Formación y colegio profesional,ficha,Consejo General de Colegios Veterinarios,corporación profesional,"Organización colegial veterinaria de España; su sección de empleo publica plazas de veterinario y auxiliar, también en Madrid.","C/ Villanueva, 11",28001,Madrid,"Metro Retiro, a 250 m",914353535,consejo@colvet.es,https://www.colvet.es/,https://www.colvet.es/es/62-Empleo,"Ofertas a la vista en su sección de empleo, cada una con su contacto."
44-animales,nueva-escuela-monica,Formación y colegio profesional,ficha,Escuela Mónica Gómez,escuela privada,"Escuela de peluquería canina (Chamberí, Moncloa y Parla); imparte un curso certificado por la Agencia para el Empleo de Madrid.","Calle Espronceda, 16",28003,Madrid,"Metro Alonso Cano, a 250 m",914480848,info@escuelamonicagomez.com,https://www.escuelamonicagomez.com/,https://www.escuelamonicagomez.com/info/escuela-monica-gomez-formadora-de-los-cursos-de-la-agencia-de-empleo-del-ayuntamiento-de-madrid,Información de cursos por teléfono o correo; dice tener bolsa de trabajo para su alumnado.
44-animales,nueva-vet-ucm,Formación y colegio profesional,ficha,Facultad de Veterinaria (UCM),universidad,Facultad de Veterinaria de la Complutense; su página de empleo recoge ofertas de empresas para alumnos y titulados.,"Avda. Puerta de Hierro, s/n",28040,Madrid,,,,https://veterinaria.ucm.es/,https://veterinaria.ucm.es/empleo,Ofertas en su página de empleo; más información en su Oficina de Orientación Profesional.
27-sanidad,nueva-cun,Hospitales y clínicas,ficha,Clínica Universidad de Navarra (sede de Madrid),,"Ofertas y bolsas de empleo para enfermería, auxiliares de enfermería y facultativos.","C/ Marquesado de Santa Marta, 1",28027,Madrid,"Metro Suanzes, a 800 m",913531920,,https://www.cun.es/,https://www.cun.es/trabajo-clinica-universidad-navarra,Inscripción en las ofertas o en la bolsa de empleo de su web.
27-sanidad,nueva-instituto-san-jose,Hospitales y clínicas,renglon,Fundación Instituto San José,,Centro sociosanitario de San Juan de Dios especializado en rehabilitación integral; publica sus vacantes.,,,,,915080140,,https://www.fundacioninstitutosanjose.com/,https://www.fundacioninstitutosanjose.com/area-profesionales/bolsa-de-trabajo/,Formulario de la página «Trabaja con nosotros».
27-sanidad,nueva-laguna,Hospitales y clínicas,ficha,Fundación Vianorte-Laguna,fundación,Bolsa de empleo de la fundación; también publica vacantes en LinkedIn.,"C/ Concejal Francisco José Jiménez Martín, 128",28047,Madrid,"Metro Laguna, a 250 m",915099137,rrhh@lagunacuida.org,https://www.lagunacuida.org/,https://www.lagunacuida.org/trabaja-con-nosotros/,"Currículum por correo, con «Bolsa» y el puesto en el asunto."
27-sanidad,nueva-hospitalarias,Hospitales y clínicas,renglon,Hermanas Hospitalarias: portal de empleo,,"Portal de empleo de Hermanas Hospitalarias España, con las vacantes de todos sus centros.",,,,,,,https://hermanashospitalarias.es/,https://jobs.hospitalarias.es/,Registro en el portal y candidatura a cada oferta.
27-sanidad,nueva-hla,Hospitales y clínicas,renglon,HLA Grupo Hospitalario,,"Vacantes del grupo por áreas: enfermería, técnicos sanitarios, celadores y administración. En Madrid, HLA Universitario Moncloa.",,,,,,,https://www.grupohla.com/,https://trabajaconnosotros.grupohla.com/,Inscripción en las ofertas de su portal de empleo.
27-sanidad,nueva-hm-hospitales,Hospitales y clínicas,renglon,HM Hospitales,,"Ofertas de trabajo del grupo hospitalario; si ninguna encaja con tu perfil, admite el envío del currículum.",,,,,,,https://www.hmhospitales.com/,https://www.hmhospitales.com/trabaja-con-nosotros/,Inscripción en las ofertas de su web o envío del currículum.
27-sanidad,nueva-hospital-beata,Hospitales y clínicas,ficha,Hospital Beata María Ana,,"Hospital de la Fundación Hospitalarias Madrid: rehabilitación, daño cerebral, cuidados paliativos y otras especialidades.","C/ Doctor Esquerdo, 83",28007,Madrid,"Metro Sainz de Baranda, a 350 m",914097423,,https://fundacionhospitalariasmadrid.org/,https://jobs.hospitalarias.es/hospitals/hospital-beata-maria-ana/25,Registro en el portal de empleo de Hermanas Hospitalarias.
27-sanidad,nueva-hospital-rosario,Hospitales y clínicas,ficha,Hospital Universitario Nuestra Señora del Rosario,,"Recoge currículums de enfermería, TCAE, celadores, técnicos de radiodiagnóstico, administración y mantenimiento.","C/ Príncipe de Vergara, 53",28006,Madrid,"Metro Núñez de Balboa, a 200 m",914359100,info@hospitalrosario.com,https://www.hospitalrosario.es/,https://www.hospitalrosario.es/trabaja-con-nosotros/,"Formulario de su web, marcando el puesto y adjuntando el currículum."
27-sanidad,nueva-hospital-san-rafael,Hospitales y clínicas,ficha,Hospital Universitario San Rafael,hospital sin ánimo de lucro,Hospital médico-quirúrgico sin ánimo de lucro de la Orden Hospitalaria de San Juan de Dios.,"C/ Serrano, 199",28016,Madrid,"Metro Concha Espina, a 350 m",915649944,,https://hospitalsanrafael.es/,https://hospitalsanrafael.es/trabaja-con-nosotros/,"Formulario de su web: eliges el puesto (TCAE, celador/a, enfermero/a, auxiliar administrativo/a…) y adjuntas el currículum en PDF."
27-sanidad,nueva-hospital-vot,Hospitales y clínicas,ficha,Hospital VOT San Francisco de Asís,,"Portal de búsqueda de empleo para médicos, sanitarios y otros profesionales del hospital.","C/ San Bernabé, 13",28005,Madrid,"Metro Puerta de Toledo, a 350 m",913657600,info@hospitalvot.org,https://www.hospitalvot.org/,https://www.hospitalvot.org/portal-de-empleo/,Solicitud de trabajo en el portal de empleo de su web.
27-sanidad,nueva-hospiten,Hospitales y clínicas,renglon,Hospiten,,"Oportunidades laborales del grupo, que incluye MD Anderson Cancer Center Madrid y prepara Hospiten Madrid Boadilla.",,,,,,,https://hospiten.com/,https://jobs.hospiten.com/,Inscripción en las ofertas de su portal de empleo.
27-sanidad,p73-10-02,Hospitales y clínicas,renglon,Quirónsalud,,"Ofertas de empleo del grupo hospitalario: enfermería, medicina, técnicos, administración y mantenimiento.",,,,,,,https://www.quironsalud.com/,https://empleo.quironsalud.es/,Inscripción en las ofertas de su portal de empleo.
27-sanidad,nueva-ribera,Hospitales y clínicas,renglon,Ribera,,Grupo sanitario que gestiona en Madrid el Hospital Universitario de Torrejón; ofertas en «Únete a Ribera».,,,,,,,https://www.riberasalud.com/,https://jobs.orbio.work/ribera-salud/ed846b45-1b52-4b0a-9c16-e53fd9238ce4,Inscripción en las ofertas de su portal de empleo.
27-sanidad,nueva-sanitas,Hospitales y clínicas,renglon,Sanitas,,"Ofertas de empleo de Sanitas Hospitales, Sanitas Dental, Sanitas Mayores y Sanitas Seguros, con alerta de empleo.",,,,,,,https://www.sanitas.es/,https://corporativo.sanitas.es/talento/ofertas-de-empleo/,Inscripción en las ofertas de su portal de empleo.
27-sanidad,nueva-viamed,Hospitales y clínicas,renglon,Viamed Salud,,"Grupo de hospitales, entre ellos el Hospital Viamed Santa Elena; ofertas en «Únete a Viamed».",,,,,,,https://www.viamedsalud.com/,https://jobs.orbio.work/viamed/744859d6-e7d3-46fc-b425-17f5cc30121c,Inscripción en las ofertas de su portal de empleo.
27-sanidad,nueva-vithas,Hospitales y clínicas,renglon,Vithas,,"Ofertas de empleo del grupo, con los hospitales Vithas Madrid Arturo Soria y La Milagrosa y centros médicos.",,,,,,,https://vithas.es/,https://empleo.vithas.es/,"Registro en su portal de empleo, con buscador por ubicación."
27-sanidad,nueva-adeslas-dental,"Dental, óptica y laboratorios",renglon,Adeslas Dental,,"Ofertas de empleo de las clínicas dentales Adeslas, con opción de dejar el currículum.",,,,,,,https://www.adeslasdental.es/,https://www.adeslasdental.es/trabaja-con-nosotros,Inscripción en las ofertas o en «Deja tu CV».
27-sanidad,nueva-analiza,"Dental, óptica y laboratorios",renglon,Analiza,,"Grupo de diagnóstico (análisis clínicos, anatomía patológica, imagen) con red de centros, también en Madrid.",,,,,,,https://www.analizasalud.com/,https://www.analizasalud.com/sobre-nosotros#tab-join-us,Pestaña «Trabaja con nosotros» de su web.
27-sanidad,nueva-asisa-dental,"Dental, óptica y laboratorios",renglon,Asisa Dental,,Clínicas dentales de Asisa; publica sus ofertas en un espacio propio de InfoJobs.,,,,,,,https://www.asisadental.es/,https://asisa-dental.ofertas-trabajo.infojobs.net/,Inscripción en sus ofertas de InfoJobs.
27-sanidad,nueva-audika,"Dental, óptica y laboratorios",renglon,Audika,,"Centros auditivos; ofertas para audioprotesistas, auxiliares de audiología y oficinas centrales.",,,,,,,https://www.audika.es/,https://www.audika.es/trabaja-con-nosotros,Inscripción en las ofertas de su portal de empleo.
27-sanidad,nueva-dentalcompany,"Dental, óptica y laboratorios",renglon,Dental Company,,"Clínicas dentales que buscan higienistas y auxiliares dentales, recepcionistas y responsables de atención al paciente.",,,,,,,https://dentalcompany.es/,https://dentalcompany.es/corporativo/empleo/,Formulario de su página de empleo.
27-sanidad,nueva-eurofins,"Dental, óptica y laboratorios",renglon,Eurofins,,Laboratorios de análisis; ofertas de empleo en España en su portal internacional.,,,,,,,https://www.eurofins.com/es-es/,https://careers.eurofins.com/es/?countryId=es&keywords=,Inscripción en las ofertas de su portal de empleo.
27-sanidad,nueva-gaes,"Dental, óptica y laboratorios",renglon,GAES (Amplifon),,Centros auditivos: audífonos e implantes cocleares. Las ofertas están en el portal de Amplifon.,,,,,,,https://www.gaes.es/,https://careers.amplifon.com/es/sites/CX_1,Inscripción en las ofertas de su portal de empleo.
27-sanidad,nueva-unilabs,"Dental, óptica y laboratorios",renglon,Unilabs,,Laboratorios de análisis clínicos y diagnóstico; vacantes con filtro por país y especialidad.,,,,,,,https://www.unilabs.es/,https://www.unilabs.es/corporativo/empleo,Inscripción en las ofertas de su portal de empleo.
27-sanidad,nueva-vitaldent,"Dental, óptica y laboratorios",renglon,Vitaldent,,Cadena de clínicas dentales; publica sus vacantes y tiene un programa para odontólogos recién graduados.,,,,,,,https://www.vitaldent.com/es/,https://www.vitaldent.com/es/trabaja-con-nosotros/,Inscripción en las ofertas de su página de empleo.
27-sanidad,nueva-santa-sofia,Ambulancias y transporte sanitario,renglon,Ambulancias Santa Sofía,,"Transporte sanitario y emergencia extrahospitalaria, con atención las 24 horas.",,,,,,,https://www.santasofia.es/,,No publica vía de empleo: contacto por el formulario de su web o por teléfono.
27-sanidad,nueva-tenorio,Ambulancias y transporte sanitario,renglon,Ambulancias Tenorio,,Empresa de ambulancias con base en Madrid; recoge currículums en «Únete a nosotros».,,,Móstoles,,,,https://ambulanciastenorio.com/,https://ambulanciastenorio.com/unete-a-nosotros/,Formulario «Deja tu CV aquí» de su web.
27-sanidad,nueva-htgroup,Ambulancias y transporte sanitario,renglon,HTGroup,,"Grupo de transporte sanitario: técnicos/as en emergencias sanitarias, enfermería, medicina, coordinación y mantenimiento.",,,Madrid,,,,https://www.htgroup.es/,https://www.htgroup.es/unete-al-equipo-esp/,Consulta de ofertas y envío del currículum desde «Únete al equipo».
27-sanidad,nueva-sanir,Ambulancias y transporte sanitario,ficha,Sanir,,"Servicio de ambulancias; recoge candidaturas de técnicos en emergencias sanitarias, enfermería y medicina.","C/ Río Odiel, 14, nave C",28906,Getafe,,916097758,info@sanir.com,https://www.sanir.com/,https://www.sanir.com/trabaja-con-nosotros/,"Formulario de su web: eliges centro, categoría y disponibilidad y adjuntas el currículum."
27-sanidad,nueva-sasu,Ambulancias y transporte sanitario,ficha,SASU (Servicios Auxiliares Sanitarios de Urgencias),,Empresa de ambulancias de Madrid y Galicia: transporte sanitario y emergencias.,"C/ Torres Quevedo, 11",28901,Leganés,,916804357,administracion@sasusl.es,https://www.sasusl.es/,,"No publica vía de empleo: contacto por teléfono, correo o el formulario de su web."
27-sanidad,nueva-coem,Bolsas y portales del sector,ficha,Colegio de Odontólogos y Estomatólogos de Madrid (COEM): portal de empleo,colegio profesional,"Ofertas de clínicas dentales para auxiliares, higienistas y recepcionistas, a la vista sin estar colegiado.","C/ Mauricio Legendre, 38",28046,Madrid,"Cercanías Chamartín-Clara Campoamor, a 450 m",915612905,informacion@coem.org.es,https://coem.org.es/,https://coem.org.es/empleo-y-anuncios/portal-de-empleo/ofertas-de-empleo/,Consulta de ofertas con filtro por perfil; también puedes publicar tu perfil profesional.
27-sanidad,nueva-higienistas-madrid,Bolsas y portales del sector,ficha,Colegio Profesional de Higienistas Dentales de Madrid,colegio profesional,Bolsa de empleo para higienistas dentales colegiados.,"C/ San Romualdo, 12-14, 1.º",28037,Madrid,"Metro Suanzes, a 300 m",913500835,info@colegiohigienistasmadrid.org,https://colegiohigienistasmadrid.org/,https://colegiohigienistasmadrid.org/tablon_empleo.asp,Acceso con tu clave de colegiado; atención presencial con cita previa.
27-sanidad,nueva-colprodecam,Bolsas y portales del sector,ficha,Colegio Profesional de Protésicos Dentales de la Comunidad de Madrid,colegio profesional,"Ofertas de empleo de laboratorios y depósitos dentales, servicio exclusivo para protésicos colegiados.","C/ Doctor Esquerdo, 166, 1.º E",28007,Madrid,"Metro Pacífico, a 200 m",917580238,info@colprodecam.org,https://www.colprodecam.org/,https://www.colprodecam.org/empleo-ofertas,Acceso a las ofertas como colegiado.
27-sanidad,nueva-sermas-bolsa-celador,Bolsas y portales del sector,renglon,Servicio Madrileño de Salud: bolsa de celador,,Bolsa única de empleo temporal de celador para todos los centros sanitarios del SERMAS.,,,,,,,https://sede.comunidad.madrid/,https://sede.comunidad.madrid/oferta-empleo/bolsa-sanidad-celador,"Inscripción telemática, con plazo abierto de forma permanente y sin tasas."
27-sanidad,nueva-sermas-bolsa-tcae,Bolsas y portales del sector,renglon,Servicio Madrileño de Salud: bolsa de TCAE,,Bolsa única de empleo temporal de técnico en cuidados auxiliares de enfermería para todos los centros del SERMAS.,,,,,,,https://sede.comunidad.madrid/,https://sede.comunidad.madrid/oferta-empleo/tecnico-cuidados-auxiliares-enfermeria-2,"Inscripción telemática, con plazo abierto de forma permanente y sin tasas."
27-sanidad,nueva-sermas-bolsa-tes,Bolsas y portales del sector,renglon,SUMMA 112: bolsa de técnico en emergencias sanitarias,,Bolsa única de empleo temporal de técnico en emergencias sanitarias del SUMMA 112.,,,,,,,https://sede.comunidad.madrid/,https://sede.comunidad.madrid/oferta-empleo/tecnico-emergencias-sanitarias,"Inscripción telemática, con plazo abierto de forma permanente; pide el título y el permiso de conducción C."
29-educacion,nueva-arenales,Colegios y grupos educativos,ficha,Arenales Red Educativa,,Red de colegios; su página de profesionales enlaza el formulario para presentarse como docente.,"Avda. de los Poblados, 151",28025,Madrid,"Metro Abrantes, a 850 m",910780883,,https://arenalesrededucativa.es/,https://arenalesrededucativa.es/profesionales/,Formulario «Como docente» de su página de profesionales.
29-educacion,nueva-brains,Colegios y grupos educativos,ficha,Colegios Brains,,Colegios privados internacionales en La Moraleja y Madrid; ofertas desde la etapa infantil hasta la preuniversitaria.,"C/ Salvia, 48",28109,Alcobendas,"Metro La Moraleja, a 350 m",916504300,,https://www.colegiobrains.com/,https://brainsinternationalschool.factorial.es/,Inscripción en las ofertas de su portal de empleo.
29-educacion,nueva-casvi,Colegios y grupos educativos,ficha,Colegios Casvi,,Colegio privado internacional en Villaviciosa de Odón; admite el registro y la actualización del currículum.,"Avda. Castilla, 27 (Urb. El Castillo)",28670,Villaviciosa de Odón,,916162218,,https://casvi.es/,https://cv.casvi.es/cv/curriculum_prev.asp,Registro del currículum en su página «Trabaja con nosotros».
29-educacion,nueva-zola,Colegios y grupos educativos,renglon,Colegios Zola,,"Tres colegios en la sierra noroeste de Madrid: Las Rozas, Villafranca del Castillo y Valdemorillo.",,,,,,,https://zolaeducacion.es/,https://edutalent.es/centros/embed/077fd57e57aab32087b0466fe6ebcca8/,Formulario de candidatura enlazado desde su web.
29-educacion,nueva-fuhem,Colegios y grupos educativos,ficha,FUHEM,fundación,Fundación con centros escolares en Madrid; publica ofertas y guarda tu currículum por especialidad para futuras vacantes.,"C/ O’Donnell, 18, 5.ª planta",28009,Madrid,"Metro Ibiza, a 350 m",914310280,,https://www.fuhem.es/,https://www.fuhem.es/trabaja-con-nosotros/,Formulario de inscripción con el currículum adjunto.
29-educacion,nueva-fec,Colegios y grupos educativos,ficha,Fundación Educación Católica (FEC),fundación,"Institución formada por 22 colegios católicos concertados, con servicios centrales en Madrid.","Travesía de Costa Brava, 3",28034,Madrid,"Metro Fuencarral, a 600 m",917354222,,https://www.fundacioneducacioncatolica.com/,https://www.fundacioneducacioncatolica.com/trabaja-en-fec/,Desde su página «Trabaja en FEC».
29-educacion,nueva-globeducate,Colegios y grupos educativos,renglon,Globeducate,,"Grupo de colegios internacionales, entre ellos Agora Madrid International School; vacantes de docentes y personal de apoyo.",,,,,,,https://www.globeducate.com/,https://careers.globeducate.com/work-with-us/opportunities-worldwide,"Inscripción en su portal de empleo o en su bolsa de talento, en inglés."
29-educacion,nueva-gsd,Colegios y grupos educativos,ficha,Gredos San Diego (GSD),cooperativa,"Cooperativa de enseñanza con colegios en Madrid, Alcalá de Henares, Buitrago, El Escorial, Guadarrama y otros municipios.","Camino de Hormigueras, 171, edificio 2, 4.ª planta",28031,Madrid,"Metro Sierra de Guadalupe, a 900 m",917861347,,https://www.gsdeducacion.com/,https://trabajaconnosotros.gsdeducacion.com/,Inscripción en su portal «Trabaja con nosotros».
29-educacion,nueva-inspired,Colegios y grupos educativos,renglon,Inspired Education,,"Grupo internacional de colegios privados; en Madrid, los Colegios Ramón y Cajal publican aquí sus vacantes.",,,,,,,https://www.inspirededu.com/,https://careers.inspirededu.com/,"Inscripción en su portal de empleo, en inglés."
29-educacion,nueva-sek,Colegios y grupos educativos,renglon,Institución Educativa SEK,,Colegios internacionales SEK y Universidad Camilo José Cela; ofertas para docentes y personal de gestión.,,,,,,,https://www.sek.es/,https://empleo.sek.es/,Inscripción en las ofertas de su portal de empleo.
29-educacion,nueva-lasalle,Colegios y grupos educativos,renglon,La Salle,,"Red de colegios La Salle, con centros en Madrid y Griñón; recoge candidaturas en su portal SalleJob.",,,,,,,https://lasalle.es/,https://sallejob.com/,Registro en el portal SalleJob.
29-educacion,nueva-maristas,Colegios y grupos educativos,ficha,Maristas Provincia Ibérica,,Colegios y obras sociales maristas de Madrid y otras comunidades: 16 centros educativos.,"Avda. de los Jesuitas, 34",28806,Alcalá de Henares,,918891334,,https://maristasiberica.com/,https://trabajaconnosotros.maristasiberica.es/,Inscripción en su página «Trabaja con nosotros».
29-educacion,nueva-alaria,Escuelas infantiles,ficha,Alaria Escuelas Infantiles,,"Escuelas infantiles bilingües en Aravaca, Bernabéu, Nuevos Ministerios y Serrano.",,,,,,rrhh@alariaescuelasinfantiles.es,https://www.alariaescuelasinfantiles.es/,https://www.alariaescuelasinfantiles.es/trabaja-con-nosotros/,Currículum por correo a recursos humanos.
29-educacion,nueva-eduqa,Escuelas infantiles,ficha,Eduqa Nursery Schools,,"Escuelas infantiles en inglés en Alcobendas, Las Tablas y Valdebebas; buscan educadoras y auxiliares con inglés alto.","C/ Mirador de la Reina, 43",28035,Madrid,"Metro Arroyofresno, a 300 m",913029626,,https://eduqa.es/,https://eduqa.es/trabaja-con-nosotros/,Formulario de su página «Trabaja con nosotros».
29-educacion,nueva-montemadrid-ei,Escuelas infantiles,ficha,Escuelas Infantiles Montemadrid,asociación,Cuatro escuelas infantiles en Madrid gestionadas por la Asociación para la Gestión de Centros Infantiles (AGCI).,"C/ Ponferrada, 14",28029,Madrid,"Metro Peñagrande, a 300 m",,cv@agci.es,https://www.escuelasmontemadrid.es/,https://www.escuelasmontemadrid.es/trabaja-con-nosotros/,Currículum por correo.
29-educacion,nueva-kidsco,Escuelas infantiles,ficha,Kidsco,,Grupo de escuelas infantiles; publica sus ofertas de empleo en InfoJobs.,"C/ Gobelas, 13",28023,Madrid,,917080206,,https://kidsco.es/,https://kidsco.es/trabaja-con-nosotros/,"Inscripción en sus ofertas, que enlaza desde «Trabaja con nosotros»."
29-educacion,nueva-nemomarlin,Escuelas infantiles,ficha,Nemomarlin,,Red de escuelas infantiles; incorpora educadoras y les da formación inicial.,"C/ Musgo, 3",28023,Madrid,"Cercanías El Barrial-Centro Comercial Pozuelo, a 550 m",917082439,,https://www.escuelanemomarlin.com/,https://www.escuelanemomarlin.com/trabaja-con-nosotros/,Formulario «Trabaja con nosotros» de su web.
29-educacion,nueva-berlitz,Academias y formación,renglon,Berlitz,,Escuela de idiomas con centros en Madrid y San Sebastián de los Reyes; busca instructores de idiomas.,,,,,,workinmadrid@berlitz.es,https://www.berlitz.com/es-es,https://www.berlitz.com/es-es/empleos,Candidatura por correo al buzón de selección de Madrid.
29-educacion,nueva-ceac,Academias y formación,renglon,CEAC,,"Cursos, FP y oposiciones, con instituto en Madrid.",,,,,,,https://www.ceac.es/,https://www.ceac.es/trabaja-con-nosotros,Formulario «Trabaja con nosotros» de su web.
29-educacion,nueva-cesur,Academias y formación,renglon,Cesur,,Formación profesional oficial con varios centros en Madrid; vacantes de docentes de FP y de administración.,,,,,,,https://www.cesurformacion.com/,https://jobs.grupocoremsa.com/jobs,Inscripción en las ofertas del portal de empleo de su grupo.
29-educacion,nueva-helendoron,Academias y formación,renglon,Helen Doron English,,"Academias de inglés para niños y jóvenes, con centros en Las Tablas y Valdebebas; forma a su profesorado en su método.",,,,,,,https://helendoron.es/,https://helendoron.es/ensena-con-nosotros/,Formulario de su página «Enseña con nosotros».
29-educacion,nueva-ilerna,Academias y formación,renglon,Ilerna,,"Centro oficial de FP en línea y presencial, con centros en Madrid; vacantes de profesorado de FP.",,,,,,,https://www.ilerna.es/,https://career.ilerna.com/jobs,Inscripción en las ofertas de su portal de empleo.
29-educacion,nueva-institutfrancais,Academias y formación,ficha,Institut français de Madrid,,Ofertas de empleo y prácticas del instituto; no admite candidaturas espontáneas.,"C/ Marqués de la Ensenada, 12",28004,Madrid,"Metro Colón, a 150 m",917004800,,https://www.institutfrancais.es/madrid/,https://www.institutfrancais.es/madrid/el-institut/ofertas-de-empleo-y-practicas/,Candidatura a las ofertas publicadas en su página.
29-educacion,nueva-ih,Academias y formación,ficha,International House Madrid,,"Escuela de idiomas; contrata profesorado de inglés para niños, jóvenes y adultos.","C/ Zurbano, 8",28010,Madrid,"Metro Alonso Martínez, a 150 m",913101314,,https://www.ihmadrid.com/,https://www.ihmadrid.com/nosotros/trabaja-con-nosotros,"Candidatura a las ofertas de su página, en inglés."
29-educacion,nueva-kidsandus,Academias y formación,renglon,Kids&Us,,"Academias de inglés para bebés, niños y adolescentes; ofertas por centro, varios en la Comunidad de Madrid.",,,,,,,https://www.kidsandus.es/es,https://careers.kidsandus.com/,Inscripción en las ofertas de su portal de empleo.
29-educacion,nueva-kumon,Academias y formación,renglon,Kumon,,"Centros de matemáticas, lectura e inglés; oportunidades profesionales en su equipo y en sus centros.",,,,,,,https://www.kumon.es/,https://www.kumon.es/careers,Desde su página «Trabajo en Kumon».
29-educacion,nueva-masterd,Academias y formación,renglon,MasterD,,"Oposiciones, cursos y FP, con delegación en Madrid.",,,,,,,https://www.masterd.es/,https://www.masterd.es/trabaja-con-nosotros,Formulario «Trabaja con nosotros» de su web.
29-educacion,nueva-medac,Academias y formación,renglon,MEDAC,,"Formación profesional oficial, con centros en Madrid, Alcorcón, Fuenlabrada, Móstoles y Pinto, entre otros.",,,,,,,https://medac.es/,https://medac.es/trabaja-con-nosotros,Formulario «Trabaja con nosotros» de su web.
29-educacion,nueva-vaughan,Academias y formación,renglon,Vaughan,,"Enseñanza de inglés para niños, jóvenes, adultos y empresas; publica los puestos que busca.",,,,,,,https://grupovaughan.com/,https://aprendeingles.grupovaughan.com/trabajo-vaughan,Candidatura a los puestos publicados en su página de empleo.
29-educacion,nueva-acade,Bolsas y portales del sector,renglon,AcadeJobs,,"Bolsa de empleo de ACADE, la asociación de centros de enseñanza privada.",,,,,,,https://educacionprivada.org/,https://educacionprivada.org/acadejobs,Registro en AcadeJobs.
29-educacion,nueva-cdl,Bolsas y portales del sector,ficha,Colegio Oficial de Docentes de Madrid,colegio profesional,"Bolsa de empleo para colegiados, con ofertas de centros de enseñanza, empresas y particulares.","C/ Fuencarral, 101, 3.ª planta",28004,Madrid,"Metro Bilbao, a 150 m",914471400,,https://www.cdlmadrid.org/,https://oficinavirtual.cdlmadrid.org/empleo-colegiados/,Hay que estar colegiado para acceder a la bolsa.
29-educacion,nueva-edutalent,Bolsas y portales del sector,renglon,Edutalent,,"Ofertas de empleo para profesorado, con filtro por provincia y etapa; varios colegios de Madrid reciben aquí los currículos.",,,,,,,https://edutalent.es/,https://edutalent.es/empleo/,Registro como docente en el portal.
29-educacion,nueva-ecm,Bolsas y portales del sector,ficha,Talento ECM (Escuelas Católicas de Madrid),,"Plataforma que pone en contacto a los centros asociados con quien busca trabajo en ellos, en todas las etapas y perfiles.","C/ Hacienda de Pavones, 5, 2.ª planta",28030,Madrid,"Metro Vinateros, a 600 m",913288007,,https://ecmadrid.org/,https://ecmadrid.org/servicios/talento/,Inscripción en la plataforma; presupone afinidad con el ideario católico de los centros.
43-movilidad,nueva-carter,Aparcamientos y grúas,ficha,Asistencias Carter (Grúas Assur),,"Asistencia en carretera con grúas, auxilio y traslados las 24 horas; busca conductores de vehículo ligero e industrial y mecánicos.","C/ Castrobarto, 10, 4ª planta",28042,Madrid,"Metro Alameda de Osuna, a 800 m",919039615,,https://asistenciascarter.com/,https://asistenciascarter.com/trabaja-con-nosotros/,"Formulario de su web eligiendo puesto y base (Madrid), o currículum por correo postal a su sede de Madrid."
43-movilidad,nueva-eysa,Aparcamientos y grúas,ficha,EYSA (Estacionamientos y Servicios),,"Estacionamiento regulado en la calle, aparcamientos y soluciones de movilidad para ayuntamientos; unos 3.000 empleados.","C/ Albacete, 3, Edificio Mizar, planta 1",28027,Madrid,"Metro Parque de las Avenidas, a 550 m",912308164,,https://eysaservicios.com/,https://empleo.eysaservicios.com/jobs,Inscripción en las ofertas de su portal de empleo.
43-movilidad,nueva-indigo,Aparcamientos y grúas,ficha,Indigo,,Aparcamientos y estacionamiento regulado en las principales ciudades españolas; sede en Madrid.,"C/ Ramírez de Arellano, 29, 4ª planta",28043,Madrid,"Metro Avenida de la Paz, a 700 m",915566409,,https://www.park-indigo.es/,https://www.linkedin.com/company/park-indigo-group/jobs/,"Sus ofertas se publican en su página de LinkedIn, enlazada desde «Ver nuestras ofertas» de su web."
43-movilidad,nueva-race,Aparcamientos y grúas,ficha,RACE (Real Automóvil Club de España),,"Asistencia en carretera, seguros y servicios para conductores; sede en Tres Cantos.","C/ Isaac Newton, 4, Parque Tecnológico de Madrid",28760,Tres Cantos,"Cercanías Tres Cantos, a 850 m",,,https://www.race.es/,https://www.race.es/trabaja-con-nosotros,Desde su página de empleo: ofertas publicadas en InfoJobs y registro como candidato.
43-movilidad,nueva-saba,Aparcamientos y grúas,renglon,Saba,,"Aparcamientos en Madrid: estaciones de Atocha y Chamartín, Plaza de los Mostenses, Hospital Gregorio Marañón, Nuevos Ministerios…",,,,,,rhumanos@sabagroup.com,https://www.saba.es/es/,https://saba.jobs.hr.cloud.sap/?locale=es_ES,Inscripción en su portal de empleo («Trabaja con nosotros») o currículum por correo a recursos humanos.
43-movilidad,nueva-telpark,Aparcamientos y grúas,ficha,Telpark (Empark),,"Gestión de aparcamientos, estacionamiento en la calle y puntos de carga; más de 200 parkings y más de 1.700 empleados.","Av. del General Perón, 36, 1ª planta",28020,Madrid,"Metro Santiago Bernabéu, a 250 m",915468900,,https://www.telpark.com/,https://www.empark.com/es/nuestras-ofertas/,"Inscripción en las ofertas de su portal de empleo, desde «Consulta nuestras ofertas de empleo»."
43-movilidad,nueva-disa,Estaciones de servicio y lavado,ficha,DISA (estaciones DISA y Shell),,"Operador de estaciones de servicio con las marcas DISA y Shell; su portal de empleo filtra las ofertas por provincia, Madrid incluida.","C/ Río Bullaque, 2",28034,Madrid,"Cercanías Ramón y Cajal, a 400 m",914279000,,https://www.disagrupo.es/,https://empleo.disagrupo.es/,Registro e inscripción en su portal DISA Empleo.
43-movilidad,nueva-flow,Estaciones de servicio y lavado,ficha,Flow (túneles de lavado),,Túneles de lavado de coches en el centro comercial Parquesur (Leganés) y en Alcobendas.,"Av. Gran Bretaña, s/n, C.C. Westfield Parquesur, 28916 Leganés | Av. de Fernando Alonso, 7, 28108 Alcobendas",28916,Leganés,,,,https://flowcar.es/,,No publica ofertas en su web; contacto por el formulario de su página o en sus centros.
43-movilidad,nueva-madese,Estaciones de servicio y lavado,renglon,Madese,,"Red de estaciones de servicio en Málaga, Sevilla y Madrid.",,,,,,,https://madese.com/,https://madese.com/trabaja-con-nosotros/,"Formulario «Únete a nuestro equipo» de su web, con currículum y turno disponible."
43-movilidad,nueva-naturwash,Estaciones de servicio y lavado,ficha,Naturwash,,"Lavado de coches ecológico hecho a mano, con centros en Madrid (Arturo Soria…), Majadahonda, Torrelodones y Getafe.","C/ Santa Juliana, 61",28039,Madrid,"Metro Alvarado, a 450 m",917556879,naturwash@lavadosnaturwash.com,https://lavadosnaturwash.com/,https://lavadosnaturwash.com/trabaja-con-nosotros/,"Formulario de su página «Trabaja con nosotros», contando tu experiencia."
43-movilidad,nueva-plenergy,Estaciones de servicio y lavado,ficha,Plenergy (Plenoil),,Gasolineras automatizadas en toda España; recoge currículums de expendedores y de personal de oficina.,"C/ Torrelaguna, 64, planta 2",28043,Madrid,"Metro Avenida de la Paz, a 750 m",915687497,,https://plenergy.es/,https://empleo.plenergy.es/jobs,"Currículum en su portal de empleo, en «CV Expendedores» o «CV Oficina»."
43-movilidad,nueva-alquimobil,Alquiler de vehículos y coche compartido,ficha,Alquimobil,,"Alquiler de furgonetas y coches con oficinas en Valdemoro, Alcobendas, Rivas, Villaverde, Las Rozas, Alcalá y Bravo Murillo.","Avenida de Madrid, 11, nave 5",28340,Valdemoro,,918081878,,https://www.alquimobil.com/,,No tiene página de empleo; contacto por teléfono o en sus oficinas.
43-movilidad,nueva-arval,Alquiler de vehículos y coche compartido,ficha,Arval,,"Renting de coches para empresas, autónomos y particulares; sede en Alcobendas.","C/ Anabel Segura, 14, Edificio Cedro",28108,Alcobendas,"Metro La Moraleja, a 650 m",,,https://www.arval.es/,https://www.arval.es/carreras,Ofertas en su página de empleo («Únete a nosotros»).
43-movilidad,nueva-avis,Alquiler de vehículos y coche compartido,ficha,Avis Budget,,Alquiler de coches y furgonetas con las marcas Avis y Budget; su sede en España está en Madrid.,"Av. de Manoteras, 32, edificio C",28050,Madrid,"Metro Ligero Fuente de la Mora, a 400 m",,,https://www.avis.es/,https://www.avisbudgetgroup.jobs/es/jobs,"Inscripción en su portal de empleo, enlazado como «Oportunidades profesionales» en su página de contacto."
43-movilidad,nueva-ayvens,Alquiler de vehículos y coche compartido,ficha,Ayvens,,Renting y gestión de flotas de vehículos para empresas y particulares; sede en Majadahonda.,"Carretera de Pozuelo, 32",28220,Majadahonda,,,,https://www.ayvens.com/es-es/,https://www.ayvens.com/es-es/sobre-nosotros/trabaja-con-nosotros/,Ofertas en su página «Trabaja con nosotros».
43-movilidad,nueva-centauro,Alquiler de vehículos y coche compartido,ficha,Centauro Rent a Car,,"Alquiler de coches con oficinas en Madrid: Atocha, Chamartín, Plaza de España, Recoletos y aeropuerto.","Avda. Ciudad de Barcelona, 5",28007,Madrid,"Metro Menéndez Pelayo, a 150 m",,,https://www.centauro.net/,https://www.centauro.net/empresa-de-alquiler-de-coches/empleo/,"Ofertas de empleo de sus oficinas en su web, desde «Ofertas de Empleo»."
43-movilidad,nueva-citius,Alquiler de vehículos y coche compartido,ficha,Citius Solutions,,"Servicios para flotas de vehículos (gestión, traslado y limpieza), hoteles y empresas; del grupo IMAN.",,,Madrid,,911421193,,https://citiussolutions.es/,https://empleo.citiussolutions.es/jobs,Ofertas y envío del currículum en su portal de empleo.
43-movilidad,nueva-dfm,Alquiler de vehículos y coche compartido,ficha,DFM Rent a Car,,"Alquiler de coches, furgonetas y vehículos frigoríficos; delegación en el Centro de Transportes de Madrid.","Ctra. Villaverde-Vallecas, km 3,5",28053,Madrid,,911100389,madrid.ctm@dfmrentacar.es,https://www.dfmrentacar.es/,https://www.dfmrentacar.es/trabaje-con-nosotros,Formulario con currículum en «Trabaje con nosotros».
43-movilidad,nueva-drivalia,Alquiler de vehículos y coche compartido,ficha,Drivalia,,Alquiler de coches por días o por meses y suscripción de vehículos; sede en España en Alcobendas.,"Avda. de la Vega, 15, edificio 1, 1ª planta",28108,Alcobendas,"Metro La Moraleja, a 450 m",913786004,info.es@drivalia.com,https://www.drivalia.com/es/esp/home,,No tiene página de empleo en su web; contacto por teléfono o correo de su sede.
43-movilidad,nueva-enterprise,Alquiler de vehículos y coche compartido,renglon,Enterprise,,Alquiler de coches y furgonetas con oficinas en Madrid; su portal de empleo tiene puestos de conductor y de lavado y limpieza de vehículos.,,,,,,,https://www.enterprise.es/,https://www.enterprisemobility.es/es/empleos.html,Búsqueda de ofertas y alertas de empleo en su portal Enterprise Mobility.
43-movilidad,nueva-hertz,Alquiler de vehículos y coche compartido,renglon,Hertz,,"Alquiler de coches y furgonetas con oficinas en Madrid, entre ellas la estación de Atocha y la calle Tomás Bretón.",,,,,,,https://www.hertz.es/,https://jobs.hertzcareers.com/,Inscripción en su portal de empleo (Hertz Careers).
43-movilidad,nueva-northgate,Alquiler de vehículos y coche compartido,ficha,Northgate,,"Renting de furgonetas y coches; delegaciones con taller en Algete, Coslada, Getafe y Leganés.","Avenida de la Cañada, 113, 28823 Coslada | Carretera de Andalucía, km 12,750, 28906 Getafe | C/ Puerto de la Morcuera, 2-10, 28919 Leganés",28823,Coslada,,916777423,,https://www.northgate.es/,https://northgate.epreselec.com/default.aspx,Registro e inscripción en su portal de empleo («Trabaja en Northgate»); las delegaciones están en su web.
43-movilidad,nueva-record-go,Alquiler de vehículos y coche compartido,ficha,Record go,,"Alquiler de coches con oficinas en el aeropuerto de Madrid, Atocha y Chamartín.","C/ Rafael de Riego, 3",28045,Madrid,"Metro Atocha, a 300 m",,,https://www.recordrentacar.com/es/,https://joinourteam.recordrentacar.com/,Envío del currículum y ofertas en su portal «Join our team».
43-movilidad,nueva-telefurgo,Alquiler de vehículos y coche compartido,ficha,Telefurgo,,"Alquiler de furgonetas y camiones con oficinas en Madrid y alrededores; busca recepcionistas, operarios de flota y mecánicos.","Avda. del Eje Central, CTM, nave S5, km 3,500",28053,Madrid,,911798843,,https://www.telefurgo.com/es,https://www.telefurgo.com/es/trabajo-en-telefurgo,"Formulario con currículum en su web, eligiendo oficina y puesto."
43-movilidad,nueva-wible,Alquiler de vehículos y coche compartido,ficha,WiBLE,,Coche compartido por minutos y alquiler por meses en Madrid.,"C/ Manuel Tovar, 43",28034,Madrid,"Cercanías Ramón y Cajal, a 200 m",911696147,,https://www.wible.es/,,No publica ofertas en su web; contacto por teléfono o en su sede.
43-movilidad,nueva-dott,"VTC, taxi y vehículos de movilidad compartida",ficha,Dott,,Patinetes y bicicletas eléctricas compartidas (antes también TIER); contrata mecánicos y patrulleros en los países donde opera. Oficina en Madrid.,"Calle Velázquez, 64, planta 4",28001,Madrid,"Metro Velázquez, a 400 m",,,https://ridedott.com/es/,https://ridedott.com/es/unete/,"Ofertas en su página «Únete», en el apartado de trabajos en tierra."
43-movilidad,nueva-doublecab,"VTC, taxi y vehículos de movilidad compartida",ficha,DoubleCab,flota de VTC,Flota de VTC en Madrid que busca conductores (más de 2 años de carné); ofrece vehículos nuevos y formación a cargo de la empresa.,"C/ Vereda de los Barros, 43",28925,Alcorcón,"Metro Ligero Ventorro del Cano, a 350 m",661706447,,https://doublecab.es/,https://doublecab.es/trabaja-con-nosotros/,Formulario de su página «Trabaja con nosotros» o por WhatsApp.
43-movilidad,nueva-moove-cars,"VTC, taxi y vehículos de movilidad compartida",ficha,Moove Cars,flota de VTC (conductores asalariados),Flota de VTC con conductores en plantilla: contratos indefinidos de 40 horas o de 32 horas de lunes a jueves; bases en Madrid.,"C/ Luis I, 54",28031,Madrid,"Cercanías El Pozo, a 850 m",910726688,info@moovecars.com,https://moovecars.com/,https://moovecars.com/trabaja-con-nosotros/espana/ofertas-vtc-madrid/,Inscripción en sus ofertas de conductor en Madrid; hace entrevistas de lunes a viernes.
43-movilidad,nueva-ottofleets,"VTC, taxi y vehículos de movilidad compartida",ficha,Ottofleets,flota de VTC,Flota de VTC y chófer privado; quiere incorporar conductores con experiencia y personal de servicios centrales.,"Camino Rosales, 58",28860,Paracuellos de Jarama,,917443724,,https://www.ottofleets.com/,https://www.ottofleets.com/trabaja-con-nosotros,Formulario con currículum en «Trabaja con nosotros»; también por correo a recursos humanos con el asunto «CV Chófer».
43-movilidad,nueva-vecttor,"VTC, taxi y vehículos de movilidad compartida",ficha,Vecttor,flota de VTC (conductores asalariados),"Flota de VTC que trabaja con Cabify: contrato indefinido desde el primer día, sueldo fijo y comisiones. En Madrid, Barcelona, Valencia y Sevilla.","C/ Manuel Tovar, 27",28034,Madrid,"Cercanías Ramón y Cajal, a 500 m",,,https://vecttor.es/,https://vecttor.es/hazte-conductor,"Formulario «Conduce con nosotros» de su web; para oficinas, «Trabaja en nuestras oficinas»."
43-movilidad,nueva-applus-itv,ITV y autopistas,renglon,Applus+ ITV (e IDV),,"ITV en Alcobendas, Colmenar Viejo, Getafe, Pinto, San Blas y Vallecas; con la marca IDV, en Fuencarral, Vicálvaro y Majadahonda.",,,,,,,https://www.applusiteuve.com/es-es/,https://applus.epreselec.com/Ofertas/Ofertas.aspx,"Inscripción en su portal de empleo, enlazado desde «Trabaja con nosotros»."
43-movilidad,nueva-autopistas,ITV y autopistas,ficha,Autopistas (Abertis),,Autopistas de peaje del grupo Abertis en España; recibe currículums para las empresas de su red. Sede en Madrid.,"Paseo de la Castellana, 89, planta 9ª",28046,Madrid,"Metro Santiago Bernabéu, a 200 m",,rrhhautopistas@autopistas.com,https://www.autopistas.com/,https://www.autopistas.com/quienes-somos/unete-a-nosotros/,Currículum por correo a rrhhautopistas@autopistas.com.
43-movilidad,nueva-dekra-itv,ITV y autopistas,ficha,DEKRA ITV,,"ITV en Alcobendas, Alcorcón, Boadilla, Getafe, Leganés (2), Paracuellos y Parla; para inspector pide FP de automoción.","Calle Calabozos, 12",28108,Alcobendas,"Metro La Granja, a 550 m",900102762,,https://dekraitv.es/,https://dekraitv.es/trabaja-con-nosotros/,"Ofertas y formulario con currículum en «Trabaja con nosotros», eligiendo estación."
43-movilidad,nueva-comunidad-itv,ITV y autopistas,renglon,Estaciones ITV de la Comunidad de Madrid (listado oficial),página oficial,Lista de todas las estaciones ITV de la región con la empresa que gestiona cada una y su teléfono.,,,,,,,https://www.comunidad.madrid/industria/inspeccion-tecnica-vehiculos-itv,,Sirve para ver qué empresas tienen estación cerca de ti y dirigirte a su página de empleo.
43-movilidad,nueva-seitt,ITV y autopistas,ficha,SEITT,empresa pública,"Sociedad estatal que explota autopistas del Estado, entre ellas las radiales R-2, R-3, R-4 y R-5 y la M-12.","C/ San Bernardo, 107, 1ª planta",28015,Madrid,"Metro Quevedo, a 150 m",915916629,,https://www.seitt.es/,,No publica ofertas en su web; consultas por su formulario de contacto.
43-movilidad,nueva-sgs-itv,ITV y autopistas,ficha,SGS ITV (General de Servicios ITV),,"ITV en Alcalá, Aranjuez, Arganda, Coslada, Getafe, Madrid, Móstoles y Villarejo de Salvanés, según el listado oficial.","Calle Trespaderne, 29, 3ª planta",28042,Madrid,"Metro Alameda de Osuna, a 600 m",913138000,,https://www.serviciositv.es/,https://jobs.smartrecruiters.com/SGS/744000116376347-trabaja-en-itv-de-sgs,"Candidatura en «Trabaja en ITV de SGS», enlazada desde «Trabaja con nosotros» de su web."
43-movilidad,nueva-tuv-rheinland-itv,ITV y autopistas,ficha,TÜV Rheinland ITV,,"ITV en Alcorcón, Fuenlabrada, Leganés, Madrid, Móstoles, Navalcarnero, Navas del Rey, Parla, Rivas y San Sebastián de los Reyes.","Avda. de Burgos, 114, 3ª planta",28050,Madrid,"Metro Ligero Fuente de la Mora, a 850 m",917444500,info@es.tuv.com,https://www.itv-tuvrheinland.es/,https://jobs.tuv.com/es?filter=locations.country%3AEspa%C3%B1a,"Ofertas de España en su portal de empleo, enlazado desde «Bolsa de trabajo»."
43-movilidad,nueva-tuv-sud-itv,ITV y autopistas,renglon,TÜV SÜD ITV (Atisae),,"ITV en Alcalá de Henares, Alcobendas, Arroyomolinos, Fuenlabrada, Las Rozas, Leganés y Madrid, entre otras.",,,,,,,https://www.tuvsud.com/es-es/industrias/movilidad-automocion/inspeccion-tecnica-de-vehiculos/estaciones-itv/comunidad-de-madrid,https://www.tuvsud.com/es-es/trabaja-nosotros,Ofertas en su página «Trabaja con nosotros».
35-mensajeria,nueva-boyaca,Mensajería y paquetería,ficha,Boyacá,,"Transporte expreso nocturno y diurno, última milla y distribución de publicaciones; 77 delegaciones. Central en Loeches.","M-206, km 4,5",28890,Loeches,,918304591,rrhh@boyaca.es,https://boyaca.es/,https://boyaca.es/empleo/,"Formulario «Deja tu currículum», correo a rrhh@boyaca.es u ofertas de su plataforma de selección."
35-mensajeria,nueva-celeritas,Mensajería y paquetería,ficha,Celeritas,,"Paquetería y logística para comercio electrónico en España y Portugal, con red de puntos de recogida. Oficina en Madrid.","C/ San Germán, 39",28020,Madrid,"Metro Tetuán, a 400 m",,,https://celeritastransporte.com/,https://celeritastransporte.com/trabaja-con-nosotros/,Formulario «Trabaja con nosotros» con el currículum adjunto.
35-mensajeria,nueva-ctt-express,Mensajería y paquetería,ficha,CTT Express,,Paquetería y mensajería urgente en España y Portugal. Sede en Coslada.,"Avda. de Europa, 9",28821,Coslada,,,,https://www.cttexpress.com/,,Su web no tiene página de empleo: sus ofertas de repartidor salen en los portales de empleo.
35-mensajeria,nueva-fedex,Mensajería y paquetería,renglon,FedEx,,"Paquetería urgente: conductores de entrega y mensajeros, y operaciones en instalaciones; las ofertas se buscan en su portal de empleo.",,,,,,,https://www.fedex.com/es-es/home.html,https://careers.fedex.com/es/,Inscripción en las ofertas de su portal de empleo (área «Conductores»).
35-mensajeria,nueva-integra2,Mensajería y paquetería,renglon,Logista Parcel (antes Integra2),,"Paquetería industrial del grupo Logista. Formulario propio para conductores: capilares, rígidos, tráileres o profesionales asalariados.",,,,,,,https://www.logistaparcel.com/es/home.html,https://www.logistaparcel.com/es/home/careers/drivers.html,"Formulario «Conductor, ¿le gustaría trabajar con nosotros?» en su web, o contacto con RRHH."
35-mensajeria,nueva-palibex,Mensajería y paquetería,ficha,Palibex,,Red de transporte urgente de mercancía paletizada; su central y su nave están en el polígono de Villaverde.,"C/ Montejo, 4, Polígono Industrial de Villaverde",28021,Madrid,"Metro Villaverde Alto, a 600 m",910774455,,https://www.palibex.com/,https://www.palibex.com/trabaja-con-nosotros/,"Cuestionario de candidatura en su web, que llega a Recursos Humanos."
35-mensajeria,nueva-palletways,Mensajería y paquetería,renglon,Palletways Iberia,,Transporte urgente de mercancía paletizada; su página «Trabaja con nosotros» remite al teléfono para las vacantes de sus redes regionales.,,,,,,,https://www.palletways.com/es/,https://www.palletways.com/es/carrera-profesional/,Consulta de vacantes por teléfono (918772178) según su página de empleo.
35-mensajeria,nueva-rapid-express,Mensajería y paquetería,ficha,Rapid Express,,Mensajería y paquetería urgente con sede en Madrid; empleos en reparto de mensajería y atención al cliente.,"C/ Uruguay, 4",28016,Madrid,,915103360,info@rapidexpress.es,https://www.rapidexpress.es/,https://www.rapidexpress.es/ofertas-de-trabajo/,Currículum por correo a trafico@rapidexpress.es; su página de empleo avisa cuando hay vacantes.
35-mensajeria,nueva-redur,Mensajería y paquetería,ficha,Redur,,Transporte y logística con red propia de delegaciones y distribución farmacéutica. Central en Algete; busca también repartidores autónomos con vehículo.,"Carretera Algete-Madrid, km 2,5",28110,Algete,,916204610,info@redur.es,https://redur.es/,https://redur.es/trabaja-en-redur/,«Envíanos tu CV» en su web; vía aparte para repartidores autónomos con vehículo propio.
35-mensajeria,nueva-sending,Mensajería y paquetería,renglon,Sending,,Transporte urgente y logística del grupo InPost: publica vacantes en sus centros de San Fernando de Henares y Coslada.,,,,,,,https://www.sending.es/,https://www.sending.es/vacantes/,"Formulario de cada vacante, con el currículum."
35-mensajeria,nueva-ups,Mensajería y paquetería,renglon,UPS,,"Paquetería: manipuladores de paquetes en almacén, conductores de reparto y de semirremolque. Su portal de empleo tiene versión en español.",,,,,,,https://www.ups.com/es/es/home,https://www.jobs-ups.com/seu/es,Inscripción en las ofertas de su portal de empleo.
35-mensajeria,nueva-zeleris,Mensajería y paquetería,ficha,Zeleris,,"Transporte y logística del grupo Telefónica: publica ofertas en Madrid (distribución, operaciones, comercial) y admite currículum.",,,,,917074001,,https://www.zeleris.com/,https://www.zeleris.com/trabaja-con-nosotros/,Inscripción en las ofertas de su web o formulario con el currículum en PDF.
35-mensajeria,nueva-gala-conductores,Transporte por carretera,renglon,Gala Conductores,,"Bolsa de empleo gratuita del grupo Gala para conductores profesionales: registro, ofertas con filtros y candidatura desde la web o la app.",,,,,,,https://galaconductores.com/,https://galaconductores.com/candidatos/registro,Registro gratuito e inscripción en las ofertas; las empresas contactan con el candidato.
35-mensajeria,nueva-geodis,Transporte por carretera,ficha,Geodis,,"Transporte por carretera, transitario y logística; agencia de transporte por carretera en Getafe.","C/ Edison, 44, 1ª planta",28906,Getafe,,,,https://geodis.com/es-es,https://geodis.com/es-es/empleo,«Únete a nosotros» lleva a su portal de candidaturas.
35-mensajeria,nueva-moldtrans,Transporte por carretera,ficha,Grupo Moldtrans,,"Transporte internacional por carretera, distribución nacional, aéreo y marítimo; delegación en Madrid.",,,,,916696996,,https://www.moldtrans.com/,https://moldtransempleo.moldtrans.es/jobs,Inscripción en las ofertas de su portal de empleo.
35-mensajeria,nueva-ontruck,Transporte por carretera,renglon,Ontruck,,"Plataforma de cargas para transportistas: se registran autónomos con vehículo propio, flotas y quien conduce el vehículo de otra persona.",,,,,,,https://www.ontruck.com/,https://www.ontruck.com/es/transportistas/registro,"Registro como transportista en su web (tipo de vehículo, ADR, zona de trabajo)."
35-mensajeria,nueva-salvesen,Transporte por carretera,ficha,Salvesen Logística,,Transporte y logística a temperatura controlada para la alimentación. Oficinas centrales en Alcobendas.,"Avda. Doctor Severo Ochoa, 29, 2ª planta (P.E. Casablanca II)",28100,Alcobendas,"Cercanías Valdelasfuentes, a 700 m",916574680,,https://www.salvesenlogistica.com/,https://salvesenlogistica.epreselec.com/Ofertas/Ofertas.aspx?id_idioma=1&id_origen=web+corporativa,«Ofertas de empleo» y «Deja tu CV» en su portal de selección.
35-mensajeria,nueva-tdrjobs,Transporte por carretera,renglon,TDRjobs,,"Portal de empleo para conductores de camión y trabajadores de logística y transporte; cada oferta indica el carné, si pide ADR y la localidad.",,,,,,,https://www.tdrjobs.com/,https://www.tdrjobs.com/es/ofertas-empleo-conductores,Inscripción en las ofertas de su web.
35-mensajeria,nueva-transtaljobs,Transporte por carretera,renglon,TranstalJobs,,"Portal de empleo del transporte: ofertas de conductores, mecánicos de camión y personal de base, con filtro por provincia (Madrid entre ellas).",,,,,,,https://transtaljobs.com/,https://transtaljobs.com/buscar-empleo,Registro como candidato e inscripción en las ofertas.
35-mensajeria,nueva-amazon-dsp,Reparto a domicilio y plataformas,renglon,Amazon: Delivery Service Partner (DSP),,"Amazon no contrata a los repartidores: reparte con empresas asociadas (DSP), que son las que emplean a los conductores. Esta es la página del programa.",,,,,,,https://logistics.amazon.es/,,"Las ofertas de repartidor las publican las empresas DSP en los portales de empleo, no Amazon; el trabajo de almacén está en 12-logistica."
35-mensajeria,nueva-bidafarma,Reparto a domicilio y plataformas,ficha,Bidafarma,,Cooperativa de distribución mayorista de medicamentos; almacenes en el Parque Tecnológico de Leganés y en San Fernando de Henares.,"Avda. de la Innovación, 8-9, Parque Tecnológico | C/ del Mar Tirreno, 7 (28830 San Fernando de Henares)",28919,Leganés,,918310900,madrid@bidafarma.es,https://www.bidafarma.es/,https://bidafarma.epreselec.com/,«Sube tu CV» y ofertas de empleo en su portal de selección.
35-mensajeria,nueva-cofares,Reparto a domicilio y plataformas,ficha,Cofares,,"Cooperativa farmacéutica (servicios a la farmacia, distribución de medicamentos); sus ofertas están en su portal de empleo, con localizador de centros.","C/ Santa Engracia, 31",28010,Madrid,"Metro Alonso Martínez, a 400 m",,,https://www.cofares.es/,https://empleo.cofares.es/,Inscripción en las ofertas de su portal de empleo o en su comunidad de talento.
35-mensajeria,nueva-academia-transportista,Permisos y formación,ficha,Academia del Transportista,centro de formación,"Formación del transporte: CAP inicial y renovación, ADR, carné de camión, carretillas y certificados de profesionalidad; bolsa de empleo gratuita para conductores.","C/ Porto Colón, 6",28924,Alcorcón,"Metro Parque Lisboa, a 150 m",916105970,,https://www.academiadeltransportista.com/,https://www.academiadeltransportista.com/bolsa-de-empleo/,Inscripción en los cursos y registro en la bolsa de empleo desde su web.
35-mensajeria,nueva-autoescuela-2000,Permisos y formación,ficha,Autoescuela 2000,autoescuela,"Permisos C y D y curso CAP en ocho centros de la Comunidad; centro acreditado de formación para el empleo, con ofertas para conductores profesionales.","C/ Guatemala, 5 (entrada por C/ Honduras) | C/ Donoso Cortés, 71 (28015 Madrid) | C/ José Abascal, 31 (28003 Madrid)",28822,Coslada,"Metro La Rambla, a 400 m",916735174,,https://www.autoescuela2000.com/,https://lp.autoescuela2000.com/empleoconductoresprofesionales/,"«Solicita información» en su web, por teléfono o en sus centros."
35-mensajeria,nueva-autoescuela-gala,Permisos y formación,ficha,Autoescuela Gala,autoescuela,"Más de 100 autoescuelas en la Comunidad de Madrid: permisos de camión y tráiler (C, C+E), autobús y CAP; packs de matrícula más prácticas.","C/ Goya, 108",28009,Madrid,"Metro O'Donnell, a 200 m",,,https://autoescuelagala.com/,,Matrícula por su web o en sus sedes (buscador de sedes en la web).
35-mensajeria,nueva-autoescuela-lara,Permisos y formación,ficha,Autoescuela Lara,autoescuela,"Más de 60 centros en la Comunidad de Madrid: permisos C (camión), C+E (tráiler) y D, y cursos de CAP y ADR.","Avenida del Mediterráneo, 41",28007,Madrid,"Metro Conde de Casal, a 50 m",914687133,,https://autoescuelalara.com/,,Matrícula en cualquiera de sus centros; localizador en su web.
35-mensajeria,nueva-autoescuela-villaverde,Permisos y formación,ficha,Autoescuela Villaverde,autoescuela,"Especialistas en permisos de camión, autobús y remolque, cursos CAP y ADR de mercancías peligrosas. En Villaverde.","C/ Alcocer, 45",28021,Madrid,"Cercanías Puente Alcocer, a 100 m",917984884,,https://www.autoescuelavillaverde.com/,,Presencial o por teléfono (el 917984884 es el de CAP y permisos).
35-mensajeria,nueva-autoescuelas-rayo,Permisos y formación,ficha,Autoescuelas Rayo,autoescuela,"Autoescuelas de Vallecas: CAP y permisos C, D y E; su bolsa de empleo recibe candidaturas de conductores profesionales con C, D o E y CAP.","Av. de la Albufera, 110 | Av. de Rafael Alberti, 20 (28018 Madrid) | C/ del Congosto, 8 (28031 Madrid)",28038,Madrid,"Metro Portazgo, a 100 m",913031166,,https://autoescuelasrayo.com/,https://autoescuelasrayo.com/bolsa-empleo-autoescuela-madrid/,Formulario de la bolsa de empleo; matrícula en sus sedes.
35-mensajeria,nueva-cap-remision,Permisos y formación,renglon,CAP: certificado de aptitud profesional (véase el capítulo de transporte de viajeros),página oficial,"Obligatorio para conducir camiones con permiso C1, C o C+E por cuenta de una empresa. Curso de 140 o 280 horas con examen; renovación cada cinco años con 35 horas.",,,,,,,https://www.transportes.gob.es/transporte-terrestre/preguntas-frecuentes-faq/cap,,"Las fichas completas (exámenes de la Comunidad de Madrid, cursos gratuitos del CAP y del permiso C, tacógrafo) están en 20-transporte."
35-mensajeria,nueva-sepe-tmvi0208,Permisos y formación,renglon,Certificado de profesionalidad de conducción de vehículos pesados de mercancías (TMVI0208),página oficial,"Certificado oficial de nivel 2: conducción, mantenimiento de primer nivel, planificación del servicio y carga y descarga. Lo imparten centros acreditados.",,,,,,,https://sede.sepe.gob.es/es/portaltrabaja/resources/pdf/especialidades/TMVI0208.pdf,,Se cursa en centros acreditados; búscalo en los buscadores de cursos gratuitos de 06-formacion.
35-mensajeria,nueva-adr-dgt,Permisos y formación,renglon,DGT: autorización ADR (mercancías peligrosas),página oficial,"Para conducir mercancías peligrosas: permiso B con un año de antigüedad, curso en un centro autorizado y examen en la DGT. Vale cinco años.",,,,,,,https://sede.dgt.gob.es/es/permisos-de-conducir/mercancias-peligrosas/autorizacion-basica-adr/,,Curso ADR básico en un centro autorizado y prueba en la Jefatura de Tráfico.
30-industria,nueva-aurgi,"Automoción: fábricas, talleres y concesionarios",ficha,Aurgi,,"Red de talleres y tiendas de accesorios del automóvil, con centros en Madrid, Leganés, Collado Villalba y Rivas-Vaciamadrid.","Calle de Miguel Yuste, 48, 28037 Madrid | Calle de Rey Pastor, 2, 28914 Leganés | Calle Escofina, 47B, 28400 Collado Villalba",28037,Madrid,"Metro Suanzes, a 500 m",,seleccion@aurgi.com,https://www.aurgi.com/,https://www.aurgi.com/trabaja-con-nosotros,Currículum por correo; el localizador de centros está en «Centros Aurgi».
30-industria,nueva-autofesa,"Automoción: fábricas, talleres y concesionarios",ficha,Autofesa,,"Concesionario de coches de segunda mano con taller: mecánicos/as, peritos tasadores, comerciales, administrativos/as y peones.","Avenida Reina Victoria, 2, Alpedrete (Los Negrales) | Calle Cádiz, 15, 28914 Leganés | Carretera de la Coruña, km 12, 28023 Madrid (Aravaca)",28430,Alpedrete,"Cercanías Los Negrales, a 700 m",918491213,,https://www.autofesa.com/,https://www.autofesa.com/trabaja-con-nosotros,"Currículum en el formulario de su web, eligiendo el puesto."
30-industria,nueva-carglass,"Automoción: fábricas, talleres y concesionarios",renglon,Carglass,,"Cambio y reparación de lunas: más de 220 centros de servicio, unidades móviles y un centro logístico en Ciempozuelos.",,,,,,,https://www.carglass.es/,https://belron.wd3.myworkdayjobs.com/Spain_Carglass_Careers,Inscripción en las ofertas de su portal de empleo.
30-industria,nueva-euromaster,"Automoción: fábricas, talleres y concesionarios",ficha,Euromaster,,"Talleres de neumáticos y mantenimiento. Los puestos que más pide son mecánico/a, responsable de taller y comercial.",,,,,,talento@euromaster.com,https://www.euromaster-neumaticos.es/,https://euromaster.epreselec.com/,Inscripción en las ofertas de su portal o currículum por correo.
30-industria,nueva-grupo-gamboa,"Automoción: fábricas, talleres y concesionarios",renglon,Grupo Gamboa,,"Red de concesionarios y talleres oficiales en Madrid: ofertas de mecánico/a, asesor/a de servicio, preparador/a de vehículos y comercial.",,,,,,,https://www.grupogamboa.com/,https://www.grupogamboa.com/trabaja-con-nosotros,Inscripción en las ofertas de su página «Trabaja con nosotros» o envío del currículum.
30-industria,nueva-itevelesa,"Automoción: fábricas, talleres y concesionarios",renglon,Itevelesa,,"Estaciones de ITV en Las Rozas, Alcobendas, Alcorcón, Coslada, Villaverde… Busca inspectores/as con titulación de automoción.",,,,,,,https://www.itevelesa.com/es,https://www.itevelesa.com/es/contacto/trabaja-con-nosotros,Formulario con currículum en su web; las ofertas concretas salen en su blog.
30-industria,nueva-iveco,"Automoción: fábricas, talleres y concesionarios",renglon,Iveco,,"Fabricante de camiones y furgonetas, con fábrica en Madrid. Las ofertas del grupo se anuncian desde su página de empleo.",,,,,,,https://www.iveco.com/spain/,https://www.ivecogroup.com/careers/join_us,"Desde su página de empleo, que lleva a las ofertas que publica en LinkedIn."
30-industria,nueva-jarmauto,"Automoción: fábricas, talleres y concesionarios",renglon,Jarmauto,,"Concesionario oficial Audi y Volkswagen en Madrid: oficiales de mecánica, asesores/as de servicio posventa y comerciales.",,,,,,,https://www.jarmauto.es/,https://www.jarmauto.es/ofertas-empleo/,Inscripción en sus ofertas o currículum con carta de presentación en el formulario de su web.
30-industria,nueva-mercedes-benz,"Automoción: fábricas, talleres y concesionarios",ficha,Mercedes-Benz España,,Turismos y vehículos comerciales: sede central en Alcobendas.,"Avenida de Bruselas, 30",28108,Alcobendas,"Metro La Moraleja, a 550 m",914846000,,,https://jobs.mercedes-benz.com/en?en=&PositionLocation.Country=%5B508%5D,"Ofertas y currículum en su portal de empleo, filtrado por España; se llega desde «Trabaja con nosotros» de mercedes-benz.es."
30-industria,nueva-michelin,"Automoción: fábricas, talleres y concesionarios",ficha,Michelin,,Neumáticos: dirección comercial de Michelin España Portugal en Tres Cantos.,"Ronda de Poniente, 6",28760,Tres Cantos,"Cercanías Tres Cantos, a 550 m",914105000,,https://www.michelin.es/,https://trabajo.michelin.es/,Inscripción en las ofertas de su portal de empleo.
30-industria,nueva-midas,"Automoción: fábricas, talleres y concesionarios",renglon,Midas,,"Talleres de mantenimiento: mecánicos/as de coches y oficiales. Centros en Madrid, Alcobendas, Fuenlabrada y Alcalá de Henares, entre otros.",,,,,,,https://www.midas.es/,https://www.empleomidas.es/,"Inscripción en las vacantes de su portal de empleo, que se pueden ver por centro."
30-industria,nueva-norauto,"Automoción: fábricas, talleres y concesionarios",renglon,Norauto,,"Autocentros: mecánicos/as de automóvil, jefes/as de taller y vendedores/as. Su portal ordena las ofertas por provincia, Madrid incluida.",,,,,,,https://www.norauto.es/,https://norautospain-recrute.talent-soft.com/,Inscripción en una oferta o candidatura espontánea en su portal de empleo.
30-industria,nueva-stellantis,"Automoción: fábricas, talleres y concesionarios",renglon,Stellantis,,Fabricante de automóviles. Reúne en un solo portal las ofertas de empleo de todo el grupo.,,,,,,,https://www.stellantis.com/,https://careers.stellantis.com/es/,Inscripción en las ofertas de su portal de empleo.
30-industria,nueva-airbus,Industria y fabricación,renglon,Airbus,,"Aeronáutica. En Getafe tiene su sede en España y un centro de producción; contrata operarios/as (blue collar), técnicos/as e ingeniería.",,,,,,,https://www.airbus.com/,https://ag.wd3.myworkdayjobs.com/Airbus,Inscripción en las ofertas de su portal de empleo.
30-industria,nueva-alstom,Industria y fabricación,ficha,Alstom,,Fabricante ferroviario: centros tecnológicos en Madrid y un centro industrial en Pinto para reparar equipos y componentes.,"Calle Martínez Villergas, 49, edificio V",28027,Madrid,"Metro Parque de las Avenidas, a 750 m",913345800,,https://www.alstom.com/es/alstom-en-espana,https://jobsearch.alstom.com/,"Inscripción en las ofertas de su buscador de empleo, filtrando por España."
30-industria,nueva-farmasierra,Industria y fabricación,ficha,Grupo Farmasierra,,"Grupo farmacéutico de San Sebastián de los Reyes: I+D, fabricación, comercialización y distribución de medicamentos.","Carretera de Irún, km 26,200",28706,San Sebastián de los Reyes,,916570659,,https://www.farmasierra.com/,https://www.farmasierra.com/trabaja-con-nosotros/,Envío del currículum desde el formulario de su web; lo guardan para cuando haya vacante.
30-industria,nueva-insud-pharma,Industria y fabricación,ficha,Insud Pharma,,Fabricación de principios activos y medicamentos para salud humana y animal. Sede en Madrid y 21 plantas industriales.,"Calle Manuel Pombo Angulo, 28, 3ª planta",28050,Madrid,,917711500,seleccion@insudpharma.com,https://www.insudpharma.com/,https://jobs.insudpharma.com/,Inscripción en las ofertas de su portal de empleo o currículum por correo.
30-industria,nueva-italfarmaco,Industria y fabricación,ficha,Italfarmaco,,Laboratorio farmacéutico con planta en el polígono industrial de Alcobendas; publica ofertas de técnico/a de producción.,"San Rafael, 3, Polígono Industrial",28108,Alcobendas,"Metro La Granja, a 300 m",916572323,,https://www.italfarmaco.es/,https://www.italfarmaco.es/trabaja-con-nosotros/,"Inscripción en las ofertas de su web, que llevan a LinkedIn."
30-industria,nueva-itp-aero,Industria y fabricación,renglon,ITP Aero,,Motores aeronáuticos: fabricación y mantenimiento (MRO). Su web sitúa una de sus plantas en Ajalvir.,,,,,,,https://www.itpaero.com/,https://careers.itpaero.com/,Inscripción en las ofertas de su portal de empleo.
30-industria,nueva-john-deere,Industria y fabricación,ficha,John Deere Ibérica,,"Fábrica de componentes para maquinaria agrícola en Getafe: producción, ingeniería, logística y suministros.","Carr. Madrid - Toledo, km 12,200",28905,Getafe,,,,https://www.deere.es/es-es/,https://www.deere.es/es-es/nuestra-empresa/carreras-profesionales,"Inscripción en su portal de empleo en línea, desde «Carreras profesionales»."
30-industria,nueva-loreal,Industria y fabricación,renglon,L'Oréal,,Cosmética: oficinas centrales de L'Oréal España en Madrid; su fábrica está en Burgos.,,,,,,,https://www.loreal.com/es-es/espana/,https://www.loreal.com/en/careers/limitless-opportunities-for-you/,Inscripción en las ofertas de su portal de empleo.
30-industria,nueva-normon,Industria y fabricación,ficha,Normon,,"Laboratorio farmacéutico (genéricos, hospitales, dental) con sede y dos centros en Tres Cantos.","Ronda de Valdecarrizo, 6 | Avenida de los Artesanos, 28, 28760 Tres Cantos",28760,Tres Cantos,,918065240,info@normon.com,https://www.normon.com/,https://trabajaconnosotros.normon.com/,Inscripción en las ofertas de su portal de empleo.
30-industria,nueva-procter-gamble,Industria y fabricación,renglon,Procter & Gamble,,"Productos de gran consumo (higiene, limpieza, cuidado personal); oficinas en Alcobendas, sin fábrica en Madrid.",,,,,,,https://es.pg.com/,https://www.pgcareers.com/eu/en,Inscripción en las ofertas de su portal europeo de empleo.
30-industria,nueva-rovi,Industria y fabricación,ficha,Rovi,,Farmacéutica con plantas de inyectables en Madrid y San Sebastián de los Reyes y otra de formas sólidas y empaquetado en Alcalá de Henares.,"Calle José Isbert, 2",28223,Pozuelo de Alarcón,"Metro Ligero José Isbert, a 50 m",910213000,rovi@rovi.es,https://www.rovi.es/,https://rovi.wd3.myworkdayjobs.com/es/ROVI_Careers,Envío del currículum e inscripción en ofertas desde su portal de empleo.
30-industria,nueva-siemens,Industria y fabricación,renglon,Siemens,,"Tecnología industrial, automatización y transporte. Reúne en un buscador todas sus vacantes.",,,,,,,https://www.siemens.com/es-es/,https://jobs.siemens.com/es_ES/externaljobs,Inscripción en las ofertas de su buscador de empleo.
30-industria,nueva-tk-elevator,Industria y fabricación,renglon,TK Elevator,,"Ascensores y escaleras mecánicas: técnicos/as de servicio, instalación y mantenimiento, ingeniería y prácticas.",,,,,,,https://www.tkelevator.com/es-es/,https://jobs.tkelevator.com/es,Inscripción en las ofertas de su buscador de empleo.
30-industria,nueva-tecnicas-reunidas,Industria y fabricación,ficha,Técnicas Reunidas,,Ingeniería y construcción de plantas industriales y de energía; sede en Madrid y centro en San Fernando de Henares.,"Avenida de Burgos, 89",28050,Madrid,,915920300,empleo@tecnicasreunidas.es,https://www.tecnicasreunidas.es/,https://www.tecnicasreunidas.es/careers/,Registro del currículum y ofertas en su sección de empleo; tiene programa de prácticas para recién titulados.
12-logistica,nueva-carreras,Operadores logísticos,renglon,Carreras Grupo Logístico,,"Logística, paletería y transporte: publica ofertas de conductor y admite currículum con destino Madrid.",,,,,,,https://www.grupocarreras.com/,https://www.grupocarreras.com/ofertas-de-empleo/,"Ofertas en su web y formulario «Envía tu currículum», donde se elige Madrid como destino."
12-logistica,nueva-dachser,Operadores logísticos,ficha,Dachser,,Transporte y logística. Sede en Coslada.,"Avda. Europa, 1",28821,Coslada,,916606578,,https://www.dachser.es/,https://careers.dachser.com/dachser_europe/?locale=es_ES,Inscripción en las vacantes de su portal de empleo.
12-logistica,nueva-dhl,Operadores logísticos,renglon,DHL,,"Empleos en almacén, de conductor y de repartidor; su portal tiene página propia de Madrid, con ofertas también en Barajas.",,,,,,,https://careers.dhl.com/eu/es,https://careers.dhl.com/eu/es/dhl-madrid,"Inscripción en su portal de empleo, en la página de Madrid."
12-logistica,nueva-dsv,Operadores logísticos,renglon,DSV,,"Transporte y logística: operarios de almacén, carretilleros, camioneros y operativos de tráfico. Publica ofertas en Madrid.",,,,,,,https://www.dsv.com/es-es,https://www.dsv.com/es-es/empleo/ofertas-de-empleo,Inscripción en las ofertas de su portal de empleo.
12-logistica,nueva-fm-logistic,Operadores logísticos,ficha,FM Logistic,,"Almacenaje, manipulación, copacking y transporte. Centro en San Fernando de Henares.","C/ de los Tapiceros, 1, puerta I",28830,San Fernando de Henares,,,,https://www.fmlogistic.es/,https://www.fmlogistic.es/carrera/aplicar/,Inscripción en las ofertas de su portal de empleo.
12-logistica,nueva-id-logistics,Operadores logísticos,ficha,ID Logistics,,"Operador logístico: carretilleros, operarios de almacén, jefes de equipo y conductores. Sede en Alcalá de Henares.","C/ Buenos Aires, 10, Polígono Industrial Camporroso",28806,Alcalá de Henares,,,,https://www.id-logistics.com/es/,https://talent.id-logistics.es/,Inscripción en las ofertas de su portal de empleo.
12-logistica,nueva-kuehne-nagel,Operadores logísticos,ficha,Kuehne+Nagel,,"Transporte aéreo, marítimo y terrestre, almacenamiento y distribución. Centro en Madrid-Barajas.","Av. Central, 34",28042,Madrid,,912443600,,https://www.kuehne-nagel.com/es,https://jobs.kuehne-nagel.com/global/en,Inscripción en las ofertas de su portal de empleo (en inglés).
12-logistica,nueva-logista,Operadores logísticos,ficha,Logista,,Distribución y logística. Sede central en el polígono Polvoranca de Leganés.,"C/ Trigo, 39, Polígono Industrial Polvoranca",28914,Leganés,,914819800,,https://www.logista.com/,https://www.logistajoinus.com/,"Registro en su portal de empleo, donde se ven las ofertas y se deja el currículum."
12-logistica,nueva-luis-simoes,Operadores logísticos,ficha,Luís Simões,,Transporte y logística: mozos de almacén y carretilleros. Plataforma en Daganzo y operaciones en San Sebastián de los Reyes.,"C/ Pedro Duque, 1, 28814 Daganzo de Arriba | Ctra. Nacional 1, km 23,200, 28700 San Sebastián de los Reyes",28814,Daganzo de Arriba,,918782450,,https://www.luis-simoes.com/es/,https://luis-simoes.epreselec.com/Ofertas/Ofertas.aspx?id_origen=web+corporativa,Inscripción en las ofertas de su portal de empleo.
12-logistica,nueva-ontime,Operadores logísticos,ficha,Ontime,,"Paquetería y paletería, carga completa y logística. Oficina central en Madrid.","Av. Marconi, 1",28021,Madrid,"Cercanías San Cristóbal Industrial, a 500 m",,,https://ontime.es/,https://ontime.es/empleo-2/,Página de empleo en su web.
12-logistica,nueva-primafrio,Operadores logísticos,ficha,Primafrio,,Transporte frigorífico por carretera: conductores de ruta nacional e internacional. Base en Pinto.,"Calle Carpinteros, 2",28320,Pinto,,,,https://www.primafrio.com/,https://www.primafrio.com/trabajo/,"Formulario de su página de trabajo, con uno específico para conductores."
12-logistica,nueva-sese,Operadores logísticos,renglon,Sesé,,"Logística, transporte terrestre y servicios industriales. Su portal de empleo filtra por Madrid y por Coslada.",,,,,,,https://gruposese.com/,https://empleo.gruposese.com/,Inscripción en las ofertas de su portal de empleo.
12-logistica,nueva-stef,Operadores logísticos,ficha,STEF,,"Transporte y logística de alimentos a temperatura controlada. Puestos en Torrejón de Ardoz, Alcalá de Henares, Getafe y San Agustín del Guadalix.","Calle Torrejón, 28, P.I. Las Fronteras",28850,Torrejón de Ardoz,"Cercanías Torrejón de Ardoz, a 850 m",916778148,,https://www.stef.com/espana/,https://stef.jobs/es/,Ofertas y candidatura espontánea en su portal de empleo.
12-logistica,nueva-correos,Paquetería y reparto,renglon,Correos,empresa pública,Empresa pública postal. Se entra por procesos de ingreso y bolsas de empleo.,,,,,,,https://www.correos.com/personas-y-talento/,https://empleo.correos.com/,Convocatorias y ofertas en su portal de empleo; hay que inscribirse dentro del plazo de cada proceso.
12-logistica,nueva-correos-express,Paquetería y reparto,renglon,Correos Express,empresa pública,"Paquetería urgente del grupo Correos. Publica ofertas, también de perfil operativo, con sus bases.",,,,,,,https://www.correosexpress.es/,https://www.correosexpress.es/es/sobre-correos-express/trabaja-con-nosotros,Ofertas en la página «Trabaja con nosotros» de su web; lee antes las bases de los procesos.
12-logistica,nueva-gls,Paquetería y reparto,renglon,GLS Spain,,"Paquetería. Publica vacantes en Madrid (procesamiento de paquetes, atención al cliente) y tiene vía aparte para repartidores.",,,,,,,https://gls-group.com/ES/es/home/,https://candidate.hr-manager.net/vacancies/list.aspx?customer=gls-group_tr&mediaid=4644&uiculture=es&nocookies=true,"Inscripción en las vacantes de su portal; los repartidores, por el formulario «Quiero ser repartidor/a»."
12-logistica,nueva-inpost,Paquetería y reparto,renglon,InPost,,Paquetería y taquillas. Ofertas de operaciones en su almacén de San Fernando de Henares; también centro en Coslada.,,,,,,,https://www.inpost.es/,https://careers.inpost.es/,Inscripción en las ofertas de su portal de empleo.
12-logistica,nueva-mrw,Paquetería y reparto,ficha,MRW,,Transporte urgente. Admite currículum de asalariados y tiene otra vía para autónomos y empresas de reparto.,"C/ Holanda, 1",28821,Coslada,,918296689,,https://www.mrw.es/,https://www.mrw.es/trabaja_con_nosotros/index.asp,Formulario «Enviar mi CV» de su web.
12-logistica,nueva-nacex,Paquetería y reparto,renglon,Nacex,,"Mensajería y paquetería urgente. Bolsa de trabajo por provincia, con Madrid entre ellas.",,,,,,,https://www.nacex.com/,https://www.nacex.com/irContactenosBolsaTrabajo.do,"Formulario de bolsa de trabajo de su web: provincia, formación, experiencia y puestos a los que optas."
12-logistica,nueva-paack,Paquetería y reparto,renglon,Paack,,"Reparto de paquetería: mozos de almacén, responsables de turno y supervisores. Madrid y San Fernando de Henares entre sus ubicaciones.",,,,,,,https://paack.co/es/,https://careers.paack.co/jobs,Inscripción en las vacantes de su portal de empleo.
12-logistica,nueva-seur,Paquetería y reparto,ficha,SEUR,,"Paquetería y mensajería. Su página de empleo se dirige, entre otros, a repartidores.","Carretera de Villaverde a Vallecas, 257",28031,Madrid,,,,https://www.seur.com/,https://www.seur.com/es/compania/trabaja-con-nosotros/,«Consultar ofertas» o «Enviar CV» en su portal de empleo.
12-logistica,nueva-tipsa,Paquetería y reparto,ficha,TIPSA,,"Paquetería urgente: clasificadores, carretilleros, conductores, mensajeros y atención al cliente. Sede en San Fernando de Henares.","Calle del Mar Egeo, 1",28830,San Fernando de Henares,,,seleccion.personal@tip-sa.com,https://www.tip-sa.com/es,https://www.tip-sa.com/es/bolsa-trabajo,Formulario de bolsa de trabajo de su web o currículum por correo.
12-logistica,nueva-amazon-operaciones,Comercio electrónico y distribución,renglon,Amazon (operaciones),,"Mozo o moza de almacén en Alcalá de Henares, San Fernando de Henares, Coslada y Getafe; parte de las ofertas van por ETT.",,,,,,,https://www.amazon.jobs/es/,https://www.amazon.jobs/content/es/teams/fulfillment-and-operations/spain,"Inscripción en la oferta de cada centro, en la página de empleos de almacén en España."
12-logistica,nueva-glovo,Comercio electrónico y distribución,renglon,Glovo,,"Reparto a domicilio con contrato laboral indefinido de 10, 20 o 30 horas semanales. Hace falta vehículo propio y móvil.",,,,,,,https://glovoapp.com/es/es,https://es.rider.glovoapp.com/,"Registro en su web de repartidores: formulario, documentos, firma del contrato y curso de prevención."
12-logistica,nueva-just-eat,Comercio electrónico y distribución,renglon,Just Eat,,"Reparto de comida a domicilio con contrato fijo, con moto propia o de empresa. Hay que tener 18 años.",,,,,,,https://www.just-eat.es/,https://www.just-eat.es/repartidor/,Solicitud en su página de repartidores.
12-logistica,nueva-uber-eats,Comercio electrónico y distribución,renglon,Uber Eats,,Reparto de comida a domicilio en Madrid. Se trabaja contratado por una de sus flotas colaboradoras.,,,,,,,https://www.uber.com/es/es-es/deliver/,https://www.uber.com/es/es-es/deliver/,"Registro en su web; después contacta contigo la flota, que es la que contrata."
20-transporte,nueva-aisa,Autobús urbano e interurbano,ficha,AISA,,Autobuses interurbanos y urbanos: conductores profesionales y mecánicos. Sede en Valdemoro.,"C/ Miguel Servet, 8, P.I. Rompecubas",28341,Valdemoro,,918752018,aisa@aisa-grupo.com,https://www.aisa-grupo.com/,https://www.aisa-grupo.com/trabaja-con-nosotros/,Ofertas y autocandidatura en la página «Trabaja con nosotros» de su web.
20-transporte,nueva-alsa,Autobús urbano e interurbano,renglon,ALSA,,"Autobuses interurbanos y de largo recorrido: conductores, mecánicos, técnicos de operaciones y formadores.",,,,,,,https://www.alsa.es/,https://www.careers.alsa.com/nuestras-ofertas,Inscripción en las ofertas de su portal de empleo.
20-transporte,nueva-arriva,Autobús urbano e interurbano,ficha,Arriva Madrid,,Autobuses interurbanos de la Comunidad de Madrid. Sede en Alcorcón.,"C/ Fraguas, 27, Pol. Ind. Urtinsa (acceso por Ebanistas, 47)",28923,Alcorcón,"Metro Puerta del Sur, a 800 m",916416011,,https://arriva.es/es/madrid,https://jobs.arriva.es/,Ofertas y envío de currículum en su canal de empleo.
20-transporte,nueva-avanza,Autobús urbano e interurbano,ficha,Avanza,,"Autobuses urbanos e interurbanos; en Madrid, centros en Coslada, Getafe, Pozuelo y Collado Villalba.","C/ San Norberto, 48",28021,Madrid,"Cercanías Villaverde Alto, a 600 m",916021900,,https://avanzagrupo.com/,https://avanzagrupo.com/trabaja-con-nosotros/,Ofertas y candidatura espontánea en su portal de selección.
20-transporte,nueva-big-bus,Autobús urbano e interurbano,renglon,Big Bus Tours Madrid,,Autobús turístico descapotable de Madrid.,,,,,,,https://www.bigbustours.com/es/madrid/autobus-turistico-madrid,https://www.bigbustours.com/es/madrid/ofertas-de-empelo,Botón «Aplicar ahora» de su página de ofertas de empleo.
20-transporte,nueva-empresa-boadilla,Autobús urbano e interurbano,ficha,Empresa Boadilla,,Autobuses interurbanos entre Madrid y Boadilla del Monte.,"Ctra. M-511, km 8,5",28660,Boadilla del Monte,,916331300,info@empresaboadilla.com,https://www.empresaboadilla.com/,https://www.empresaboadilla.com/empleo,"Vacantes en la página de empleo de su web, cuando las hay."
20-transporte,nueva-empresa-martin,Autobús urbano e interurbano,ficha,Empresa Martín,,Autobuses interurbanos de la Comunidad de Madrid. Sede en Leganés.,"C/ Torres Quevedo, 3, Polígono Industrial de Leganés",28914,Leganés,,916886333,,https://empresamartin.com/,https://empresamartin.com/conocenos/unete-al-equipo/,"Currículum por el formulario «Únete al equipo» de su web, indicando tu actividad."
20-transporte,nueva-empresa-ruiz,Autobús urbano e interurbano,ficha,Empresa Ruiz,,Autobuses interurbanos de la Comunidad de Madrid. Sede en Madrid.,"Ronda de Atocha, 12",28012,Madrid,"Metro Estación del Arte, a 400 m",914680850,,https://empresaruiz.com/,https://empresaruiz.com/conocenos/unete-al-equipo/,"Currículum por el formulario «Únete al equipo» de su web, indicando tu actividad."
20-transporte,nueva-emt-fuenlabrada,Autobús urbano e interurbano,ficha,EMT Fuenlabrada,empresa municipal,Autobuses urbanos de Fuenlabrada. Publica las bases y los plazos de sus procesos de selección y bolsas de conductores.,"C/ Eduardo Torroja, 48",28946,Fuenlabrada,"Metro Parque de los Estados, a 650 m",916975212,,https://emtf.es/,https://emtf.es/sede-electronica/trabaja-con-nosotros/,"Solicitud dentro del plazo de cada proceso, según sus bases."
20-transporte,nueva-emt,Autobús urbano e interurbano,renglon,EMT Madrid,empresa municipal,"Autobuses urbanos de Madrid. Personal de conducción por convocatoria: permiso D, CAP, ESO y experiencia; cuatro fases.",,,,,,,https://www.emtmadrid.es/,https://www.emtmadrid.es/Empresa/Empleo?lang=es-ES,"Inscripción telemática en la convocatoria, dentro de plazo, en la página de empleo de su web."
20-transporte,nueva-esteban-rivas,Autobús urbano e interurbano,ficha,Esteban Rivas,,"Autocares: conductores para rutas escolares y de fábricas, servicios discrecionales y transfers. También mudanzas.","C/ Eratóstenes, 15, Polígono Industrial San Marcos",28906,Getafe,,916937711,,https://estebanrivas.es/,https://estebanrivas.es/nosotros/trabaja-con-nosotros/,Currículum en PDF por el formulario de su web.
20-transporte,nueva-interbus,Autobús urbano e interurbano,ficha,Interbús,,"Autobuses interurbanos: personal de conducción, de taller, de operaciones y de administración. Sede en San Sebastián de los Reyes.","C/ Gomera, 4",28703,San Sebastián de los Reyes,"Metro Hospital Infanta Sofía, a 800 m",,,https://grupointerbus.com/,https://empleo.grupointerbus.com/,"Ofertas y candidatura espontánea, por tipo de puesto, en su portal de empleo."
20-transporte,nueva-metro-madrid,"Metro, tren y otros",renglon,Metro de Madrid,empresa pública,"Convocatorias con número de plazas y plazo de inscripción: maquinista de tracción eléctrica, jefe de sector, oficiales y técnicos.",,,,,,,https://www.metromadrid.es/es,https://www.metromadrid.es/es/empleo-metro,"Inscripción en la convocatoria abierta, dentro de plazo, en la página de empleo de su web."
20-transporte,nueva-mlo,"Metro, tren y otros",ficha,Metro Ligero Oeste,,Metro ligero de Pozuelo de Alarcón y Boadilla del Monte.,"C/ Edgar Neville, 9",28223,Pozuelo de Alarcón,"Metro Ligero Cocheras, a 150 m",,,https://www.metroligero-oeste.es/,https://www.metroligero-oeste.es/trabajar-en-mlo,Registro y envío del currículum en la página «Trabajar en MLO» de su web.
20-transporte,nueva-ouigo,"Metro, tren y otros",ficha,Ouigo,,"Trenes de alta velocidad entre Madrid, Barcelona, Valencia, Zaragoza, Alicante y otras ciudades; sede en Madrid.","Calle Alfonso XII, 62",28014,Madrid,"Cercanías Atocha, a 200 m",,,https://www.ouigo.com/es/,https://www.ouigo.com/es/trabaja-con-nosotros,"Inscripción en las ofertas de su portal, enlazado desde «Únete al equipo»."
20-transporte,nueva-renfe,"Metro, tren y otros",renglon,Renfe,empresa pública,Operadora pública de trenes. Explica qué hace falta para entrar y publica sus procesos en un portal de empleo propio.,,,,,,,https://grupo.renfe.com/es/es/empleo-y-talento/empleo,https://empleo.renfe.com/,Convocatorias en su portal de empleo.
20-transporte,nueva-taxi-madrid,"Metro, tren y otros",renglon,Taxi: permiso municipal de conductor (Ayuntamiento de Madrid),página oficial,"Qué hace falta para conducir un taxi en Madrid: examen municipal, cómo prepararlo y pasos siguientes si resultas apto.",,,,,,,https://www.madrid.es/portales/munimadrid/es/Inicio/Movilidad-y-transportes/Examen-del-taxi/?vgnextfmt=default&vgnextoid=ac7e76ae2e7a7810VgnVCM1000001d4a900aRCRD&vgnextchannel=220e31d3b28fe410VgnVCM1000000b205a0aRCRD,,"Solicitud del examen en la sede electrónica del Ayuntamiento; aprobado, se pide el permiso municipal."
20-transporte,nueva-vtc-madrid,"Metro, tren y otros",renglon,VTC: pruebas para conductor (Comunidad de Madrid),página oficial,Requisitos y examen para conducir un VTC: permiso B con dos años y figurar en la plantilla de la empresa titular.,,,,,,,https://www.comunidad.madrid/transporte/pruebas-conductor-vtc,,Solicitud de acceso a la prueba en la sede electrónica de la Comunidad de Madrid.
20-transporte,nueva-cap-examenes-madrid,Permisos y formación,renglon,Comunidad de Madrid: exámenes del CAP,página oficial,"Pruebas para obtener el CAP: seis convocatorias al año, para residentes que hayan acabado el curso de cualificación inicial.",,,,,,,https://www.comunidad.madrid/servicios/transporte/pruebas-aptitud-profesional-conductores,,"Solicitud en la sede electrónica de la Comunidad, en el plazo de cada convocatoria."
20-transporte,nueva-ayudas-cap-permisos,Permisos y formación,renglon,Comunidad de Madrid: formación gratuita para el CAP y los permisos C y D (2026-2027),página oficial,Cursos subvencionados del CAP y del permiso C o D para demandantes de empleo con permiso B; mayores de 24 años para el D.,,,,,,,https://sede.comunidad.madrid/ayudas-becas-subvenciones/formacion-cap-permisos-c-d,,La subvención la piden los centros de formación; tú te apuntas al curso estando inscrito como demandante de empleo.
20-transporte,nueva-tacografo-madrid,Permisos y formación,renglon,Comunidad de Madrid: tarjeta de tacógrafo digital,página oficial,"Tarjeta de conductor para el tacógrafo, para profesionales que residen en la Comunidad de Madrid. Vale cinco años.",,,,,,,https://sede.comunidad.madrid/autorizaciones-licencias-permisos-carnes/tarjeta-tacografo-digital,,"Solicitud electrónica con certificado o DNI electrónico, previo pago de la tasa."
20-transporte,nueva-dgt-permisos,Permisos y formación,renglon,DGT: clases de permisos de conducir,página oficial,"Qué autoriza a conducir cada permiso y con qué edad. El D, vehículos de más de ocho pasajeros; el D1, hasta 16.",,,,,,,https://www.dgt.es/nuestros-servicios/permisos-de-conducir/clases-de-permisos-de-conducir/,,Página informativa; el examen se prepara y se solicita por autoescuela o por libre.
20-transporte,nueva-cap-ministerio,Permisos y formación,renglon,Ministerio de Transportes: preguntas sobre el CAP,página oficial,"Qué es el CAP, cuándo hace falta, cursos de 140 o 280 horas con examen y renovación cada cinco años con 35 horas.",,,,,,,https://www.transportes.gob.es/transporte-terrestre/preguntas-frecuentes-faq/cap,,"Página informativa; los cursos se hacen en centros autorizados y el examen, en tu comunidad autónoma."
13-limpieza,nueva-acciona-facility,Grandes empresas de servicios,renglon,Acciona Facility Services,,"Limpieza e higienización, mantenimiento y procesos auxiliares para industria, hospitales y edificios.",,,,,,,https://www.acciona.com/es/facility-services,https://www.acciona.com/es/nuestro-proposito/trabaja-con-nosotros/ofertas-empleo,Inscripción en las ofertas de empleo de Acciona.
13-limpieza,p67-05,Grandes empresas de servicios,ficha,Clece,,"Limpieza de edificios, servicios auxiliares y atención a personas en centros públicos y privados.","C/ Quintanavides, 19, edificio 4 | Avda. de Manoteras, 46 bis, 2.ª planta, 28050 Madrid",28050,Madrid,,917459100,,https://clece.es/,https://canaldeempleo.es/CLECE,Inscripción en las ofertas de su portal de empleo.
13-limpieza,nueva-eulen-limpieza,Grandes empresas de servicios,ficha,Eulen,,"Limpieza, servicios auxiliares, mantenimiento y seguridad.","C/ Gobelas, 29",28023,Madrid,,900355366,,https://www.eulen.com/es/servicios/limpieza/,https://www.eulen.com/es/unete-a-nosotros/,"Inscripción en su portal de empleo, donde se dejan los datos y el currículum."
13-limpieza,nueva-grupo-osga,Grandes empresas de servicios,ficha,Grupo Osga,centro especial de empleo,Limpieza y servicios auxiliares con personas con discapacidad.,"C/ Medea, 4, 4.º B",28037,Madrid,"Metro Suanzes, a 350 m",910885889,,https://grupoosga.com/,https://grupoosga.com/job/,Ofertas en el apartado «Únete a nosotros» de su web.
13-limpieza,nueva-sagital,Grandes empresas de servicios,ficha,Grupo Sagital,,"Facility services, seguridad privada y mantenimiento.","C/ Sánchez Pacheco, 87",28002,Madrid,"Metro Alfonso XIII, a 100 m",913830720,,https://www.gruposagital.com/,,"Ofertas en Indeed, enlazadas desde su web."
13-limpieza,nueva-grupo-sifu,Grandes empresas de servicios,ficha,Grupo SIFU,centro especial de empleo,"Facility services con plantilla de personas con discapacidad: limpieza, auxiliares y jardinería.","C/ Luis I, 7",28031,Madrid,,900447447,,https://www.gruposifu.com/,https://www.gruposifu.com/empleo,Ofertas y envío de currículum en el apartado «Empleo» de su web.
13-limpieza,nueva-ilunion-facility,Grandes empresas de servicios,ficha,Ilunion Servicios,,"Limpieza comercial, higiénica e industrial, jardinería, mantenimiento y seguridad.",,,,,913278500,,https://www.ilunionservicios.com/es,https://www.ilunion.com/es/unete-al-equipo,Inscripción en las ofertas del grupo Ilunion («Únete al equipo»).
13-limpieza,nueva-integra-cee,Grandes empresas de servicios,ficha,Integra CEE,centro especial de empleo,"Servicios auxiliares, limpieza, mantenimiento y logística con personas con discapacidad.","C/ Cabeza Mesada, 5, planta 4",28031,Madrid,"Metro Sierra de Guadalupe, a 750 m",913588033,info@integracee.es,https://integracee.es/,https://canaldeempleo.es/INTEGRACEE,Inscripción en las ofertas de su portal de empleo.
13-limpieza,nueva-iss-limpieza,Grandes empresas de servicios,renglon,ISS,,"Facility services: limpieza, servicios auxiliares y mantenimiento de espacios de trabajo.",,,,,,,https://www.es.issworld.com/,https://www.es.issworld.com/trabajar-en-iss/oportunidades-de-empleo,Ofertas en el apartado «Oportunidades de empleo» de su web.
13-limpieza,nueva-limcamar,Grandes empresas de servicios,ficha,Limcamar,,"Limpieza, mantenimiento y servicios auxiliares, con delegaciones en toda España.","C/ Bahía de Pollensa, 11, 2.º B",28042,Madrid,,913068890,,https://limcamar.es/,https://portal.limcamar.es/trabaja-con-limcamar/,Portal de empleo «Trabaja con Limcamar».
13-limpieza,nueva-mitie,Grandes empresas de servicios,ficha,Mitie,,"Limpieza, servicios auxiliares, control de accesos, mantenimiento y seguridad.","C/ Juan Ignacio Luca de Tena, 8, 1.ª planta",28027,Madrid,,608197086,,https://mitie.es/,https://mitie.es/empleo/,"Ofertas en InfoJobs, Infoempleo e Indeed, enlazadas desde su página de empleo."
13-limpieza,nueva-multianau,Grandes empresas de servicios,ficha,MultiAnau,,"Limpieza, mantenimiento, control de plagas, servicios auxiliares y jardinería.","C/ Oficio, 6 (pol. ind. Los Olivos)",28906,Getafe,,917109450,cv@multianau.com,https://www.multianau.com/,https://www.multianau.com/trabaja-con-nosotros/,Apartado «Trabaja con nosotros» de su web o currículum por correo.
13-limpieza,nueva-onet,Grandes empresas de servicios,ficha,Onet,,"Limpieza, mantenimiento y gestión de instalaciones; limpieza de hospitales.","C/ Santa Leonor, 65",28037,Madrid,"Metro Simancas, a 600 m",,,https://onet.es/,https://onet.career.velorahr.com/onet-135,Ofertas en el apartado «Trabaja con nosotros» de su web.
13-limpieza,nueva-optima-facility,Grandes empresas de servicios,ficha,Optima,,"Facility management: limpieza, mantenimiento y servicios auxiliares.",,,,,918273568,,https://optimagrupo.com/,https://optimagrupo.com/portal-empleo/,Portal de empleo de su web.
13-limpieza,nueva-samsic,Grandes empresas de servicios,ficha,Samsic,,"Limpieza, recepción, servicios auxiliares y facility management.","C/ Arturo Soria, 97",28027,Madrid,,915421239,hola@samsic.es,https://www.samsic.es/,https://www.samsic.es/ofertas-de-empleo/,"Inscripción en las ofertas de su web, con filtro por ciudad."
13-limpieza,p68-03,Grandes empresas de servicios,ficha,Serveo,,"Servicios integrales: mantenimiento, limpieza y gestión de edificios para empresas y administraciones.","C/ Quintanavides, 21, edificio 5 | Paseo de las Delicias, 20, planta 4, Madrid | C/ Río Genil, 9, 28906 Getafe",28050,Madrid,"Metro Ligero Palas de Rey, a 850 m",913388300,,https://www.serveo.com/,https://www.serveo.com/talento,Ofertas en el apartado «Talento» de su web.
13-limpieza,nueva-team-service,Grandes empresas de servicios,ficha,Team Service,,"Grupo de limpieza, mantenimiento, jardinería, conserjería y vigilancia, con oficinas centrales en Madrid; busca limpiadores, jardineros y auxiliares.","C/ Inocencio Fernández, 81, 2.º A",28035,Madrid,,917320593,info@team-service.es,https://www.team-service.es/,https://trabajo.team-service.es/empleo,"Formulario de candidatura de su portal de empleo: datos personales, documentación y unas preguntas de valoración."
13-limpieza,nueva-aldaba-cee,Empresas de limpieza,ficha,Aldaba CEE,centro especial de empleo,Limpieza de oficinas con plantilla de personas con discapacidad.,"Avda. Dr. Federico Rubio y Galí, 7, 1.º izda.",28039,Madrid,"Metro Guzmán el Bueno, a 400 m",914026258,empleo@aldabacee.com,https://aldabacee.com/,https://aldabacee.com/ofertas-de-empleo/,Ofertas de empleo en su web o currículum por correo.
13-limpieza,p66-02,Empresas de limpieza,ficha,Asproser,,Limpieza de oficinas y limpieza doméstica.,,,,,640824823,info@asproserlimpiezas.com,https://www.asproserlimpiezas.com/,,No publica vía de empleo: contacto por teléfono o correo.
13-limpieza,p67-10,Empresas de limpieza,ficha,Ceelimp,,Limpieza profesional y servicios auxiliares.,"C/ Siete Picos, 19",28231,Las Rozas de Madrid,"Cercanías Las Rozas, a 550 m",915738803,info@ceelimp.com,https://ceelimp.com/es/,,No publica vía de empleo: contacto por teléfono o correo.
13-limpieza,p66-06,Empresas de limpieza,ficha,Comuno,,"Limpieza de comunidades, oficinas y locales.","C/ Secoya, 29-31, nave 1",28044,Madrid,"Metro Carabanchel Alto, a 500 m",914006984,info@comuno.es,https://comuno.es/,,"No publica vía de empleo: contacto por teléfono, correo o formulario."
13-limpieza,p67-09,Empresas de limpieza,ficha,Emsal,,Limpieza de oficinas y comunidades y servicios auxiliares.,"C/ Mahón, 10, planta baja, oficina D",28290,Las Rozas de Madrid,,916372011,info@emsal.es,https://emsal.es/,https://emsal.es/solicitud-de-empleo/,Solicitud de empleo en su web.
13-limpieza,p67-04,Empresas de limpieza,ficha,Facilice,,"Limpieza y mantenimiento de oficinas y comercios, y mantenimiento de jardines.","C/ General Juan Van-Halen, 1, local 3",28030,Madrid,,915223331,clientes@facilice.com,https://facilice.com/,https://facilice.com/trabaja-con-nosotros/,Formulario «Trabaja con nosotros» de su web.
13-limpieza,p66-05,Empresas de limpieza,ficha,Fiori Servicios,,"Limpieza de comunidades, oficinas y locales, y trabajos verticales.","C/ Luis de Hoyos Sainz, 37, 3.º D",28030,Madrid,"Metro Valdebernardo, a 550 m",910596707;638560722,contacto@fioriservicios.com,https://fioriservicios.com/,https://fioriservicios.com/bolsa-de-empleo/,Bolsa de empleo en su web.
13-limpieza,p66-13,Empresas de limpieza,ficha,Grupo Pros,,"Limpieza y servicios para particulares, comunidades y empresas.","C/ Corte del Faraón, 5",28041,Madrid,"Metro Ciudad de los Ángeles, a 250 m",917250032;607414546,grupopros@grupopros.com,http://grupopros.com/,,"No publica vía de empleo: contacto por teléfono, correo o formulario."
13-limpieza,p66-10,Empresas de limpieza,ficha,Grupo Realce,,"Limpieza (con la marca Aqua) y auxiliares: conserjes, controladores de accesos y recepcionistas.","C/ Gascueña, 22",28022,Madrid,,913833500;913020980,info@realce.com,https://gruporealce.es/,,Apartado de empleo de su web.
13-limpieza,nueva-grupo-rojas,Empresas de limpieza,ficha,Grupo Rojas,,"Limpieza, conserjería y servicios auxiliares en la Comunidad de Madrid.","Plaza de la Fuensanta, 10",28934,Móstoles,"Metro Pradillo, a 300 m",916131827,comercial@gruporojas.es,https://gruporojas.es/,https://gruporojas.es/trabaja-con-nosotros/,Formulario «Trabaja con nosotros» de su web.
13-limpieza,p66-11,Empresas de limpieza,ficha,Jecer,,"Limpieza y mantenimiento de edificios, oficinas y comunidades.","C/ Molina de Segura, 9, posterior",28030,Madrid,"Metro Artilleros, a 400 m",913051983,info@jecer.com,http://www.jecer.com/,http://www.jecer.com/?page_id=29,Apartado de empleo de su web.
13-limpieza,p66-12,Empresas de limpieza,ficha,Limcon,,Limpieza para empresas y particulares en Madrid y alrededores.,"C/ Elfo, 4",28027,Madrid,"Metro El Carmen, a 150 m",914055535;696973572,madrid@limcon.com,https://www.limcon.com/,https://www.limcon.com/bolsa-de-trabajo-limcon/,Bolsa de empleo en su web.
13-limpieza,p66-03,Empresas de limpieza,ficha,Limpiadores,,"Limpieza de oficinas, comunidades y cristales, tratamiento de suelos y conserjería.","C/ Canarias, 45",28045,Madrid,"Cercanías Delicias, a 250 m",915271000,,https://www.limpiadores.com/,,Formulario «Trabaja con nosotros» de su web.
13-limpieza,p66-04,Empresas de limpieza,ficha,Limpiezas Ania,,"Limpieza de comunidades, oficinas, locales y viviendas.",,,,,914072719;607611884,limp_ania@hotmail.es,https://limpiezasania.es/,,No publica vía de empleo: contacto por teléfono o correo.
13-limpieza,p67-03,Empresas de limpieza,ficha,Limpiezas El Globo,,"Limpieza de oficinas, naves y comunidades.","C/ Valmojado, 291",28047,Madrid,"Cercanías Aluche, a 200 m",915099242,info@limpiezaselglobo.com,https://www.limpiezaselglobo.com/,https://www.limpiezaselglobo.com/trabaja-con-nosotros/,Formulario «Trabaja con nosotros» de su web.
13-limpieza,p67-08,Empresas de limpieza,ficha,Limpiezas Garro,,Limpieza y mantenimiento para empresas y comunidades.,"C/ Jacinto Verdaguer, 3",28019,Madrid,"Metro Marqués de Vadillo, a 200 m",914691443,info@limpiezasgarro.es,https://limpiezasgarro.es/,https://limpiezasgarro.es/empleo/,Formulario de empleo y ofertas en su web.
13-limpieza,p67-13,Empresas de limpieza,ficha,Limpiezas Herencia,,"Limpieza de oficinas, empresas y naves, y trabajos en altura.","Avda. Nuestra Señora de Belén, 2, local",28802,Alcalá de Henares,,918834721,comercial@limpiezasherencia.com,https://www.limpiezasherencia.es/,https://www.limpiezasherencia.es/empleo-limpieza-alcala-de-henares/,Formulario «Trabaja con nosotros» de su web.
13-limpieza,p66-09,Empresas de limpieza,ficha,Limpiezas LM2,,"Limpieza de oficinas, comunidades, hospitales e industrias.","Avda. de la Ciudad de Barcelona, 81-A, 1.º",28007,Madrid,"Metro Pacífico, a 50 m",914340496,rrhhseleccion@limpiezaslm2.com,https://www.limpiezaslm2.com/,https://www.limpiezaslm2.com/empleo/,Currículum al correo de selección o por el formulario de empleo de su web.
13-limpieza,p66-16,Empresas de limpieza,ficha,Limpiezas SIL,,"Limpieza de oficinas, comunidades y locales.","C/ Pajaritos, 3",28007,Madrid,"Metro Pacífico, a 250 m",914330895,info@limpiezasil.com,https://limpiezasil.com/,,No publica vía de empleo: contacto por teléfono o correo.
13-limpieza,p67-06,Empresas de limpieza,ficha,Limpiezas Vallejo,,"Limpieza de comunidades, oficinas, garajes, gimnasios y pisos turísticos.","Avda. del Manzanares, 52, L8",28011,Madrid,,913661391,trabajo@empresalimpiezasvallejo.es,https://www.empresalimpiezasvallejo.es/,,Currículum por correo.
13-limpieza,p67-14,Empresas de limpieza,ficha,Limpiezas Vimaram,,"Limpieza de oficinas, comunidades y grandes superficies.","C/ Cocheras, 4, portal A, 4.º 1",28007,Madrid,"Metro Pacífico, a 150 m",915516562;610538269,info@limpiezasvimaram.com,https://limpiezasvimaram.com/,,"No publica vía de empleo: contacto por teléfono, correo o formulario."
13-limpieza,p66-08,Empresas de limpieza,ficha,Luna Blanca,,"Limpieza, conserjería y mantenimiento de comunidades y empresas.","C/ Doce de Octubre, 16",28009,Madrid,"Metro Ibiza, a 350 m",918427909;675680381,info@lunablancasl.com,https://www.lunablancasl.com/,,No publica vía de empleo: contacto por teléfono o correo.
13-limpieza,p67-01,Empresas de limpieza,ficha,Madesma,,Limpieza de fachadas y eliminación de grafitis con agua a presión.,,,,,675279713,info@madesma.es,https://www.madesma.es/,,"No publica vía de empleo: contacto por teléfono, correo o formulario."
13-limpieza,p67-07,Empresas de limpieza,ficha,Megaservice,,"Limpieza de oficinas, comunidades y locales.","C/ Juan Bravo, 3",28006,Madrid,"Metro Rubén Darío, a 350 m",910918616,contacto@megaservicelimpiezas.com,https://www.megaservicelimpiezas.com/,https://www.megaservicelimpiezas.com/bolsa-de-trabajo/,Bolsa de trabajo en su web.
13-limpieza,p67-12,Empresas de limpieza,ficha,Serlimplus,,"Limpieza y mantenimiento de comunidades, oficinas y empresas.","C/ Espronceda, 14, 2.º 6",28003,Madrid,"Metro Alonso Cano, a 250 m",616437814,info@serlimplus.com,https://serlimplus.com/,,No publica vía de empleo: contacto por teléfono o correo.
13-limpieza,p66-14,Empresas de limpieza,ficha,Serlingo,,"Limpieza, conserjería, control de accesos y jardinería; tiene centro especial de empleo.","C/ del Haya, 3, 4.º D",28044,Madrid,,915277728,info@serlingo.es,https://www.serlingo.es/,https://www.serlingo.es/empleo/,Formulario de empleo de su web.
13-limpieza,p66-15,Empresas de limpieza,ficha,Serviasist,,"Servicio doméstico y asistencial a domicilio, y limpieza de oficinas y edificios.","C/ Laguna Dalga, 4 | C/ Vistalegre, 24, 28270 Colmenarejo",28021,Madrid,"Cercanías San Cristóbal Industrial, a 300 m",912791583;622269185,info@serviasist.es,http://www.serviasist.es/,http://www.serviasist.es/empleo.php,Apartado de empleo de su web.
13-limpieza,p67-15,Empresas de limpieza,ficha,Servicios Prieto,,"Limpieza de comunidades de vecinos, garajes y siniestros; conserjes.","C/ Dinamarca, 1, local",28916,Leganés,"Metro El Carrascal, a 350 m",916883502,info@serviciosprieto.com,https://www.serviciosprieto.com/,,No publica vía de empleo: contacto por teléfono o correo.
13-limpieza,p67-16,Empresas de limpieza,ficha,Soldama,,"Limpieza, empleadas de hogar y asistencia social.","C/ Ferraz, 28, 2.º izda.",28008,Madrid,"Metro Ventura Rodríguez, a 300 m",600433027,infosoldama@gmail.com,https://www.soldama.com/,,No publica vía de empleo: contacto por teléfono o correo.
13-limpieza,nueva-acciona-servicios-urbanos,Limpieza viaria y residuos,renglon,Acciona,,"Limpieza viaria de Hortaleza, Barajas, Ciudad Lineal y San Blas-Canillejas, con Alfonso Benítez (lote 4).",,,,,,,https://www.acciona.com/es/soluciones/ciudades,https://www.acciona.com/es/nuestro-proposito/trabaja-con-nosotros/ofertas-empleo,Inscripción en las ofertas de empleo de Acciona.
13-limpieza,p68-01,Limpieza viaria y residuos,renglon,FCC Medio Ambiente,,"Limpieza viaria de Usera, Villaverde y Carabanchel (lote 6 del contrato municipal).",,,,,,,https://www.fccma.com/,https://fcc.epreselec.com/Ofertas/Ofertas.aspx,Inscripción en el portal de empleo del grupo FCC.
13-limpieza,p68-02,Limpieza viaria y residuos,renglon,OHLA Servicios (Ingesan),,"Limpieza viaria de Arganzuela, Retiro, Salamanca y Chamartín, en unión con Valoriza (lote 2).",,,,,,rrhh.seleccion@ingesan.es,https://www.ohla-group.com/servicios/,https://www.ohla-group.com/personas/,"Currículum al correo de selección de Ingesan, que figura en la web de OHLA."
13-limpieza,p68-04,Limpieza viaria y residuos,ficha,PreZero,,"Limpieza viaria de Centro, Chamberí y Tetuán (lote 1, adjudicado a Cespa) y recogida de residuos en el sur, con Urbaser.","C/ Dédalo, 2",28037,Madrid,"Metro Torre Arias, a 200 m",915862972,,https://prezero.com/es,https://jobs.prezero.com/Espana/?locale=es_ES,Inscripción en las ofertas de su portal de empleo.
13-limpieza,nueva-urbaser,Limpieza viaria y residuos,ficha,Urbaser,,"Limpieza viaria de los lotes 3 y 5 (Fuencarral, Moncloa, Latina, Vallecas, Moratalaz, Vicálvaro) y residuos del sur.","Calle de Agustín de Foxá, 4",28036,Madrid,"Metro Plaza de Castilla, a 100 m",914122000,info@urbaser.com,https://www.urbaser.com/,https://empleo.urbaser.com/,Inscripción en las ofertas de su portal de empleo.
13-limpieza,p68-05,Limpieza viaria y residuos,ficha,Valoriza,,"Limpieza viaria de Arganzuela, Retiro, Salamanca y Chamartín, en unión con OHLA (lote 2); recogida de residuos y zonas verdes.","C/ Condesa de Venadito, 5, 1.ª planta",28027,Madrid,"Metro Barrio de la Concepción, a 650 m",914434200,,https://valorizasm.com/es/,https://valorizasm.com/es/valorizat/trabaja-con-nosotros,"Ofertas en InfoJobs, enlazadas desde «Trabaja con nosotros»."
13-limpieza,nueva-df-control,Conserjería y servicios auxiliares,ficha,DF Control y Servicios,,"Conserjes, controladores y recepcionistas para comunidades y urbanizaciones.","C/ Chile, 10, oficina 126",28290,Las Rozas de Madrid,,916302844;652132728,info@df.com.es,https://www.dfcontrolyservicios.es/,,No publica vía de empleo: contacto por teléfono o correo.
13-limpieza,nueva-eurotex-auxiliares,Conserjería y servicios auxiliares,ficha,Eurotex Auxiliares,,"Conserjes y porteros, mantenimiento y limpieza para comunidades y edificios.","C/ Hierro, 4-E",28045,Madrid,"Metro Arganzuela-Planetario, a 300 m",918320096,,https://eurotex-auxiliares.net/,https://eurotex-auxiliares.net/trabaja-con-nosotros/,Formulario «Trabaja con nosotros» de su web.
13-limpieza,nueva-sercon-conserjeria,Conserjería y servicios auxiliares,ficha,Grupo Sercon,,"Conserjes, porteros, recepcionistas y controladores; también seguridad. Tiene centro especial de empleo.","C/ Batalla del Salado, 37",28045,Madrid,"Metro Delicias, a 200 m",915286822;900102101,info@gruposercon.com,https://gruposercon.com/,https://gruposercon.com/trabaja-con-nosotros/,"Formulario de su web, con currículum."
13-limpieza,nueva-ms-servicios,Conserjería y servicios auxiliares,ficha,MS Servicios Madrid,,"Conserjes, controladores de accesos, recepcionistas, socorristas y limpieza.",,,,,,info@msserviciosmadrid.es,https://www.msserviciosmadrid.es/,https://www.msserviciosmadrid.es/empleo/,Currículum por el formulario de empleo de su web.
13-limpieza,nueva-porteros-express,Conserjería y servicios auxiliares,ficha,Porteros Express,,"Conserjes, porteros y control de accesos para comunidades de vecinos y oficinas.","C/ Torija, 4",28013,Madrid,"Metro Santo Domingo, a 150 m",915560038,info@porteros-express.com,https://www.porteros-express.com/,https://www.porteros-express.com/trabajo/,Apartado de empleo de su web.
34-instalaciones,nueva-22vatios,"Electricidad, climatización y fontanería",ficha,22 Vatios,,"Instalaciones eléctricas, iluminación y domótica en Madrid; busca instaladores eléctricos y técnicos de obra.",,,,,912620457,info@22vatios.com,https://22vatios.com/,https://22vatios.com/unete/,Formulario de la página «Únete» o currículum por correo.
34-instalaciones,nueva-airefrio,"Electricidad, climatización y fontanería",ficha,Airefrio,,"Venta e instalación de aire acondicionado, calderas y aerotermia con montaje en Madrid; busca instaladores y personal técnico.","Calle Laguna del Marquesado, 10, nave 9",28021,Madrid,"Cercanías San Cristóbal Industrial, a 450 m",917518193,,https://www.airefrio.com/,https://www.airefrio.com/instaladores-climatizacion-empleo,Formulario de la página «Únete a nuestro equipo».
34-instalaciones,nueva-bosch-home-comfort,"Electricidad, climatización y fontanería",renglon,Bosch Home Comfort,,"Calderas, calentadores y climatización (antes Junkers), con sede en Madrid; empleo por el portal del grupo Bosch.",,,,,,,https://www.bosch-homecomfort.com/es/es/,https://www.grupo-bosch.es/trabaja-con-nosotros/,Inscripción en las ofertas del portal de empleo del grupo Bosch en España.
34-instalaciones,nueva-comsa,"Electricidad, climatización y fontanería",renglon,Comsa,,"Infraestructuras e ingeniería industrial: instalaciones, mantenimiento y servicios.",,,,,,,https://www.comsa.com/,https://empleo.comsa.com/,Inscripción en las ofertas de su portal de empleo o envío del currículum a su comunidad de talento.
34-instalaciones,nueva-dominion,"Electricidad, climatización y fontanería",renglon,Dominion,,"Servicios y proyectos de instalaciones, mantenimiento industrial y telecomunicaciones.",,,,,,,https://www.dominion-global.com/es/,https://www.dominion-global.com/es/talento/unete-a-nuestro-equipo,Inscripción en las ofertas de su página «Únete a nuestro equipo».
34-instalaciones,nueva-eiffage-energia,"Electricidad, climatización y fontanería",ficha,Eiffage Energía Sistemas,,"Instalaciones eléctricas, mantenimiento, reformas y energías renovables; delegación en Madrid.","C/ Barbadillo, 4, 3, Fondo",28042,Madrid,,911817290,,https://www.eiffageenergiasistemas.com/,https://eeseleccion.epreselec.com/Ofertas/Ofertas.aspx,"Inscripción en las ofertas de su portal de empleo, que admite también el envío del currículum."
34-instalaciones,nueva-engie,"Electricidad, climatización y fontanería",renglon,Engie España,,"Servicios energéticos, climatización y mantenimiento de instalaciones; ofertas para profesionales con experiencia y recién graduados.",,,,,,,https://engie.es/,https://engie.es/somos-engie/unete-a-nosotros/,"Inscripción en las ofertas de su portal de empleo (jobs.engie.com), enlazado desde «Únete a nosotros»."
34-instalaciones,nueva-amper,"Electricidad, climatización y fontanería",ficha,Grupo Amper,,"Instalaciones y servicios de energía, telecomunicaciones y seguridad para infraestructuras.","C/ Virgilio, 2, edificio 4, Ciudad de la Imagen",28223,Pozuelo de Alarcón,"Metro Ligero José Isbert, a 300 m",917243000,,https://www.grupoamper.com/,https://www.grupoamper.com/talento/oportunidades-de-empleo/,Inscripción en las ofertas de su página «Trabaja con nosotros».
34-instalaciones,nueva-cobra,"Electricidad, climatización y fontanería",ficha,Grupo Cobra,,"Ingeniería, construcción y mantenimiento de instalaciones de energía, telecomunicaciones y redes.","C/ Cardenal Marcelo Spínola, 10",28016,Madrid,"Metro Pío XII, a 700 m",914569500,,https://www.grupocobra.com/,https://www.grupocobra.com/equipo/,"Ofertas publicadas en InfoJobs y LinkedIn, enlazadas desde la página «Equipo» de su web."
34-instalaciones,nueva-ista,"Electricidad, climatización y fontanería",ficha,Ista,,Medición y reparto de consumos de agua y calefacción: técnicos de instalación y lectura de contadores.,"Avenida de la Albufera, 319, 4ª planta",28031,Madrid,"Metro Miguel Hernández, a 650 m",917012483,,https://www.ista.com/es/,https://www.ista.com/es/careers/find-your-job/,Inscripción en las ofertas de su página «Encuentra tu trabajo».
34-instalaciones,nueva-kone,"Electricidad, climatización y fontanería",ficha,Kone,,"Ascensores, escaleras mecánicas y puertas automáticas: montaje y mantenimiento.","C/ Santa Leonor, 65, Ed. F, Pl. 3",28037,Madrid,"Metro Simancas, a 600 m",913277050,,https://www.kone.es/,https://kone.wd3.myworkdayjobs.com/es/Careers,"Inscripción en las ofertas de su portal de empleo, enlazado desde «Proceso de candidaturas»."
34-instalaciones,nueva-lantania,"Electricidad, climatización y fontanería",ficha,Lantania,,"Infraestructuras, agua, energía, edificación y servicios; sede en Madrid.","Calle Sobrado, 2",28050,Madrid,"Metro Ligero Las Tablas, a 400 m",910353586,,https://www.lantania.com/,https://jobs.lantania.com/,"Inscripción en las ofertas de su portal de empleo, enlazado desde «Personas»."
34-instalaciones,nueva-orona,"Electricidad, climatización y fontanería",renglon,Orona,,"Fabricación, instalación y mantenimiento de ascensores y puertas automáticas.",,,,,,,https://www.orona-group.com/es-es/,https://www.orona-group.com/es-es/trabaja-en-orona/,Inscripción en las ofertas de su página «Trabaja en Orona».
34-instalaciones,nueva-techem,"Electricidad, climatización y fontanería",ficha,Techem,,Contadores y repartidores de costes de calefacción y agua; busca técnicos instaladores y comerciales en toda España.,,,,,,rrhh@techem.es,https://www.techem.com/es/es,https://www.techem.com/es/es/sobre-nosotros/Ofertas-de-trabajo,Currículum por correo a rrhh@techem.es indicando el puesto de la página «Ofertas de trabajo».
34-instalaciones,nueva-tk-elevator,"Electricidad, climatización y fontanería",renglon,TK Elevator,,"Instalación, mantenimiento y modernización de ascensores y escaleras mecánicas.",,,,,,,https://www.tkelevator.com/es-es/,https://www.tkelevator.com/es-es/carrera-profesional/,Inscripción en las ofertas de su página «Carrera profesional».
34-instalaciones,nueva-vaillant,"Electricidad, climatización y fontanería",renglon,Vaillant Group (Vaillant y Saunier Duval),,"Calderas, aerotermia y climatización con servicio técnico propio.",,,,,,,https://www.vaillant.es/,https://jobs.vaillant-group.com/Spain/?locale=es_ES,Inscripción en las ofertas de su portal de empleo para España.
34-instalaciones,nueva-vinci-energies,"Electricidad, climatización y fontanería",renglon,"Vinci Energies (Omexom, Actemium, Axians)",,"Instalaciones de energía, industria y telecomunicaciones a través de sus marcas Omexom, Actemium y Axians.",,,,,,,https://www.vinci-energies.es/,https://www.vinci-energies.es/trabaja-con-nosotros/nuestras-carreras/,"Ofertas en su página de LinkedIn, enlazada desde «Trabaja con nosotros»."
34-instalaciones,nueva-cambio-energetico,Energía solar y eficiencia,ficha,Cambio Energético,,Instalaciones de autoconsumo fotovoltaico y distribución de componentes; delegación en Arroyomolinos.,"C/ Juan de la Cierva, 170",28939,Arroyomolinos,,916686537,,https://www.cambioenergetico.com/,https://www.cambioenergetico.com/trabaja-con-nosotros/,Currículum por correo a la dirección de «Trabaja con nosotros» o formulario de contacto.
34-instalaciones,nueva-ecooo,Energía solar y eficiencia,ficha,Ecooo,,Cooperativa de energía solar ciudadana con sede en Madrid: autoconsumo y proyectos fotovoltaicos; ofertas técnicas y de proyectos.,"C/ Escuadra, 11",28012,Madrid,"Metro Lavapiés, a 150 m",912940094,,https://ecooo.es/,https://ecooo.es/trabajar-en-ecooo/,Inscripción en las ofertas de su página «Trabajar en Ecooo».
34-instalaciones,nueva-octopus-energy,Energía solar y eficiencia,renglon,Octopus Energy,,Comercializadora de luz que instala placas solares y aerotermia; ofertas de su equipo en España.,,,,,,,https://octopusenergy.es/,https://jobs.lever.co/octoenergy?department=Octopus%20Energy%20Spain%20%F0%9F%87%AA%F0%9F%87%B8,"Inscripción en las ofertas de su portal de empleo, enlazado desde «Trabaja en Octopus»."
34-instalaciones,nueva-powen,Energía solar y eficiencia,ficha,Powen,,Instalaciones fotovoltaicas de autoconsumo y movilidad eléctrica; ofertas de instalador fotovoltaico y jefe de equipo.,,,,,900535795,jobs@powen.es,https://powen.es/,https://powen.es/trabaja-con-nosotros/,Ofertas en «Trabaja con nosotros»; candidatura por correo a jobs@powen.es o por LinkedIn.
34-instalaciones,nueva-sotysolar,Energía solar y eficiencia,ficha,SotySolar,,"Instaladora de placas solares para autoconsumo en toda España; busca instaladores, electricistas y diseñadores.",,,,,911436736,,https://sotysolar.es/,https://sotysolar.es/trabaja-con-nosotros,Envío del currículum desde la página «Trabaja con nosotros».
34-instalaciones,nueva-cellnex,Telecomunicaciones y fibra,renglon,Cellnex,,Operador de infraestructuras de telecomunicaciones (torres y redes); oficina en Madrid.,,,,,,,https://www.cellnex.com/,https://www.cellnex.com/talent/,Inscripción en las ofertas de su página «Talent».
34-instalaciones,nueva-circet,Telecomunicaciones y fibra,ficha,Circet,,Despliegue y mantenimiento de redes de telecomunicaciones y energía; centro en Fuenlabrada.,"Camino Bajo de Getafe, 3",28946,Fuenlabrada,,,,https://www.circet.es/,https://circet.career.velorahr.com/circet-espa-a-149,Inscripción en las ofertas de su portal de empleo o autocandidatura.
34-instalaciones,nueva-cotronic,Telecomunicaciones y fibra,ficha,Cotronic,,Instalación y mantenimiento de redes de telecomunicaciones para operadores; sede en Madrid.,"Avenida de Manoteras, 38, edificio D, 1ª planta",28050,Madrid,"Metro Ligero Fuente de la Mora, a 300 m",917680560,info@cotronic.eu,https://cotronic.es/,,Contacto por su formulario o correo; no publica ofertas en su web.
34-instalaciones,nueva-ezentis,Telecomunicaciones y fibra,ficha,Ezentis,,"Despliegue y mantenimiento de redes de telecomunicaciones de última milla (fibra, FTTH) y energía.","Calle Santa Leonor, 65, edificio A, 4ª planta",28037,Madrid,"Metro Simancas, a 600 m",913999700,,https://www.ezentis.com/,https://www.ezentis.com/trabaja-con-nosotros/,Ofertas y formulario de envío del currículum en «Trabaja con nosotros».
34-instalaciones,nueva-liteyca,Telecomunicaciones y fibra,ficha,Liteyca,,Instalaciones de telecomunicaciones y fibra para operadores; sede en Madrid.,"C/ Peña del Yelmo, 4",28023,Madrid,,913574000,empleo@liteyca.es,https://www.liteyca.es/,https://www.liteyca.es/empleo.php,Currículum por correo a empleo@liteyca.es.
34-instalaciones,nueva-telefonica,Telecomunicaciones y fibra,renglon,Telefónica,,"Ofertas de empleo del grupo Telefónica en España, con sede en Madrid.",,,,,,,https://www.telefonica.com/es/,https://jobs.telefonica.com/search/,Inscripción en las ofertas de su portal de empleo.
34-instalaciones,nueva-edp,Compañías de energía y agua,renglon,EDP,,"Electricidad, gas y energía solar; oficina en Madrid.",,,,,,,https://www.edpenergia.es/,https://edp.com/en/careers/job-opportunities,Inscripción en las ofertas de su portal de empleo (en inglés).
34-instalaciones,nueva-enagas,Compañías de energía y agua,ficha,Enagás,,"Infraestructuras de gas: transporte, regasificación y almacenamiento; sede en Madrid.","Paseo de los Olmos, 19",28005,Madrid,"Cercanías Pirámides, a 150 m",917099230,,https://www.enagas.es/es/,https://www.enagas.es/es/conocenos/personas-talento/unete-enagas/,Inscripción en las ofertas de su página «Únete a Enagás».
34-instalaciones,nueva-endesa,Compañías de energía y agua,renglon,Endesa,,"Ofertas de empleo de Endesa (luz, gas, solar y movilidad eléctrica).",,,,,,,https://www.endesa.com/,https://www.endesa.com/es/talento/ofertas-de-empleo,Inscripción en las ofertas de su página «Ofertas de empleo».
34-instalaciones,nueva-iberdrola,Compañías de energía y agua,renglon,Iberdrola,,"Ofertas de empleo del grupo Iberdrola (redes, renovables, comercial y solar).",,,,,,,https://www.iberdrola.com/,https://www.iberdrola.com/trabaja-con-nosotros,Inscripción en las ofertas de su página «Trabaja con nosotros».
34-instalaciones,nueva-madrilena-red-gas,Compañías de energía y agua,ficha,Madrileña Red de Gas,,Distribuidora de gas natural en la Comunidad de Madrid.,"C/ Virgilio, 2B",28223,Pozuelo de Alarcón,"Metro Ligero José Isbert, a 300 m",,,https://www.madrilena.es/,,Contacto a través de su web; no publica ofertas.
34-instalaciones,nueva-moeve,Compañías de energía y agua,ficha,Moeve,,Energía y estaciones de servicio (antes Cepsa); sede en Madrid.,"Paseo de la Castellana, 259 A",28046,Madrid,"Metro Begoña, a 350 m",,,https://www.moeveglobal.com/es,https://jobs.moeveglobal.com/?locale=es_ES,Inscripción en las ofertas de su portal de empleo.
34-instalaciones,nueva-grupo-naturgy,Compañías de energía y agua,ficha,Naturgy,,"Electricidad, gas y renovables: grupo energético con sede corporativa en Madrid.","Avenida de América, 38",28028,Madrid,"Metro Parque de las Avenidas, a 400 m",,,https://www.naturgy.com/,https://www.naturgy.com/trabaja-con-nosotros/,"Ofertas y envío de currículum en su portal «Quiero ser Naturgy», enlazado desde «Trabaja con nosotros»."
34-instalaciones,nueva-nedgia,Compañías de energía y agua,ficha,Nedgia,,Distribuidora de gas natural del grupo Naturgy; sede en Madrid.,"Avenida de América, 38",28028,Madrid,"Metro Parque de las Avenidas, a 400 m",,,https://www.nedgia.es/,,Contacto a través de su web; el empleo del grupo Naturgy se gestiona en naturgy.com.
34-instalaciones,nueva-redeia,Compañías de energía y agua,renglon,Redeia (Red Eléctrica),,Operador de la red de transporte de electricidad; sede en Alcobendas.,,,,,,,https://www.redeia.com/es,https://talento.carrerasenred.com/,Inscripción en las ofertas de su portal de empleo «Carreras en red».
34-instalaciones,nueva-redexis,Compañías de energía y agua,ficha,Redexis,,Distribución de gas y energías renovables; sede en Madrid.,"C/ Mahonia, 2, Edificio Pórtico",28043,Madrid,"Metro Feria de Madrid, a 800 m",912777985,,https://www.redexis.es/,https://redexis.epreselec.com/Ofertas/Ofertas.aspx,Inscripción en las vacantes de su portal de empleo o envío del currículum.
34-instalaciones,nueva-repsol,Compañías de energía y agua,ficha,Repsol,,Ofertas de empleo de Repsol; sede en Madrid.,"C/ Méndez Álvaro, 44",28045,Madrid,"Metro Méndez Álvaro, a 600 m",917538100,,https://www.repsol.com/es/index.cshtml,https://www.repsol.com/es/empleo/index.cshtml,Inscripción en las ofertas de su portal de empleo.
34-instalaciones,nueva-totalenergies,Compañías de energía y agua,renglon,TotalEnergies,,"Luz, gas, solar, climatización y mantenimiento; ofertas en distintas ubicaciones y base de datos de candidatos.",,,,,,,https://www.totalenergies.es/,https://www.totalenergies.es/es/talento,Inscripción en las ofertas o alta en su base de datos de candidatos desde «Talento».
34-instalaciones,nueva-ufd,Compañías de energía y agua,ficha,UFD,,Distribuidora de electricidad del grupo Naturgy; sede en Madrid.,"Avenida de América, 38",28028,Madrid,"Metro Parque de las Avenidas, a 400 m",,,https://www.ufd.es/,,Contacto a través de su web; el empleo del grupo Naturgy se gestiona en naturgy.com.
34-instalaciones,nueva-agremia,"Gremios, carnés y formación",ficha,Agremia,asociación y agencia de colocación,"Asociación de instaladores de Madrid (fontanería, gas, calefacción, climatización, electricidad); portal de empleo con ofertas de oficial de climatización e instalador de calderas.","C/ Antracita, 7, 2ª planta",28045,Madrid,"Metro Arganzuela-Planetario, a 250 m",914687251,,https://agremia.com/,https://agremia.portalemp.com/,Registro como candidato en su portal de empleo (Portalemp).
34-instalaciones,nueva-apiem,"Gremios, carnés y formación",ficha,APIEM,asociación,Asociación de empresas instaladoras de electricidad y telecomunicaciones de Madrid; bolsa de empleo con ofertas de electricista e instalador fotovoltaico.,"Calle Magallanes, 36-38",28015,Madrid,"Metro Quevedo, a 250 m",915945271,apiem@apiem.org,https://www.apiem.org/,https://www.apiem.org/portal-de-empleo/,Envío del currículum por el formulario de su bolsa de empleo.
34-instalaciones,nueva-buscador-instaladoras,"Gremios, carnés y formación",renglon,Buscador de empresas instaladoras y mantenedoras,,"Lista oficial de las empresas habilitadas en Madrid por especialidad (electricidad, gas, climatización, ascensores, incendios…): dónde llevar el currículum.",,,,,,,https://www.comunidad.madrid/industria/buscador-empresas-instaladoras-mantenedoras,,Búsqueda por campo de actividad y especialidad.
34-instalaciones,nueva-carnes-instalador,"Gremios, carnés y formación",renglon,Carnés y certificados profesionales de instalador (Comunidad de Madrid),,"Trámite para pedir el carné de instalador de gas, de instalaciones térmicas (RITE), operador de calderas o productos petrolíferos, con titulación o tras el examen.",,,,,,,https://sede.comunidad.madrid/autorizaciones-licencias-permisos-carnes/carnes-certificados-profesionales,,Solicitud en la sede electrónica de la Comunidad de Madrid.
34-instalaciones,nueva-fp-electricidad,"Gremios, carnés y formación",renglon,Ciclos de FP de Electricidad y Electrónica,,"Títulos oficiales de instalaciones eléctricas y automáticas, telecomunicaciones y mantenimiento electrónico, con sus salidas profesionales.",,,,,,,https://www.todofp.es/que-estudiar/familias-profesionales/electricidad-electronica.html,,Consulta de los títulos; la matrícula es en los centros de FP.
34-instalaciones,nueva-fp-energia-agua,"Gremios, carnés y formación",renglon,Ciclos de FP de Energía y Agua,,"Títulos oficiales de redes de agua y gas, eficiencia energética y energía solar.",,,,,,,https://www.todofp.es/que-estudiar/familias-profesionales/energia-agua.html,,Consulta de los títulos; la matrícula es en los centros de FP.
34-instalaciones,nueva-fp-instalacion-mantenimiento,"Gremios, carnés y formación",renglon,Ciclos de FP de Instalación y Mantenimiento,,"Títulos oficiales de instalaciones frigoríficas y de climatización, instalaciones de producción de calor y mantenimiento.",,,,,,,https://www.todofp.es/que-estudiar/familias-profesionales/instalacion-mantenimiento.html,,Consulta de los títulos; la matrícula es en los centros de FP.
34-instalaciones,nueva-examenes-carnes,"Gremios, carnés y formación",renglon,Exámenes para carnés profesionales (Comunidad de Madrid),,"Convocatorias de los exámenes de instalador de gas, operador industrial de calderas y productos petrolíferos, y centros donde prepararlos.",,,,,,,https://www.comunidad.madrid/industria/examenes-carnes-profesionales,,Inscripción en la convocatoria dentro del plazo que fija cada año la Comunidad de Madrid.
42-servicios-tecnicos,nueva-5asec,Lavanderías industriales y tintorerías,ficha,5àsec,,"Tintorería y lavandería con arreglos de ropa; ofertas de empleado polivalente, planchador y encargado en tiendas de Madrid.","C/ Albasanz, 14 bis, 3º G",28037,Madrid,"Metro Ciudad Lineal, a 550 m",911317400,,https://www.5asec.es/es,https://www.5asec.es/es/trabaja-en-5asec,Ofertas por tienda en su web y currículum desde «Envíanos tu CV».
42-servicios-tecnicos,nueva-biolavado,Lavanderías industriales y tintorerías,ficha,Biolavado,,"Lavandería industrial para hoteles, con alquiler de lencería.","C/ Clavel, 4 (Pol. Ind. El Lomo)",28970,Humanes de Madrid,,916905086,comercial@biolavado.com,https://www.biolavado.com/,,No publica ofertas: contacto por teléfono o correo.
42-servicios-tecnicos,nueva-carsan,Lavanderías industriales y tintorerías,ficha,Carsan Renting & Laundry,,Lavandería industrial y renting textil; planta en Getafe.,,,Getafe,,915702922,carsan@carsan.es,https://carsan.es/,,No publica ofertas: contacto por teléfono o correo.
42-servicios-tecnicos,nueva-elis,Lavanderías industriales y tintorerías,ficha,Elis,,"Lavandería industrial y alquiler de ropa plana y de trabajo; en la Comunidad tiene centros en Colmenar Viejo, Getafe y Torres de la Alameda.",,,,,,,https://es.elis.com/es,https://es.elis.com/es/quienes-somos/unete-elis/ofertas-de-empleo,Inscripción en las ofertas de su web o candidatura espontánea eligiendo el centro.
42-servicios-tecnicos,nueva-goldrys,Lavanderías industriales y tintorerías,ficha,Goldrys,,"Tintorería y lavandería a domicilio en Madrid, con recogida y entrega.","C/ Pilar de Zaragoza, 44",28028,Madrid,"Metro Diego de León, a 450 m",635706999,hola@goldrys.com,https://www.goldrys.com/,,No publica ofertas: contacto por teléfono o correo.
42-servicios-tecnicos,nueva-grupo-sima,Lavanderías industriales y tintorerías,ficha,Grupo Sima (Lavandería Alcobendas),,"Lavandería industrial para empresas: recogida, entrega, lavado y renting de toallas; también lavanderías de autoservicio.","C/ de la Constitución, 104, 28100 Alcobendas | C/ del Marqués de la Valdavia, 137, 28100 Alcobendas | C/ de Margarita Xirgu, 1, 28702 San Sebastián de los Reyes",28100,Alcobendas,"Metro Manuel de Falla, a 450 m",912121652,info@lavanderiaalcobendas.es,https://www.lavanderiaalcobendas.es/,,No publica ofertas: contacto por teléfono o correo.
42-servicios-tecnicos,nueva-la-higienica,Lavanderías industriales y tintorerías,ficha,La Higiénica Lavandería,centro especial de empleo,Lavandería industrial y alquiler de mantelerías; plantilla con más del 70 % de personas con discapacidad.,"C/ Aragón, 5",28840,Mejorada del Campo,,916792984;916792895,info@lahigienicalavanderia.com,https://www.lahigienicalavanderia.com/,,No publica ofertas: contacto por teléfono o correo.
42-servicios-tecnicos,nueva-lavanderia-industrial-madrid,Lavanderías industriales y tintorerías,ficha,Lavandería Industrial Madrid,,"Lavado, planchado y renting textil para hoteles, restaurantes, clínicas y gimnasios.","C/ Valle de Tobalina, 34",28021,Madrid,"Metro Villaverde Alto, a 400 m",694236584,info@lavanderiaindustrialmadrid.es,https://lavanderiaindustrialmadrid.es/,,No publica ofertas: contacto por teléfono o correo.
42-servicios-tecnicos,nueva-lavanderia-mino,Lavanderías industriales y tintorerías,ficha,Lavandería Miño,,"Lavandería industrial, renting textil, mantelería y uniformidad para hostelería, desde 1979.","C/ Puerto de Oncala, 5 (Pol. Ind. Prado Overa)",28919,Leganés,,913113593,info@lavamino.com,https://www.lavamino.com/,,No publica ofertas: contacto por teléfono o correo.
42-servicios-tecnicos,nueva-servicios-lyma,Lavanderías industriales y tintorerías,ficha,Servicios Lyma,,Limpieza industrial y lavandería industrial; publica ofertas de operario de lavandería para personas con discapacidad.,"C/ Timanfaya, 25",28970,Humanes de Madrid,,916902935,limpieza@servicioslyma.es,https://servicioslyma.es/,https://servicioslyma.es/empleo/,Datos y currículum por correo desde su página de empleo.
42-servicios-tecnicos,nueva-telelavo,Lavanderías industriales y tintorerías,ficha,Telelavo,,Red de talleres de lavandería y tintorería con recogida y entrega a domicilio; una decena de talleres en Madrid y alrededores.,"C/ Benito Gutiérrez, 30",28008,Madrid,"Metro Argüelles, a 450 m",915783232,,https://telelavo.com/,,No publica ofertas: contacto con cada taller; la lista está en «Lavandería cerca de mí».
42-servicios-tecnicos,nueva-allianz-partners,Reparaciones y asistencia en el hogar,renglon,Allianz Partners,,"Asistencia en movilidad, salud, viajes y hogar del grupo Allianz; atención telefónica y gestión.",,,,,,,https://careers.allianz.com/Espana/go/Allianz-Partners-Espana/5158701/,https://allianz-global-assistance.ofertas-trabajo.infojobs.net/ofertas,Ofertas en su perfil de InfoJobs y en el portal de carreras de Allianz.
42-servicios-tecnicos,nueva-asitur,Reparaciones y asistencia en el hogar,ficha,Asitur,,"Asistencia y gestión de siniestros para aseguradoras: operaciones, red de proveedores, calidad, administración.","Avenida de los Encuartes, 21, 28760 Tres Cantos | Avenida de Europa, 2, 28922 Alcorcón",28760,Tres Cantos,"Cercanías Tres Cantos, a 650 m",913939009,,https://asitur.es/,https://jobs.asitur.es/,"Inscripción en su portal de empleo, enlazado desde «Trabaja con nosotros»."
42-servicios-tecnicos,nueva-europ-assistance,Reparaciones y asistencia en el hogar,ficha,Europ Assistance (ahora Redion),,"Asistencia en viaje, en carretera, médica y legal; sede en Madrid.","Paseo de la Castellana, 130",28046,Madrid,"Metro Santiago Bernabéu, a 150 m",,,https://europ-assistance.es/,https://europ-assistance.epreselec.com/Ofertas/Ofertas.aspx,"Inscripción en su portal de ofertas (epreselec), enlazado desde «Trabaja con nosotros»."
42-servicios-tecnicos,nueva-homeserve,Reparaciones y asistencia en el hogar,ficha,HomeServe,,"Reparaciones, mantenimiento e instalaciones del hogar; oficinas en Pozuelo de Alarcón.","Camino Cerro de los Gamos, 1, Edificio 5 y 6, planta 0",28224,Pozuelo de Alarcón,"Cercanías El Barrial-Centro Comercial Pozuelo, a 450 m",912747201,,https://www.homeserve.es/,https://homeserve.trabajo.infojobs.net/,Ofertas de oficina y atención telefónica en su perfil de InfoJobs; los reparadores entran como autónomos colaboradores.
42-servicios-tecnicos,nueva-ima-iberica,Reparaciones y asistencia en el hogar,ficha,IMA Ibérica,,"Asistencia en movilidad, hogar, salud y bienestar para aseguradoras y socios; sede en Madrid.","C/ Rufino González, 23",28037,Madrid,"Metro Suanzes, a 250 m",912586793,seleccion@imaiberica.es,https://www.imaiberica.es/es/index.php,https://www.imaiberica.es/es/trabaja-con-nosotros/ima-iberica.php,Currículum por correo a su dirección de selección.
42-servicios-tecnicos,nueva-iris-global,Reparaciones y asistencia en el hogar,ficha,Iris Global,,"Asistencia para aseguradoras (hogar, viaje, siniestros) del grupo Santalucía: teleoperadores, perfiles técnicos y administrativos.","C/ Julián Camarillo, 36",28037,Madrid,"Metro Suanzes, a 600 m",917700710,,https://www.irisglobal.es/,https://trabajo.santalucia.es/,"Inscripción en el portal de empleo de Santalucía, enlazado desde «Talento»."
42-servicios-tecnicos,nueva-multiasistencia,Reparaciones y asistencia en el hogar,ficha,Multiasistencia,,"Gestión y reparación de siniestros de hogar para aseguradoras, con red de reparadores.",,,,,918045656,,https://www.multiasistencia.com/,,Su web no publica ofertas: contacto por teléfono con la sede.
42-servicios-tecnicos,nueva-proservice,Reparaciones y asistencia en el hogar,ficha,Proservice,,"Gestión de reparaciones de siniestros de hogar, comunidades y empresas: técnicos de reparación, gestores y atención al cliente.","C/ Martina García, 9",28224,Pozuelo de Alarcón,"Cercanías Pozuelo, a 200 m",917320334,info@proservice.org.es,https://proservice.org.es/,https://proservice.org.es/trabaja-con-nosotros/,"Formulario con currículum en «Trabaja con nosotros», eligiendo operario, atención al cliente o administración."
42-servicios-tecnicos,nueva-servicasa,Reparaciones y asistencia en el hogar,ficha,Servicasa,,"Reparación de siniestros en Madrid, con 130 oficiales de primera de 24 gremios y personal de oficina.","C/ de los Hermanos García Noblejas, 39, 3ª planta",28037,Madrid,"Metro García Noblejas, a 400 m",913093444,administrador@servicasa.es,https://www.servicasareformas.com/,,Contacto por teléfono o correo desde «Trabajar con nosotros / Contacto».
42-servicios-tecnicos,nueva-well-reparaciones,Reparaciones y asistencia en el hogar,ficha,Well Reparaciones,,"Reparaciones multigremio y siniestros de hogar, con personal propio en plantilla y autónomos.",,,Madrid,,912232208,rrhh@veta.plus,https://www.wellreparaciones.com/,,Currículum por correo a la dirección de recursos humanos que da su web.
42-servicios-tecnicos,nueva-fersay,Servicios técnicos de electrodomésticos y aparatos,ficha,Fersay,,"Repuestos y accesorios para electrodomésticos, con sede en Villalbilla y tiendas.","C/ Cobre, 36, Pol. Ind. Los Hueros",28810,Villalbilla,,918792545,rrhh@fersay.com,https://www.fersay.com/,https://www.fersay.com/es/acerca-de-fersay/rrhh-trabaja-con-nosotros,Currículum por correo a recursos humanos.
42-servicios-tecnicos,nueva-mym-servicio-tecnico,Servicios técnicos de electrodomésticos y aparatos,ficha,M&M Servicio Técnico,,Reparación de electrodomésticos de todas las marcas en la Comunidad de Madrid.,"C/ Juan de la Cierva, 111, oficina 3",28939,Arroyomolinos,,918175253,,https://mymserviciotecnico.com/,,No publica ofertas: contacto por teléfono.
42-servicios-tecnicos,nueva-moebius-clima,Servicios técnicos de electrodomésticos y aparatos,ficha,Moebius Clima,,"Servicio técnico oficial de aire acondicionado (Mitsubishi Electric, LG, Panasonic, Hisense, Haier); busca técnicos de climatización.","C/ Camarena, 86, local",28047,Madrid,"Metro Empalme, a 850 m",911593227,sat@moebiusclima.com,https://moebiusclima.com/,https://moebiusclima.com/trabaja-con-nosotros/,Formulario o currículum por correo desde «Trabaja con nosotros» (piden carné RITE y F-Gas).
42-servicios-tecnicos,nueva-sat-madrid,Servicios técnicos de electrodomésticos y aparatos,ficha,SAT Madrid,,"Reparación de electrodomésticos y equipos de hostelería de todas las marcas, para particulares, empresas y comunidades.","C/ Impresores, 20, Parque Empresarial Prado del Espino",28660,Boadilla del Monte,"Metro Ligero Prado del Espino, a 300 m",916480245,sat@reparacion-electrodomesticos.es,https://reparacion-electrodomesticos.es/,,No publica ofertas: contacto por teléfono o correo.
42-servicios-tecnicos,nueva-satema,Servicios técnicos de electrodomésticos y aparatos,ficha,Satema,,"Cooperativa de servicio técnico oficial de electrodomésticos (Fagor, Aspes, Edesa, Smeg, Haier y otras marcas).","C/ de los Cedros, 74",28029,Madrid,"Metro Plaza de Castilla, a 350 m",913147192,satema@satema.es,https://www.satema.es/,,No publica ofertas: contacto por teléfono o correo.
42-servicios-tecnicos,nueva-save,Servicios técnicos de electrodomésticos y aparatos,ficha,Save,,Reparación de móviles y tablets y venta de reacondicionados; tiendas en Madrid y Alcobendas.,,,,,919100695,empleo@savestore.es,https://savestore.es/,https://savestore.es/trabaja-con-nosotros/,"Currículum por correo o formulario, indicando el puesto (técnico de reparación con dos años de experiencia)."
42-servicios-tecnicos,nueva-steins,Servicios técnicos de electrodomésticos y aparatos,ficha,Steins,,"Servicio técnico oficial de Fer, ACV, Aldingás y MundoClima: instalación y mantenimiento de calderas y climatización.","C/ Ceuta, 6",28850,Torrejón de Ardoz,,913772076,steins@steins.es,https://steins.es/,,No publica ofertas: contacto por teléfono o correo.
42-servicios-tecnicos,nueva-todotecnicos24h,Servicios técnicos de electrodomésticos y aparatos,ficha,Todotécnicos 24h,,"Instalación y reparación de calderas, electrodomésticos, aire acondicionado, fontanería, cerrajería y persianas.","C/ Embajadores, 190, local",28045,Madrid,"Metro Legazpi, a 200 m",910114218,,https://www.todotecnicos24h.com/,https://www.todotecnicos24h.com/empleo.html,"Formulario con currículum en su página de empleo; buscan profesionales con herramientas y vehículo, asalariados o autónomos."
42-servicios-tecnicos,nueva-cerrajero-online,"Cerrajería, cristalería y pequeñas reformas",ficha,Cerrajero Online,,"Cerrajería para particulares, empresas y comunidades de vecinos.","C/ de Groenlandia, 4, nave 7",28909,Getafe,,910626518,info@cerrajeronline.com,https://www.cerrajeronline.com/,https://www.cerrajeronline.com/trabaja-con-nosotros/,Formulario con currículum en «Trabaja con nosotros»; también correo general.
42-servicios-tecnicos,nueva-cerrajeria-yague,"Cerrajería, cristalería y pequeñas reformas",ficha,Cerrajería Madrid Yagüe,,"Duplicado de llaves y mandos, apertura de puertas, cambio de cerraduras y amaestramientos.","C/ Capitán Blanco Argibay, 23",28029,Madrid,"Metro Valdeacederas, a 250 m",915717714,info@cerrajeriamadridyague.com,https://cerrajeriamadridyague.com/es/,,No publica ofertas: contacto por teléfono o correo.
42-servicios-tecnicos,nueva-cristalera-madrilena,"Cerrajería, cristalería y pequeñas reformas",ficha,Cristalera Madrileña,,Cristalería: vidrios y espejos a medida.,"C/ Lorenzana, 12",28039,Madrid,"Metro Francos Rodríguez, a 350 m",914595981,cm@cristaleramadrilena.com,https://www.cristaleramadrilena.com/,,No publica ofertas: contacto por teléfono o correo.
42-servicios-tecnicos,nueva-industrias-calvo,"Cerrajería, cristalería y pequeñas reformas",ficha,Industrias Calvo,,"Cristalería a medida, aluminio y PVC; mamparas divisorias.","C/ Asturias, 54",28670,Villaviciosa de Odón,,607219140,,https://industriascalvo.com/,,No publica ofertas: contacto por teléfono.
42-servicios-tecnicos,nueva-madricristal,"Cerrajería, cristalería y pequeñas reformas",ficha,madriCRISTAL,,"Cristalería: vidrios y cristales a medida, mamparas, barandillas, espejos y cerramientos.","C/ de Arboleda, 18",28031,Madrid,,913325800,empresa@madricristal.com,https://www.madricristal.com/,,No publica ofertas: contacto por teléfono o correo.
42-servicios-tecnicos,nueva-mavisan,"Cerrajería, cristalería y pequeñas reformas",ficha,Mavisan,,"Venta, cambio e instalación de suelos en Madrid.","C/ Cóndor, 68",28500,Arganda del Rey,,638255076,reformas@mavisan.com,https://mavisan.com/,,No publica ofertas: contacto por teléfono o correo.
42-servicios-tecnicos,nueva-persianas-hernandez,"Cerrajería, cristalería y pequeñas reformas",ficha,Persianas Hernández,,"Fabricación y venta de persianas, mosquiteras, motorización y toldos.","C/ Daza Valdés, 13, Pol. Ind. Ntra. Sra. de Butarque",28914,Leganés,,916805001,persianas@persianashernandez.com,https://www.persianashernandez.com/es/,,No publica ofertas: contacto por teléfono o correo.
42-servicios-tecnicos,nueva-persianas-toldos-express,"Cerrajería, cristalería y pequeñas reformas",ficha,Persianas y Toldos Express,,"Fábrica e instalación de persianas, toldos, ventanas, estores y motorizaciones.","C/ del General Ricardos, 68",28019,Madrid,"Metro Urgel, a 150 m",910333702,info@persianasytoldosexpress.es,https://persianasytoldosexpress.es/,,No publica ofertas: contacto por teléfono o correo.
42-servicios-tecnicos,nueva-sdc-cristaleria,"Cerrajería, cristalería y pequeñas reformas",ficha,SDC Cristalería,,"Cristalería con taller propio: espejos, mamparas, barandillas y cristal a medida.","C/ Jabonería, 26",28921,Alcorcón,"Metro Parque Lisboa, a 450 m",624278367,sdc@serviciosdecristaleria.es,https://serviciosdecristaleria.es/,,No publica ofertas: contacto por teléfono o correo.
42-servicios-tecnicos,nueva-toldos-getafe,"Cerrajería, cristalería y pequeñas reformas",ficha,Toldos Getafe,,"Fabricantes de toldos y pérgolas, con venta a instaladores y particulares.","C/ Batres, 22",28904,Getafe,"Metro Getafe Central, a 450 m",916963734,contacto@toldosgetafe.es,https://toldosgetafe.es/,,No publica ofertas: contacto por teléfono o correo.
42-servicios-tecnicos,nueva-tucristalero,"Cerrajería, cristalería y pequeñas reformas",ficha,TuCristalero,,"Cristalería urgente: cambio de cristales en viviendas, oficinas, locales y naves.","C/ Gonzalo Chacón, 60",28300,Aranjuez,,636999532,,https://www.tucristalero.com/,,No publica ofertas: contacto por teléfono.
42-servicios-tecnicos,nueva-el-reparador,"Arreglos de ropa, calzado y llaves",ficha,El Reparador,,Taller de reparación de calzado.,"C/ Zurbano, 20",28010,Madrid,"Metro Alonso Martínez, a 150 m",910819542,info@elreparadordezurbano.es,https://elreparadordezurbano.es/,,No publica ofertas: contacto por teléfono o correo.
42-servicios-tecnicos,nueva-la-modistilla,"Arreglos de ropa, calzado y llaves",ficha,La Modistilla,,"Arreglos y composturas, sastrería y modistería para hombre y mujer, y arreglos de prendas del hogar; cuatro tiendas.","C/ del Trigo, 1, 28914 Leganés | C/ General Pardiñas, 41, Madrid | C/ Núñez de Balboa, 95, Madrid",28914,Leganés,"Metro Leganés Central, a 700 m",917254596,,https://la-modistilla-costura.es/,,No publica ofertas: contacto en sus tiendas o por teléfono.
42-servicios-tecnicos,nueva-llaves-acrom,"Arreglos de ropa, calzado y llaves",ficha,Llaves Acrom,,Cerrajería y duplicado de llaves desde 1987; servicio oficial Mul-T-Lock.,,,,,914760520,acrom@llavesacrom.com,https://llavesacrom.com/,,No publica ofertas: contacto por teléfono o correo.
42-servicios-tecnicos,nueva-mister-minit,"Arreglos de ropa, calzado y llaves",ficha,Mister Minit,,"Reparación de calzado, duplicado de llaves y mandos, grabados, relojería y móviles, en tiendas de centros comerciales.",,,,,,oper1@minit.es,https://misterminit.eu/es_es,https://misterminit.eu/es_es/jobs,Currículum por correo para sus tiendas de la Comunidad de Madrid; incluye un curso de formación de unas seis semanas en Barcelona a cargo de la empresa.
36-jardineria,nueva-althenia,Empresas de jardinería y parques,renglon,Althenia (Sando),,"Conservación de zonas verdes, trabajos forestales y limpieza; delegación en Madrid.",,,,,,,https://www.sando.com/,https://www.sando.com/personas/trabaja-con-nosotros,"Autocandidatura en el formulario de Sando, eligiendo el área «Zonas verdes y forestales»."
36-jardineria,nueva-audeca,Empresas de jardinería y parques,ficha,Audeca,,"Conservación de zonas verdes y espacios naturales, trabajos forestales y limpieza viaria (grupo Elecnor); sede en Getafe.","Avda. Leonardo Da Vinci, 15",28906,Getafe,,,,https://www.audeca.es/,https://www.audeca.es/personas,"«Inserta tu CV» en el portal de empleo de Elecnor, enlazado desde «Personas»."
36-jardineria,nueva-comsa-jardineria,Empresas de jardinería y parques,renglon,Comsa,,"Servicios y mantenimiento de instalaciones, incluida la jardinería de recintos e instalaciones en Madrid.",,,,,,,https://www.comsa.com/,https://empleo.comsa.com/,Inscripción en las ofertas de su portal de empleo.
36-jardineria,nueva-corpi7,Empresas de jardinería y parques,ficha,Corpi 7,,"Limpieza, jardinería, conserjería y mantenimiento para comunidades y empresas; sede en Alcorcón.","Calle Pedrezuela, 1, pta. 314",28925,Alcorcón,"Metro Ligero Ventorro del Cano, a 500 m",608961194,,https://corpi7.es/,https://corpi7.es/empleo/,Currículum por el formulario de su página «Empleo».
36-jardineria,nueva-el-ejidillo,Empresas de jardinería y parques,ficha,El Ejidillo Viveros Integrales,,"Jardinería, trabajos forestales y restauración ambiental, con vivero propio; delegación en San Sebastián de los Reyes.","Avda. Matapiñonera, 4, bajo",28703,San Sebastián de los Reyes,"Metro Reyes Católicos, a 350 m",913502132,info@ejidillo.com,https://ejidillo.com/,,Contacto por su formulario o correo; no publica ofertas en su web.
36-jardineria,nueva-grupo-rojas,Empresas de jardinería y parques,ficha,Grupo Rojas,,"Limpieza, jardinería y paisajismo, control de plagas y mantenimiento en la Comunidad de Madrid; sede en Móstoles.","Plaza de la Fuensanta, 10",28934,Móstoles,"Metro Pradillo, a 300 m",,,https://gruporojas.es/,https://gruporojas.es/trabaja-con-nosotros/,Currículum por el formulario de «Trabaja con nosotros».
36-jardineria,nueva-licuas,Empresas de jardinería y parques,ficha,Licuas,,"Infraestructuras, servicios urbanos y medioambientales, con infraestructura verde y mantenimiento; sede en Madrid.","C/ Nanclares de Oca, 5, bloque 2, 4ª planta",28022,Madrid,,913531050,,https://www.licuas.es/,https://licuas.epreselec.com/default.aspx,Inscripción en las ofertas de su portal de empleo.
36-jardineria,nueva-paisaterra,Empresas de jardinería y parques,ficha,Paisaterra,,"Empresa de jardinería en Madrid y Torrelodones: mantenimientos, poda en altura y tepes.",,,,,675953279,info@paisaterra.com,https://paisaterra.com/,,Contacto por teléfono o correo; no publica ofertas en su web.
36-jardineria,nueva-plantar-madrid,Empresas de jardinería y parques,ficha,Plantar Madrid,,Empresa de jardinería y paisajismo en Madrid para parques públicos y privados.,,,,,653551628,info@plantarmadrid.es,https://www.plantarmadrid.es/,,Contacto por teléfono o correo; no publica ofertas en su web.
36-jardineria,nueva-talher,Empresas de jardinería y parques,ficha,Talher,,"Conservación de zonas verdes, arbolado, forestal y servicios medioambientales (grupo Eulen); delegación en Madrid.","Avda. Manoteras, 46 bis, 1ª planta",28050,Madrid,"Metro Ligero Virgen del Cortijo, a 300 m",917459320,,https://www.talher.com/,https://canaldeempleo.es/TALHER,Inscripción en las ofertas de su canal de empleo.
36-jardineria,nueva-anticimex,"Residuos, reciclaje y medio ambiente",ficha,Anticimex,,"Control de plagas, higiene ambiental y desinfección; delegación en Rivas-Vaciamadrid.","C/ Marie Curie, 19, edificio 2, oficina 2-6",28521,Rivas-Vaciamadrid,"Metro Rivas Futura, a 550 m",,,https://www.anticimex.es/,https://anticimex.epreselec.com/Ofertas/Ofertas.aspx?id_idioma=1&id_origen=web+corporativa,Inscripción en las vacantes de su portal de empleo o envío del currículum.
36-jardineria,nueva-derichebourg,"Residuos, reciclaje y medio ambiente",ficha,Derichebourg España (Lyrsa),,Recuperación de chatarra y metales y gestión integral de residuos; oficinas en Rivas-Vaciamadrid.,"C/ Marie Curie, 5, edificio Alfa, 6ª planta",28521,Rivas-Vaciamadrid,"Metro Rivas Futura, a 250 m",916794990,,https://www.derichebourgespana.com/,https://career5.successfactors.eu/career?company=grupoLYRSA&site=VjItSWREblprRW9JOEpQZ0JsU0NoVDVSdz09,"Inscripción en las ofertas de su portal de empleo, enlazado desde «Trabaja con nosotros»."
36-jardineria,nueva-ecoembes,"Residuos, reciclaje y medio ambiente",ficha,Ecoembes,,"Organización que coordina el reciclaje de envases; ofertas de su equipo, con sede en Madrid.","Calle del Cardenal Marcelo Spínola, 14, 2ª planta",28016,Madrid,"Metro Pío XII, a 600 m",915672403,,https://www.ecoembes.com/es,https://ecoembesempleo.es/oferta-empleo/,Inscripción en las ofertas de su portal de empleo o envío del currículum.
36-jardineria,nueva-grupo-tr2,"Residuos, reciclaje y medio ambiente",ficha,Grupo TR2,,"Recogida, almacenamiento y reciclado de residuos y metales; planta en Arganda del Rey.","Camino del Valle, 9",28500,Arganda del Rey,,918760066,info@grupotr2.com,https://grupotr2.com/,,Contacto por teléfono o correo; no publica ofertas en su web.
36-jardineria,nueva-receco,"Residuos, reciclaje y medio ambiente",ficha,Receco,,Gestor de residuos no peligrosos y planta de reciclaje en San Fernando de Henares; admite candidaturas con y sin experiencia.,"C/ Libertad, 36",28850,Torrejón de Ardoz,"Cercanías Torrejón de Ardoz, a 800 m",916764285,info@gestorderesiduosmadrid.es,https://gestorderesiduosmadrid.es/,https://gestorderesiduosmadrid.es/trabaja-con-nosotros/,Currículum por el formulario de «Trabaja con nosotros».
36-jardineria,nueva-recuperaciones-colmenar,"Residuos, reciclaje y medio ambiente",ficha,Recuperaciones Colmenar,,"Recogida selectiva y gestión de residuos no peligrosos, chatarra y destrucción de documentos; planta en Colmenar Viejo.","Calle Cobalto, 1, Polígono Industrial Sur",28770,Colmenar Viejo,"Cercanías Colmenar Viejo, a 500 m",918455638,info@recuperacionescolmenar.com,https://recuperacionescolmenar.com/,,Contacto por teléfono o correo; no publica ofertas en su web.
36-jardineria,nueva-rentokil,"Residuos, reciclaje y medio ambiente",renglon,Rentokil Initial,,Control de plagas e higiene ambiental; técnicos de control de plagas en toda España.,,,,,,,https://www.rentokil.com/es/,https://careers.rentokil-initial.com/jobs?li=ES,Inscripción en las ofertas de su portal de empleo (filtro España).
36-jardineria,nueva-tradebe,"Residuos, reciclaje y medio ambiente",renglon,Tradebe,,Gestión y tratamiento de residuos industriales; planta en Valdilecha.,,,,,,,https://www.tradebe.com/es/,https://careers.tradebe.com/go/ALLJOBS/8552202/,Inscripción en las ofertas de su portal de empleo.
36-jardineria,nueva-casla,Viveros y centros de jardinería,ficha,Casla Jardinería,,"Centro de jardinería en Chamartín; busca personal de planta y floristería, a jornada completa o fines de semana.","Calle Condes del Val, 9",28016,Madrid,"Metro Colombia, a 600 m",914574847,info@caslajardineria.com,https://caslajardineria.com/,https://caslajardineria.com/trabaja-con-nosotros/,Formulario de «Trabaja con nosotros» o currículum por correo.
36-jardineria,nueva-fronda,Viveros y centros de jardinería,ficha,Fronda,,"Centros de jardinería (Majadahonda y San Sebastián de los Reyes): vendedores de planta, floristas, almacén y atención al cliente.","Carretera de Boadilla, km 2",28220,Majadahonda,,,,https://www.fronda.com/,https://www.fronda.com/empleo,Inscripción en las vacantes de su página «Empleo» o candidatura para futuras oportunidades.
36-jardineria,nueva-jardiland,Viveros y centros de jardinería,renglon,Jardiland,,"Centros de jardinería y mascotas; en la Comunidad de Madrid, Majadahonda.",,,,,,,https://www.jardiland.com/es,https://www.jardiland.com/es/consejos-ideas/unete-a-jardiland,Currículum por correo a la dirección que indica su página «Únete a Jardiland».
36-jardineria,nueva-silvosa,Viveros y centros de jardinería,ficha,Silvosa Hermanos,,"Vivero, floristería y montajes en Moratalaz; busca personal de vivero y jardinería, floristería y atención al cliente.","Camino de los Vinateros, 118",28030,Madrid,"Metro Artilleros, a 400 m",914392619,silvosa@silvosahermanos.es,https://silvosahermanos.es/,https://silvosahermanos.es/trabaja-con-nosotros/,Formulario de «Trabaja con nosotros» o currículum por correo.
36-jardineria,nueva-verdecora,Viveros y centros de jardinería,ficha,Verdecora,,Centros de jardinería y mascotas en Madrid; sede en Leganés.,"C/ Fuente de la Teja, 2",28914,Leganés,"Metro Arroyo Culebro, a 900 m",916362832,,https://verdecora.es/,https://verdecora.es/contratacion/,Envío del currículum desde su página «Empleo Verdecora».
36-jardineria,nueva-viveros-florama,Viveros y centros de jardinería,ficha,Viveros Florama,,Vivero y floristería en Guadarrama y Collado Mediano (sierra de Madrid).,"Carretera N-VI, km 47",28440,Guadarrama,,918279999,,https://viverosflorama.es/,,Contacto por teléfono o correo; no publica ofertas en su web.
36-jardineria,nueva-viveros-madrid,Viveros y centros de jardinería,ficha,Viveros Madrid,,Vivero en Pozuelo de Alarcón con tienda y producción propia.,"C/ Almansa, 13",28224,Pozuelo de Alarcón,"Cercanías Pozuelo, a 250 m",913529906,,https://viveros-madrid.com/,,Contacto por teléfono o formulario; no publica ofertas en su web.
36-jardineria,nueva-viveros-pena,Viveros y centros de jardinería,ficha,Viveros Peña,,Centro de jardinería con vivero propio en la Comunidad de Madrid.,,,,,916712411,tienda@viverospena.com,https://www.viverospena.com/,,Contacto por teléfono o correo; no publica ofertas en su web.
36-jardineria,nueva-viveros-rucat,Viveros y centros de jardinería,ficha,Viveros Rucat,,Vivero y centro de jardinería en Galapagar.,"Carretera M-510 (Galapagar a Guadarrama), km 3,100",28260,Galapagar,,911618001,rucat@rucat.es,https://www.viverosrucat.es/,,Contacto por teléfono o correo; no publica ofertas en su web.
36-jardineria,nueva-viveros-angel,Viveros y centros de jardinería,ficha,Viveros Ángel,,Vivero de producción y venta de planta ornamental y forestal en Rivas-Vaciamadrid.,"Carretera de Valencia (N-III), km 19",28524,Rivas-Vaciamadrid,,916700043,info@viverosangel.es,https://www.viverosangel.es/,,Contacto por teléfono o correo; no publica ofertas en su web.
36-jardineria,nueva-carne-fitosanitarios,Carnés y formación,renglon,Carné de usuario profesional de productos fitosanitarios,,Carné obligatorio para aplicar fitosanitarios (niveles básico y cualificado): curso en entidad autorizada y solicitud gratuita en la Comunidad de Madrid.,,,,,,,https://www.comunidad.madrid/agricultura-ganaderia-medio-rural/carne-usuario-profesional-productos-fitosanitarios,,Curso homologado y después solicitud del carné en la sede electrónica de la Comunidad de Madrid.
36-jardineria,nueva-fp-agraria,Carnés y formación,renglon,Ciclos de FP de la familia Agraria,,"Títulos oficiales de jardinería y floristía, paisajismo y medio rural, y aprovechamiento forestal, con sus salidas profesionales.",,,,,,,https://www.todofp.es/que-estudiar/familias-profesionales/agraria.html,,Consulta de los títulos; la matrícula es en los centros de FP.
36-jardineria,nueva-oposicion-jardineria-madrid,Carnés y formación,renglon,Oficial de Jardinería del Ayuntamiento de Madrid,,"Página de la última convocatoria (20 plazas, ejercicio único tipo test y práctico) para seguir el proceso y las próximas.",,,,,,,https://www.madrid.es/portales/munimadrid/es/Oficial-de-Jardineria-del-Ayuntamiento-de-Madrid-turno-libre-2023-/?vgnextfmt=default&vgnextoid=ca66864474449810VgnVCM1000001d4a900aRCRD&vgnextchannel=4ac5c5dee78fe410VgnVCM1000000b205a0aRCRD,,Instancia en el plazo de cada convocatoria; las nuevas se publican en el buscador de oposiciones del Ayuntamiento (Empleo público).
21-construccion,nueva-acciona,Constructoras,renglon,ACCIONA,,"Infraestructuras, energía, agua y servicios.",,,,,,,https://www.acciona.com/es,https://www.acciona.com/es/nuestro-proposito/trabaja-con-nosotros/ofertas-empleo,Inscripción en las ofertas de su portal de empleo.
21-construccion,nueva-aldesa,Constructoras,ficha,Aldesa,,Constructora de obra civil y edificación.,"C/ Bahía de Pollensa, 13 y 17",28042,Madrid,,913819220,,https://aldesa.com/,https://aldesa.factorial.es/,Inscripción en las ofertas de empleo en España de su portal.
21-construccion,nueva-azvi,Constructoras,ficha,Azvi,,"Constructora de infraestructuras, con oficina de la zona centro-norte en Madrid.","C/ Santiago de Compostela, 94, 4.ª planta",28035,Madrid,"Metro Avenida de la Ilustración, a 250 m",915532800,,https://www.azvi.es/,https://www.azvi.es/empleo/,Ofertas en el apartado de empleo de su web.
21-construccion,nueva-comsa,Constructoras,renglon,COMSA,,Infraestructuras e ingeniería; publica ofertas de oficios y mantenimiento.,,,,,,,https://www.comsa.com/,https://empleo.comsa.com/,Inscripción en las ofertas de su portal de empleo.
21-construccion,nueva-dragados,Constructoras,renglon,Dragados,,Constructora del grupo ACS: obra civil y edificación.,,,,,,,https://www.dragados.com/,https://www.dragados.com/empleo/por-que-trabajar-en-dragados/construye-tu-futuro-en-dragados,Su página de empleo remite a las ofertas que publica en LinkedIn.
21-construccion,nueva-fcc-construccion,Constructoras,renglon,FCC Construcción,,Área de infraestructuras del Grupo FCC: obra civil y edificación.,,,,,,,https://www.fccco.com/,https://fcc.epreselec.com/?id_origen=web+corporativa,Envío del currículum en el portal de empleo del grupo.
21-construccion,nueva-ferrovial,Constructoras,renglon,Ferrovial,,"Construcción, autopistas y aeropuertos.",,,,,,,https://www.ferrovial.com/es-es/,https://www.ferrovial.com/es-es/empleo/ofertas/,Inscripción en las ofertas de su portal de empleo.
21-construccion,nueva-ortiz,Constructoras,renglon,Grupo Ortiz,,"Infraestructuras, edificación y servicios.",,,,,,,https://www.grupoortiz.com/,https://empleo.grupoortiz.com/,Inscripción en las ofertas de su portal de empleo o envío del currículum.
21-construccion,nueva-sanjose,Constructoras,ficha,Grupo SANJOSE,,"Constructora, energía y medio ambiente, concesiones y servicios.","Ronda de Poniente, 11",28760,Tres Cantos,"Cercanías Tres Cantos, a 550 m",918065400,,https://gruposanjose.biz/,https://gruposanjose.biz/rrhh.php,Ofertas de trabajo en el apartado «Únete a SANJOSE» de su web.
21-construccion,nueva-ohla,Constructoras,renglon,OHLA,,Construcción e infraestructuras; los servicios a edificios los presta su filial Ingesan.,,,,,,,https://www.ohla-group.com/,https://www.ohla-group.com/personas/,"Ofertas en el apartado «Talento» de su web, que enlaza con LinkedIn."
21-construccion,nueva-rover,Constructoras,ficha,Rover Grupo,,"Infraestructuras terrestres, ferroviarias y marítimas, y edificación.","C/ Ochandiano, 18",28023,Madrid,,,,https://rovergrupo.com/,https://rovergrupo.com/ofertas-empleo/,Ofertas en el apartado «Trabaja con nosotros» de su web.
21-construccion,nueva-sacyr,Constructoras,renglon,Sacyr,,"Concesiones, ingeniería e infraestructuras y agua.",,,,,,,https://sacyr.com/,https://sacyr.com/empleo,Inscripción en el apartado de empleo de su web.
21-construccion,nueva-vias,Constructoras,ficha,Vías y Construcciones,,"Construcción, obra ferroviaria y servicios.","Avda. del Camino de Santiago, 50",28050,Madrid,"Metro Las Tablas, a 100 m",914179800,,https://www.vias.es/,https://www.vias.es/html/Unete.html,Desde el apartado «Únete» de su web.
21-construccion,nueva-clece-mantenimiento,Instalaciones y mantenimiento,renglon,Clece,,"Mantenimiento de edificios e instalaciones, servicios energéticos y facility services.",,,,,,,https://clece.es/es/servicios/mantenimiento/,https://canaldeempleo.es/CLECE,Inscripción en las ofertas de su portal de empleo.
21-construccion,nueva-elecnor,Instalaciones y mantenimiento,renglon,Elecnor,,"Proyectos y servicios de infraestructuras, instalaciones, energía y telecomunicaciones.",,,,,,,https://www.elecnor.com/,https://elecnor.epreselec.com/Ofertas/Ofertas.aspx,Registro en su portal de ofertas.
21-construccion,nueva-eulen-mantenimiento,Instalaciones y mantenimiento,renglon,Eulen,,"Mantenimiento de instalaciones técnicas y edificios, climatización, calderas y ascensores.",,,,,,,https://www.eulen.com/es/servicios/ingenieria-mantenimiento/,https://eulen.referrals.selectminds.com/grupoeulenespana/,Inscripción en las ofertas del portal de empleo del grupo.
21-construccion,nueva-imesapi,Instalaciones y mantenimiento,ficha,Imesapi,,"Conservación y explotación de infraestructuras: carreteras, medio ambiente y servicios urbanos.","Vía de los Poblados, 9-11, Parque Empresarial Trianón, edificio C",28033,Madrid,"Metro San Lorenzo, a 700 m",917443900,,https://www.imesapi.es/,https://grupoimesapi.epreselec.com/Ofertas/Ofertas.aspx?id_idioma=1&id_origen=web+corporativa,Inscripción en las ofertas de su portal de empleo.
21-construccion,nueva-ingesan,Instalaciones y mantenimiento,renglon,Ingesan (OHLA Servicios),,"Limpieza, mantenimiento y eficiencia energética de inmuebles, atención a las personas y servicios urbanos.",,,,,,,https://www.ohla-group.com/servicios/,https://www.ohla-group.com/personas/,Desde el apartado de talento de la web de OHLA.
21-construccion,nueva-iss,Instalaciones y mantenimiento,renglon,ISS,,"Facility services: mantenimiento, limpieza y servicios a edificios.",,,,,,,https://www.es.issworld.com/,https://www.es.issworld.com/trabajar-en-iss/oportunidades-de-empleo,Su canal de empleo separa los puestos operativos (servicios) de los de oficina.
21-construccion,nueva-serveo,Instalaciones y mantenimiento,ficha,Serveo,,"Servicios integrales y mantenimiento para industria, salud, oficinas, administración e infraestructuras.","Calle Quintanavides, 21, edificio 5",28050,Madrid,"Metro Ligero Palas de Rey, a 850 m",913388300,,https://www.serveo.com/,https://www.serveo.com/talento,"Ofertas en el apartado «Talento» de su web, con una sección para oficialía y gremios."
21-construccion,nueva-veolia,Instalaciones y mantenimiento,renglon,Veolia,,"Gestión de agua, energía y residuos; busca perfiles de operaciones y mantenimiento.",,,,,,,https://www.veolia.es/,https://jobs.veolia.com/es?f=spain,Inscripción en las ofertas de su portal de empleo.
21-construccion,nueva-construyendoempleo,Formación y tarjeta profesional,renglon,Construyendoempleo,,"Portal de empleo del sector de la construcción, de la Fundación Laboral: ofertas por provincia y aplicación móvil.",,,,,900112121,,https://www.construyendoempleo.com/,https://www.construyendoempleo.com/,Registro como candidato en el portal.
21-construccion,nueva-flc-madrid,Formación y tarjeta profesional,ficha,Fundación Laboral de la Construcción de Madrid,fundación,"Cursos de oficios y de prevención de riesgos del sector, y servicios de empleo gratuitos. Es agencia de colocación.","C/ Rivas, 25, 28052 Madrid (Vicálvaro) | Magnolias, 35, 28029 Madrid | Avda. Cámara de la Industria, 23, 28938 Móstoles",28052,Madrid,,913233459;910501766;916467486,,https://madrid.fundacionlaboral.org/,https://madrid.fundacionlaboral.org/empleo/servicios-empleo,"En sus centros de formación o por teléfono; el resto de centros, en el localizador de su web."
21-construccion,nueva-tpc,Formación y tarjeta profesional,renglon,Tarjeta Profesional de la Construcción (TPC),,"Portal oficial de la tarjeta: quién puede pedirla, formación en prevención necesaria y puntos de tramitación.",,,,,900112121,,https://www.trabajoenconstruccion.com/,https://www.trabajoenconstruccion.com/solicita1.aspx,"Solicitud por internet, presentando después la documentación en un punto de tramitación."
19-seguridad,nueva-armonia,Empresas de seguridad,ficha,Armonía,,"Vigilancia presencial, control de accesos, rondas perimetrales y escolta; también recepción y servicios para edificios.","C/ José Picón, 31",28028,Madrid,"Metro Cartagena, a 400 m",910295809,,https://armonia.team/es-es,https://armonia.team/es-es/unete-a-armonia/trabaja-en-las-instalaciones-de-nuestros-clientes,Ofertas y envío de candidatura desde el apartado «Únete a Armonia» de su web.
19-seguridad,nueva-clece-seguridad,Empresas de seguridad,ficha,Clece Seguridad,,"Vigilancia y protección de bienes, protección de personas, central receptora de alarmas y seguridad electrónica.","Av. Manoteras, 46 bis",28050,Madrid,"Metro Ligero Virgen del Cortijo, a 300 m",917371171,info@cleceseguridad.com,https://cleceseguridad.com/,https://canaldeempleo.es/CLECE,Inscripción en el canal de empleo de Clece.
19-seguridad,nueva-eulen-seguridad,Empresas de seguridad,renglon,Eulen Seguridad,,"Vigilancia, centros de control, protección de infraestructuras críticas y mantenimiento de sistemas de seguridad.",,,,,,,https://www.eulen.com/es/servicios/seguridad/,https://eulen.referrals.selectminds.com/grupoeulenespana/,Inscripción en las ofertas del portal de empleo del Grupo Eulen.
19-seguridad,nueva-grupo-control,Empresas de seguridad,ficha,Grupo Control,,"Vigilantes de seguridad, escoltas, videovigilancia, alarmas y servicio de acuda.","C/ Marie Curie, 13, 2.ª planta, oficina 1",28521,Rivas-Vaciamadrid,,900920920,rrhh@grupocontrol.com,https://grupocontrol.com/,https://empleo.grupocontrol.com/,Inscripción del currículum en su portal de empleo.
19-seguridad,nueva-sasegur,Empresas de seguridad,ficha,Grupo Sasegur,,"Vigilantes de seguridad y operadores de central de alarmas; con sus otras marcas, limpieza, conserjería y mantenimiento.",,,Navalcarnero,,918112394,sasegur@sasegur.com,https://gruposasegur.es/,https://gruposasegur.es/trabaja-con-nosotros/,"Formulario de candidatura en su web, con currículum; pregunta si tienes la TIP."
19-seguridad,nueva-grupo-sercon,Empresas de seguridad,ficha,Grupo Sercon,,"Vigilantes de seguridad y patrullas; también conserjes, porteros y recepcionistas. Tiene centro especial de empleo.","C/ Batalla del Salado, 37",28045,Madrid,"Metro Delicias, a 200 m",915286822;900102101,info@gruposercon.com,https://gruposercon.com/,https://gruposercon.com/trabaja-con-nosotros/,"Formulario de su web, con currículum."
19-seguridad,nueva-vettonia,Empresas de seguridad,ficha,Grupo Vettonia,,"Protección y vigilancia, alarmas, controles de acceso y seguridad para eventos.","Calle de O’Donnell, 15, 1.º dcha.",28009,Madrid,"Metro Príncipe de Vergara, a 250 m",915771356,cvitae@vettoniaseguridad.com,https://vettoniaseguridad.com/,https://vettoniaseguridad.com/trabaja-con-nosotros/,"Currículum por correo indicando la referencia de la oferta, o formulario de su web eligiendo la zona Madrid."
19-seguridad,nueva-ilunion-seguridad,Empresas de seguridad,renglon,Ilunion Seguridad,,"Vigilancia física, sistemas de seguridad electrónica, protección contra incendios y bomberos privados.",,,,,,,https://www.ilunionservicios.com/es/seguridad-privada,https://empleo.ilunion.com/,Inscripción en el portal de empleo del grupo Ilunion.
19-seguridad,nueva-loomis,Empresas de seguridad,ficha,Loomis,,Transporte y gestión de efectivo; delegación en Madrid.,"Calle de los Ahumaos, 35-37",28052,Madrid,"Metro Puerta de Arganda, a 600 m",917438900,,https://es.loomis.com/es-es/,,Su web no tiene página de empleo: contacto con la delegación de Madrid.
19-seguridad,nueva-prosegur,Empresas de seguridad,ficha,Prosegur,,"Vigilancia, alarmas y gestión de efectivo. Contrata vigilantes de seguridad con TIP en Madrid.",,,,,,,https://www.prosegur.es/,https://www.prosegur.es/trabaja-con-nosotros,Inscripción en su portal de empleo. Convoca cursos de vigilante para quien no tiene la acreditación (pide ESO y nacionalidad española o de la UE).
19-seguridad,nueva-securitas,Empresas de seguridad,ficha,Securitas,,"Vigilancia presencial, rondas y acudas, protección remota desde su centro de operaciones y protección contra incendios.","Calle Entrepeñas, 27",28051,Madrid,"Metro La Gavia, a 650 m",912776000,,https://www.securitas.es/,https://jobs.securitas.es/ssia/pais/espa%C3%B1a/6,Inscripción en las ofertas de su portal de empleo.
19-seguridad,nueva-segurisa,Empresas de seguridad,ficha,Segurisa (Grupo Sagital),,"Seguridad física con vigilancia especializada, sistemas y tecnología, y centros de control.","C/ Sánchez Pacheco, 87",28002,Madrid,"Metro Alfonso XIII, a 100 m",913830720,,https://www.gruposagital.com/empresa-seguridad/,https://es.indeed.com/cmp/Grupo-Sagital,"Ofertas del grupo en Indeed, enlazadas desde su web."
19-seguridad,nueva-trablisa,Empresas de seguridad,renglon,Trablisa,,"Seguridad física, escoltas, gestión de efectivo y servicios auxiliares: centros de control, portería y conserjería.",,,,,,,https://www.trablisa.es/,https://trablisa.epreselec.com/Ofertas/Ofertas.aspx,Inscripción en las ofertas de su portal de empleo.
19-seguridad,nueva-verisure,Empresas de seguridad,ficha,Verisure,,"Alarmas para hogar y negocio con central receptora; publica en Madrid ofertas de comercial, televenta, atención al cliente y back office.","Calle Priégola, 2",28224,Pozuelo de Alarcón,"Cercanías El Barrial-Centro Comercial Pozuelo, a 400 m",,,https://www.verisure.es/,https://careers.verisure.com/es/es/,Inscripción en las ofertas de su portal de empleo.
19-seguridad,nueva-visegur,Empresas de seguridad,ficha,Visegur,,"Vigilancia, videoalarma, sistemas de seguridad y central receptora de alarmas.","Vía Complutense, 5",28802,Alcalá de Henares,,918810085,,https://visegur.com/,https://visegur.com/bolsa-de-trabajo/,"Formulario de su bolsa de trabajo, con currículum."
19-seguridad,nueva-tip-vigilante,Habilitación y formación,ficha,Policía Nacional · Habilitación del personal de seguridad privada,organismo público,"Expide la Tarjeta de Identidad Profesional (TIP) de vigilante de seguridad; la página explica requisitos, documentación y tasa.","C/ de los Madrazo, 9",28014,Madrid,"Metro Sevilla, a 150 m",915820964,citas.seguridadprivada@policia.es,https://sede.policia.gob.es/portalCiudadano/_es/tramites_seguridadprivada_tramite_habilitacionpersonal.php,,Presencial con cita previa en la Unidad Central de Seguridad Privada o en las unidades territoriales de la Policía Nacional; también por correo postal.
19-seguridad,nueva-pruebas-vigilante,Habilitación y formación,ficha,Policía Nacional · Pruebas de selección para vigilante de seguridad,organismo público,"Convocatorias de las pruebas para vigilante, vigilante de explosivos y escolta privado: calendario, inscripción y listas.",,,Madrid,,913227600;913227612,,https://www.policia.es/portalaspirantes/es/web/seguridad-privada,,"Inscripción por internet en el Portal del Aspirante, dentro del plazo de cada convocatoria."
39-asesorias,nueva-afi,Auditoras y grandes consultoras,ficha,Afi,,Consultoría y formación en economía y finanzas.,"Calle del Marqués de Villamejor, 5",28006,Madrid,"Metro Rubén Darío, a 250 m",915200100,rrhh@afi.es,https://www.afi.es/,https://www.afi.es/trabaja-con-nosotros,Currículum por correo a rrhh@afi.es.
39-asesorias,nueva-andersen,Auditoras y grandes consultoras,ficha,Andersen,,"Soluciones legales, fiscales y financieras para empresas. Fundación con becas universitarias.","Calle Velázquez, 110",28006,Madrid,"Metro Rubén Darío, a 600 m",917813300,madrid@es.andersen.com,https://es.andersen.com/,https://es.andersen.com/trabaja-con-nosotros/,Formulario de candidatura con CV en su web.
39-asesorias,nueva-auren,Auditoras y grandes consultoras,ficha,Auren,,"Auditoría, consultoría, legal y asesoría. Publica becas en Madrid de gestión administrativa, nóminas e impuestos.","Avenida de General Perón, 38, 3.ª planta",28020,Madrid,"Metro Santiago Bernabéu, a 200 m",912037400,,https://auren.com/es/,https://empleo.auren.es/,Inscripción en las vacantes de su página de empleo.
39-asesorias,nueva-bain,Auditoras y grandes consultoras,ficha,Bain & Company,,"Consultoría de gestión y estrategia, con oficina en Madrid.",,,,,917903000,,https://www.bain.com/es/offices/madrid/,https://www.bain.com/es/careers/,Inscripción en su página de carreras.
39-asesorias,nueva-baker-tilly,Auditoras y grandes consultoras,ficha,Baker Tilly,,"Auditoría, consultoría y asesoría fiscal.","Paseo de la Castellana, 91, plantas 5 y 14",28046,Madrid,"Metro Santiago Bernabéu, a 150 m",913650542,,https://www.bakertilly.es/,https://www.bakertilly.es/carreras,Candidatura desde su página de carreras.
39-asesorias,nueva-bcg,Auditoras y grandes consultoras,renglon,BCG (Boston Consulting Group),,"Consultoría de estrategia y gestión, con oficina en Madrid.",,,,,,,https://www.bcg.com/offices/madrid/default,https://careers.bcg.com/global/en/,Inscripción en su portal de empleo internacional (en inglés).
39-asesorias,nueva-bdo,Auditoras y grandes consultoras,renglon,BDO,,"Auditoría, abogados y asesores tributarios, advisory y outsourcing. Ofertas por área de negocio.",,,,,,,https://www.bdo.es/,https://www.bdo.es/es-es/microsites/tucarreraenbdo,Inscripción en las ofertas de su página «Tu carrera en BDO».
39-asesorias,nueva-crowe,Auditoras y grandes consultoras,ficha,Crowe,,"Auditoría, consultoría, legal y tributario. Ofertas de auditor junior y prácticas en Madrid.","Paseo de la Castellana, 216, plantas 20 y 22",28046,Madrid,"Metro Plaza de Castilla, a 50 m",911596001,,https://www.crowe.com/es,https://www.crowe.com/es/careers,Inscripción en las ofertas de su página de carreras.
39-asesorias,nueva-deloitte,Auditoras y grandes consultoras,renglon,Deloitte,,"Auditoría, consultoría, asesoramiento fiscal y legal y gestión de riesgos. Tiene un programa de prácticas, «Glow up».",,,,,,,https://www.deloitte.com/es/es.html,https://empleo.es.deloitte.com/,Inscripción en su buscador de empleo.
39-asesorias,nueva-ey,Auditoras y grandes consultoras,renglon,EY,,"Auditoría, consultoría, asesoramiento fiscal y legal y transacciones.",,,,,,,https://www.ey.com/es_es,https://www.ey.com/es_es/careers,"Inscripción en su portal de empleo, «EY Careers»."
39-asesorias,nueva-forvis-mazars,Auditoras y grandes consultoras,renglon,Forvis Mazars,,"Auditoría, consultoría, outsourcing y Tax & Legal. Becas para estudiantes y recién graduados; oficina en Madrid.",,,,,,,https://www.forvismazars.com/es/es,https://careers-es.forvismazars.com/,Inscripción en su portal de empleo o solicitud espontánea.
39-asesorias,nueva-grant-thornton,Auditoras y grandes consultoras,renglon,Grant Thornton,,"Auditoría, asesoramiento fiscal, legal y laboral y consultoría. Busca graduados en Derecho, Económicas y ADE.",,,,,,,https://www.grantthornton.es/,https://www.grantthornton.es/empleo/,"Currículum desde «Déjanos tu CV» en su página de empleo; también publica en InfoJobs, LinkedIn y Epreselec."
39-asesorias,nueva-kpmg,Auditoras y grandes consultoras,ficha,KPMG,,"Auditoría, asesoramiento fiscal y legal y consultoría. Programas de prácticas para estudiantes y recién graduados.","Paseo de la Castellana, 259 C",28046,Madrid,"Metro Begoña, a 350 m",,,https://kpmg.com/es/es.html,https://kpmg.com/es/es/carreras/espacio-talento.html,Inscripción en sus ofertas de empleo desde su espacio de talento.
39-asesorias,nueva-llyc,Auditoras y grandes consultoras,ficha,LLYC,,"Consultoría de comunicación, marketing y asuntos públicos (Corporate Affairs).","Calle de Lagasca, 88, planta 3",28001,Madrid,"Metro Núñez de Balboa, a 450 m",915637722,,https://llyc.global/,https://llyc.global/talento/,Candidatura desde su página de talento.
39-asesorias,nueva-management-solutions,Auditoras y grandes consultoras,ficha,Management Solutions,,"Consultoría de negocio, finanzas, riesgos y tecnología. Ofertas para recién graduados, con experiencia y becas.","Plaza Pablo Ruiz Picasso, 1 (Torre Picasso)",28020,Madrid,"Metro Santiago Bernabéu, a 250 m",911830800,,https://www.managementsolutions.com/es,https://www.managementsolutions.com/es/tu-carrera-en-management-solutions/como-aplicar,"Inscripción en su buscador de ofertas, con CV y formulario."
39-asesorias,nueva-pkf-attest,Auditoras y grandes consultoras,ficha,PKF Attest,,"Auditoría, consultoría y servicios empresariales, con oficina en Madrid.",,,,,915561199,,https://www.pkf-attest.es/,https://www.pkf-attest.es/talento/,Inscripción en las ofertas de su página de talento.
39-asesorias,nueva-pwc,Auditoras y grandes consultoras,renglon,PwC,,"Auditoría, consultoría, asesoramiento fiscal y legal y transacciones. Página propia para recién graduados.",,,,,,,https://www.pwc.es/,https://www.pwc.es/es/carrera-profesional/student-job-search.html,Inscripción en las ofertas de su web de carrera profesional.
39-asesorias,nueva-rsm,Auditoras y grandes consultoras,ficha,RSM,,"Auditoría, consultoría y asesoramiento legal y fiscal. Oficina en Madrid.","Calle José Ortega y Gasset, 22-24",28006,Madrid,"Metro Núñez de Balboa, a 350 m",914570239,,https://www.rsm.global/spain/es,https://www.rsm.global/spain/es/ofertas-de-empleo-rsm,Inscripción en sus ofertas o candidatura espontánea desde su web.
39-asesorias,nueva-uhy-fay,Auditoras y grandes consultoras,renglon,UHY Fay & Co,,"Consultores, asesores y auditores, con oficina en Madrid.",,,,,,,https://www.uhy-fay.com/,https://www.uhy-fay.com/unete-a-nosotros/,"Formulario con CV en su página de carrera profesional, eligiendo la oficina."
39-asesorias,nueva-abdon-pedrajas,Despachos de abogados,ficha,Abdón Pedrajas Littler,,Despacho especializado en derecho laboral.,"Paseo de la Castellana, 89",28046,Madrid,"Metro Santiago Bernabéu, a 200 m",915903994,madrid@abdonpedrajas.com,https://www.abdonpedrajas.com/,https://www.abdonpedrajas.com/trabaja-con-nosotros/,CV por el formulario de su página «Trabaja con nosotros».
39-asesorias,nueva-arriaga,Despachos de abogados,ficha,Arriaga Asociados,,Despacho de abogados con sede en Madrid.,"Calle Agustín de Foxá, 4, Edificio Aqua, planta 5",28036,Madrid,"Metro Plaza de Castilla, a 100 m",910052600,contacto@arriagaasociados.com,https://www.arriagaasociados.com/,,No publica página de empleo; contacto por su correo general o teléfono.
39-asesorias,nueva-broseta,Despachos de abogados,ficha,Broseta,,Despacho de abogados de negocios. Programas de prácticas.,"Paseo de la Habana, 101",28036,Madrid,"Metro Colombia, a 450 m",914323144,info@broseta.com,https://www.broseta.com/,https://www.broseta.com/talento/,Candidatura desde su página de talento.
39-asesorias,nueva-ceca-magan,Despachos de abogados,ficha,Ceca Magán Abogados,,"Despacho para empresas. Publica prácticas, secretariado y puestos de abogado en Madrid.","Calle de Velázquez, 150",28002,Madrid,"Metro República Argentina, a 150 m",913454825,info@cecamagan.com,https://www.cecamagan.com/,https://empleo.cecamagan.com/,Inscripción en las vacantes de su portal de empleo; guarda el CV para futuras ofertas.
39-asesorias,nueva-clifford-chance,Despachos de abogados,renglon,Clifford Chance,,Despacho internacional con oficina en Madrid: prácticas de verano y del Máster de Acceso a la Abogacía.,,,,,,,https://www.cliffordchance.com/,https://jobs.cliffordchance.com/es,Inscripción en su portal de empleo para España.
39-asesorias,nueva-cms,Despachos de abogados,renglon,CMS Albiñana & Suárez de Lezo,,Firma internacional de abogacía con oficinas en Madrid y Barcelona.,,,,,,,https://cms.law/es/esp/,https://cms.law/es/esp/oportunidades-de-empleo,Inscripción en sus oportunidades de empleo o candidatura espontánea.
39-asesorias,nueva-cuatrecasas,Despachos de abogados,renglon,Cuatrecasas,,Despacho de abogados de negocios. Acoge cada año a estudiantes en prácticas.,,,,,,,https://www.cuatrecasas.com/es/spain,https://www.cuatrecasas.com/es/spain/unete/unete,Envío del CV desde su página «Únete».
39-asesorias,nueva-dla-piper,Despachos de abogados,renglon,DLA Piper,,"Despacho internacional; en España recluta abogados, paralegales, personal de gestión y estudiantes («Early careers»).",,,,,,,https://www.dlapiper.com/es-es,https://careers.dlapiper.com/,Inscripción en su portal de empleo.
39-asesorias,nueva-ecija,Despachos de abogados,ficha,ECIJA,,Despacho de abogados; publica ofertas en su oficina de Madrid.,"Calle Serrano, 69",28006,Madrid,"Metro Rubén Darío, a 200 m",,info@ecija.com,https://www.ecija.com/,https://www.ecija.com/talento-y-carreras/trabaja-con-nosotros/,Inscripción en las ofertas de su página «Trabaja con nosotros».
39-asesorias,nueva-garrido,Despachos de abogados,ficha,Garrido Abogados,,"Despacho de abogados. Prácticas para estudiantes de grado y máster, con dos incorporaciones al año.","Calle Santa Engracia, 14-16",28010,Madrid,"Metro Alonso Martínez, a 150 m",913196062,info@garrido.es,https://garrido.es/,https://garrido.es/trabaja-con-nosotros/,Formulario «Envíanos tu currículum» en su página de empleo.
39-asesorias,nueva-garrigues,Despachos de abogados,ficha,Garrigues,,Despacho de derecho de empresa. Programas de prácticas para estudiantes y graduados en Derecho.,"Plaza de Colón, 2",28046,Madrid,"Metro Colón, a 50 m",915145200,,https://www.garrigues.com/es_ES,https://www.garrigues.com/es_ES/trabaja-con-nosotros,Envío del CV desde su página de talento.
39-asesorias,nueva-gomez-acebo,Despachos de abogados,ficha,Gómez-Acebo & Pombo,,Despacho de abogados de empresa.,"Paseo de la Castellana, 216",28046,Madrid,"Metro Plaza de Castilla, a 50 m",915829100,madrid@ga-p.com,https://ga-p.com/,https://ga-p.com/talento/,Candidatura desde su página de talento.
39-asesorias,nueva-legalitas,Despachos de abogados,ficha,Legálitas,,"Servicios legales para particulares y empresas. Busca abogados, comerciales, financieros e informáticos.","Calle Vía de los Poblados, 3",28033,Madrid,"Metro San Lorenzo, a 350 m",914228090,,https://www.legalitas.com/,https://www.legalitas.com/trabaja-en-legalitas,"Ofertas en InfoJobs y Epreselec enlazadas desde su web, o CV aunque no haya oferta."
39-asesorias,nueva-lener,Despachos de abogados,ficha,Lener,,"Abogados y economistas: legal, fiscal, laboral y PRL. Ofrece prácticas a quien termina su formación.","Paseo de la Castellana, 23, 1.ª planta",28046,Madrid,"Metro Colón, a 450 m",913912066,,https://www.lener.es/,https://www.lener.es/talento,Candidatura desde su página de talento.
39-asesorias,nueva-linklaters,Despachos de abogados,renglon,Linklaters,,Despacho internacional de abogados con oficina en Madrid.,,,,,,,https://www.linklaters.com/es-es,https://www.linklaters.com/es-es/careers,Inscripción en su página de carreras.
39-asesorias,nueva-martinez-echevarria,Despachos de abogados,ficha,Martínez-Echevarría Abogados,,Despacho de abogados con oficina en Madrid.,"Calle Príncipe de Vergara, 38, 6.º",28001,Madrid,"Metro Príncipe de Vergara, a 300 m",915756636,rrhh@martinezechevarria.com,https://www.martinezechevarria.com/,,No publica ofertas; su web da el correo rrhh@martinezechevarria.com.
39-asesorias,nueva-perez-llorca,Despachos de abogados,ficha,Pérez-Llorca,,Despacho de abogados de asesoramiento legal integral.,"Paseo de la Castellana, 50",28046,Madrid,"Metro Rubén Darío, a 250 m",914360420,,https://www.perezllorca.com/,https://www.perezllorca.com/es/talento-oportunidades/,Inscripción en las oportunidades de su página de talento.
39-asesorias,nueva-ramon-y-cajal,Despachos de abogados,ficha,Ramón y Cajal Abogados,,Despacho de abogados de empresa.,"Calle Almagro, 16-18",28010,Madrid,"Metro Alonso Martínez, a 100 m",915761900,,https://www.ramonycajalabogados.com/,https://www.ramonycajalabogados.com/es/talento,Candidatura desde su página de talento.
39-asesorias,nueva-reclamador,Despachos de abogados,ficha,Reclamador,,"Plataforma de reclamaciones legales en línea, con oficinas en el centro de Madrid.","Calle del Hierro, 33, 2.ª planta",28045,Madrid,"Metro Arganzuela-Planetario, a 450 m",,hola@reclamador.es,https://www.reclamador.es/,https://www.reclamador.es/trabaja-con-nosotros/,Inscripción en las ofertas de su página «Trabaja con nosotros».
39-asesorias,nueva-sagardoy,Despachos de abogados,ficha,Sagardoy,,Despacho especializado en derecho laboral. Prácticas del Máster de Acceso a la Abogacía.,"Calle Velázquez, 86 D, 2.ª planta",28006,Madrid,"Metro Núñez de Balboa, a 400 m",915429040,,https://sagardoy.com/,https://sagardoy.com/unete-al-equipo/,Candidatura desde su página «Únete al equipo».
39-asesorias,nueva-uria,Despachos de abogados,ficha,Uría Menéndez,,Despacho de abogados con sede central en Madrid.,"Calle Príncipe de Vergara, 187 (Plaza de Rodrigo Uría)",28002,Madrid,"Metro Cruz del Rayo, a 350 m",915860400,madrid@uria.com,https://www.uria.com/,https://www.uria.com/es/equipos-y-talento,Candidatura desde su página «Equipos y talento».
39-asesorias,nueva-afixcal,Asesorías y gestorías,ficha,Afixcal,,"Asesoría para empresas en Madrid: fiscal, contable y laboral.","Calle Magallanes, 25, 3.ª planta",28015,Madrid,"Metro Quevedo, a 300 m",680831010,info@afixcal.com,https://afixcal.com/,,No publica página de empleo; contacto por su correo general o teléfono.
39-asesorias,nueva-asesores-eyj,Asesorías y gestorías,ficha,Asesores E&J,,"Gestoría y asesoría fiscal, laboral y contable en Ciudad Lineal.","Calle de San Maximiliano, 32, local 7",28017,Madrid,"Metro La Elipa, a 350 m",910601150,info@asesoreseyj.es,https://asesoreseyj.es/,,No publica página de empleo; contacto por su correo general o teléfono.
39-asesorias,nueva-asetra,Asesorías y gestorías,ficha,Asetra,,"Asesoría fiscal, laboral y contable en Villaverde, para empresas de la Comunidad de Madrid.","Avenida Real de Pinto, 79",28021,Madrid,"Cercanías Villaverde Alto, a 400 m",917984555,asesoria@asetra.net,https://asetra.net/,,No publica página de empleo; contacto por su correo general o teléfono.
39-asesorias,nueva-ce-consulting,Asesorías y gestorías,ficha,CE Consulting,,"Consultoría fiscal, laboral y jurídica para empresas; publica ofertas en Madrid (asesor fiscal, contable junior).","Calle Fray Luis de León, 11, 3.ª planta",28012,Madrid,"Metro Palos de la Frontera, a 350 m",915410000,,https://ceconsulting.es/,https://ceconsulting.es/sobre-ce/trabaja-con-nosotros/,Inscripción en las ofertas de su página «Trabaja con nosotros».
39-asesorias,nueva-etl,Asesorías y gestorías,ficha,ETL Global,,Red de asesores y consultores fiscales y legales con varias firmas en Madrid.,"Calle de Velázquez, 27, planta 1",28001,Madrid,"Metro Velázquez, a 150 m",912582910,,https://etl.es/,https://etl.es/trabaja-con-nosotros/,Candidatura desde su página «Trabaja con nosotros».
39-asesorias,nueva-madom,Asesorías y gestorías,ficha,MADOM Management,,"Asesoría y gestoría de empresas: fiscal, laboral, contable y financiera.","Calle Marqués de Urquijo, 41, 1.º",28008,Madrid,"Metro Argüelles, a 400 m",916658238,,https://madom.es/,https://madom.es/madom/unete-a-madom/,"Ofertas en su página «Únete a MADOM»; si no hay vacante, guarda el perfil."
39-asesorias,nueva-pradilla,Asesorías y gestorías,ficha,Pradilla,,"Gestoría en Madrid: asesoría contable, fiscal y laboral.","Avenida General Perón, 14",28020,Madrid,"Metro Estrecho, a 550 m",915721971,correo@pradilla.com,https://www.pradilla.com/,,No publica página de empleo; contacto por su correo general o teléfono.
39-asesorias,nueva-talenom,Asesorías y gestorías,ficha,Talenom,,"Asesoría fiscal, contable, laboral y legal para empresas, con oficina en Madrid.","Paseo de la Castellana, 141, planta 19",28046,Madrid,"Metro Cuzco, a 150 m",915488320,,https://talenom.com/es-es/,https://empleo.talenom.es/,Inscripción en las vacantes de su página de empleo.
39-asesorias,nueva-taxdown,Asesorías y gestorías,ficha,TaxDown,,"Asesoría fiscal en línea: renta, requerimientos y autónomos. Sede en Madrid.","Calle San Bernardo, 64, 3.º",28015,Madrid,"Metro Noviciado, a 150 m",,hola@taxdown.es,https://taxdown.es/,https://taxdown.es/unete-al-equipo,Inscripción en las ofertas abiertas de su página «Únete al equipo».
39-asesorias,nueva-adp,"Recursos humanos, nóminas y prevención",renglon,ADP,,"Nóminas y recursos humanos para empresas; contrata en implantación, ventas, tecnología y prácticas.",,,,,,,https://es.adp.com/,https://jobs.adp.com/,Inscripción en su portal de empleo (filtrar por España).
39-asesorias,nueva-asepeyo,"Recursos humanos, nóminas y prevención",renglon,Asepeyo,,"Mutua colaboradora con la Seguridad Social; contrata administrativos, graduados sociales, consultores de prevención y sanitarios.",,,,,,,https://www.asepeyo.es/,https://www.asepeyo.es/trabaja-en-asepeyo/,Ofertas y formulario de candidatura en su página «Trabaja en Asepeyo».
39-asesorias,nueva-aspy-prevencion,"Recursos humanos, nóminas y prevención",renglon,ASPY Prevención,,"Prevención de riesgos laborales, vigilancia de la salud y formación; busca perfiles técnico, sanitario, comercial y administrativo.",,,,,,,https://www.aspyprevencion.com/,https://www.aspyprevencion.com/trabaja-con-nosotros/,Formulario con CV en su página «Trabaja con nosotros».
39-asesorias,nueva-avanta-prevencion,"Recursos humanos, nóminas y prevención",renglon,Avanta Prevención,,"Prevención de riesgos laborales: seguridad, higiene, ergonomía, vigilancia de la salud y formación.",,,,,,,https://avantaprevencion.com/,https://avantaprevencion.com/trabaja-con-nosotros/,Ofertas desde su página «Trabaja con nosotros».
39-asesorias,nueva-cegid,"Recursos humanos, nóminas y prevención",ficha,Cegid,,"Software de gestión, nóminas y recursos humanos; oficina en Las Rozas.","Calle Rozabella, 8 (Centro Europa Empresarial, Edificio Roma)",28290,Las Rozas de Madrid,,916348500,,https://www.cegid.com/ib/es/,https://jobs.cegid.com/es,Inscripción en su portal de empleo.
39-asesorias,nueva-egarsat,"Recursos humanos, nóminas y prevención",ficha,Egarsat,,"Mutua colaboradora con la Seguridad Social, con centros en Parla, Las Rozas y Majadahonda.","Calle Turín, 1",28983,Parla,"Metro Ligero Jaime I  Sur, a 500 m",916988766,,https://www.egarsat.es/,https://www.egarsat.es/conocenos/recursos-humanos/trabaja-con-nosotros/,Ofertas desde su página «Trabaja con nosotros».
39-asesorias,nueva-fraternidad,"Recursos humanos, nóminas y prevención",ficha,Fraternidad-Muprespa,,"Mutua colaboradora con la Seguridad Social, con sede en Madrid.","Plaza Cánovas del Castillo, 3",28014,Madrid,"Metro Antón Martín, a 500 m",,,https://www.fraternidad.com/es-ES,,No publica página de empleo; contacto por su sede.
39-asesorias,nueva-fremap,"Recursos humanos, nóminas y prevención",ficha,Fremap,,"Mutua colaboradora con la Seguridad Social, con sede en Majadahonda.","Carretera de Pozuelo, 61",28222,Majadahonda,,,,https://www.fremap.es/,https://www.fremap.es/es/inicio/empleo,Ofertas desde su página de empleo.
39-asesorias,nueva-grupo-castilla,"Recursos humanos, nóminas y prevención",ficha,Grupo Castilla,,"Servicios de RR. HH., outsourcing de nóminas y software de RR. HH.; tres delegaciones en Madrid.","Calle de Méndez Álvaro, 20",28045,Madrid,"Metro Atocha, a 250 m",910032122,info@grupocastilla.es,https://www.grupocastilla.es/,https://www.grupocastilla.es/trabaja-en-nuestro-equipo/,Ofertas en su página «Trabaja en nuestro equipo».
39-asesorias,nueva-ibermutua,"Recursos humanos, nóminas y prevención",ficha,Ibermutua,,"Mutua colaboradora con la Seguridad Social, con sede en Madrid.","Calle Ramírez de Arellano, 27",28043,Madrid,"Metro Avenida de la Paz, a 700 m",,,https://www.ibermutua.es/,https://www.ibermutua.es/microsite/trabaja-en-ibermutua/,Inscripción en su espacio de empleo o currículum desde su web.
39-asesorias,nueva-spmas,"Recursos humanos, nóminas y prevención",ficha,MAS Prevención,,"Servicio de prevención de riesgos laborales con centros en Madrid, Getafe y Alcobendas.","Calle Julián Camarillo, 25, 1.ª planta",28037,Madrid,"Metro García Noblejas, a 750 m",,info@spmas.es,https://www.spmas.es/,https://spmas.epreselec.com/Ofertas/Ofertas.aspx,Inscripción en su portal de ofertas (filtrar por Madrid).
39-asesorias,nueva-mc-mutual,"Recursos humanos, nóminas y prevención",renglon,MC Mutual,,Mutua colaboradora con la Seguridad Social; ofertas sanitarias y de gestión.,,,,,,,https://www.mc-mutual.com/,https://www.mc-mutual.com/bolsa-de-trabajo,Consulta de ofertas en su bolsa de trabajo.
39-asesorias,nueva-mutua-montanesa,"Recursos humanos, nóminas y prevención",renglon,Mutua Montañesa,,"Mutua colaboradora con la Seguridad Social, con centro en Madrid; ofertas por áreas (asesoría jurídica, prestaciones, personas…).",,,,,,,https://www.mutuamontanesa.es/,https://www.trabajaconnosotros.mutuamontanesa.es/,Inscripción en su portal «Trabaja con nosotros».
39-asesorias,nueva-mutua-universal,"Recursos humanos, nóminas y prevención",ficha,Mutua Universal,,Mutua colaboradora con la Seguridad Social; área de control hospitalario en Madrid.,,,,,,seleccion@mutuauniversal.net,https://www.mutuauniversal.net/es/,https://www.mutuauniversal.net/es/sobre-mutua-universal/trabaja-con-nosotros/,Ofertas de empleo en su web o currículum a seleccion@mutuauniversal.net.
39-asesorias,nueva-quironprevencion,"Recursos humanos, nóminas y prevención",renglon,Quirónprevención,,"Servicio de prevención de riesgos laborales, vigilancia de la salud y formación.",,,,,,,https://www.quironprevencion.com/es,https://www.quironprevencion.com/es/trabaja-quironprevencion,Ofertas y envío del currículum desde su página de empleo.
39-asesorias,nueva-solimat,"Recursos humanos, nóminas y prevención",renglon,Solimat,,Mutua colaboradora con la Seguridad Social n.º 72.,,,,,,,https://www.solimat.com/,https://www.solimat.com/trabaja-con-nosotros,Ofertas desde su página «Trabaja con nosotros».
39-asesorias,nueva-umivale,"Recursos humanos, nóminas y prevención",renglon,Umivale Activa,,Mutua colaboradora con la Seguridad Social.,,,,,,,https://umivaleactiva.es/,https://umivaleactiva.es/conocenos/trabaja-con-nosotros,Ofertas desde su página «Trabaja en Umivale Activa».
39-asesorias,nueva-vitaly,"Recursos humanos, nóminas y prevención",renglon,Vitaly,,Servicio de prevención de riesgos laborales (Preving y Cualtis llevan hoy a su web).,,,,,,,https://vitaly.es/,https://vitaly.es/trabaja-con-nosotros/,Ofertas desde su página «Trabaja con nosotros».
39-asesorias,nueva-aedaf,Colegios profesionales y bolsas de empleo,ficha,AEDAF (Asociación Española de Asesores Fiscales),,Bolsa de empleo de asesoría fiscal para estudiantes y recién titulados dados de alta en la asociación.,"Calle O'Donnell, 7, 1.º dcha.",28009,Madrid,"Metro Príncipe de Vergara, a 300 m",915325154,sedecentral@aedaf.es,https://www.aedaf.es/es,https://www.aedaf.es/es/bolsa-de-empleo/candidatos,Registro en su bolsa de empleo para candidatos.
39-asesorias,nueva-economistas-madrid,Colegios profesionales y bolsas de empleo,ficha,Colegio de Economistas de Madrid,,Bolsa de trabajo con ofertas de empleadores y apartado de inscripción.,"Calle Flora, 1",28013,Madrid,"Metro Ópera, a 150 m",915594602,cem@cemad.es,https://www.cemad.es/,https://www.cemad.es/servicios/servicios-profesionales/bolsa-de-trabajo/,Inscripción en su bolsa de trabajo desde la web.
39-asesorias,nueva-gestores-madrid,Colegios profesionales y bolsas de empleo,ficha,Colegio de Gestores Administrativos de Madrid (ICOGAM),,Publica en abierto las vacantes de las gestorías colegiadas de Madrid.,"Calle Jacometrezo, 3",28013,Madrid,"Metro Callao, a 100 m",915411213,colegio@gestoresmadrid.org,https://www.gestoresmadrid.org/,https://www.gestoresmadrid.org/bolsa-de-empleo/,Consulta las ofertas en su bolsa de empleo y contacta con quien la publica.
39-asesorias,nueva-procuradores-madrid,Colegios profesionales y bolsas de empleo,ficha,Colegio de Procuradores de Madrid (ICPM),,"Bolsa de trabajo para procuradores, oficiales habilitados y administrativos.","Calle Sor Ángela de la Cruz, 24",28020,Madrid,"Metro Tetuán, a 250 m",913081323,,https://www.icpm.es/,https://www.icpm.es/bolsa_trabajo.asp,"Formulario de su bolsa de trabajo, con CV en PDF."
45-publicidad,nueva-advantia,"Imprentas, packaging y rotulación",ficha,Advantia Comunicación Gráfica,,Imprenta de catálogos y material de marketing en el polígono Los Olivos.,"C/ Formación, 16, Pol. Ind. Los Olivos",28906,Getafe,,914717100,,https://advantiacg.com/,https://advantiacg.com/trabaja-con-nosotros/,Formulario «Trabaja con nosotros» de su web.
45-publicidad,nueva-ayregraf,"Imprentas, packaging y rotulación",ficha,Ayregraf Artes Gráficas,,"Impresión, encuadernación y manipulados en el polígono de Vallecas.","C/ Gamonal, 5, planta 3ª, naves 11-13, Pol. Ind. de Vallecas",28031,Madrid,,913808208,,https://www.ayregraf.com/,,No publica página de empleo; ha buscado oficial de encuadernación en la bolsa de Neobis.
45-publicidad,nueva-brizzolis,"Imprentas, packaging y rotulación",ficha,Brizzolis,,"Preimpresión, impresión y encuadernación de catálogos y libros.","Calle de las Marismas, 5, Área Empresarial Andalucía, Sector 1",28320,Pinto,,916919130,arteengraficas@brizzolis.com,https://brizzolis.com/,,No publica página de empleo; ha buscado ayudante y oficial de offset en la bolsa de Neobis.
45-publicidad,nueva-cartonajes-lanka,"Imprentas, packaging y rotulación",ficha,Cartonajes Lanka,,Fábrica de cajas de cartón.,"Calle Vascos, 21",28947,Fuenlabrada,,916422821,contacto@cartonajeslanka.com,https://cartonajeslanka.com/,,No publica página de empleo; ha buscado oficiales de manipulado de cartón en la bolsa de Neobis.
45-publicidad,nueva-cgasl,"Imprentas, packaging y rotulación",ficha,Central de Gráficas Asociadas,,Imprenta de offset en el polígono Ramarga.,"Polígono Ramarga, nave 11",28864,Ajalvir,,918874776,info@cgasl.com,https://cgasl.info/,,No publica página de empleo; ha buscado oficial y ayudante de offset en la bolsa de Neobis.
45-publicidad,nueva-comunikt,"Imprentas, packaging y rotulación",ficha,Comunikt,,"Imagen corporativa e impresión de gran formato, con montadores propios para fachadas, ferias y oficinas.","C/ Severo Ochoa, 14",28860,Paracuellos de Jarama,,916582841,info@comunikt.es,https://comunikt.es/,,No publica página de empleo: candidatura por su teléfono o correo de contacto.
45-publicidad,nueva-directo-al-buzon,"Imprentas, packaging y rotulación",ficha,Directo al Buzón,,Buzoneo y reparto de publicidad en Madrid; busca repartidores.,"Calle Guayabal, 6, local",28033,Madrid,"Metro San Lorenzo, a 350 m",913824729,info@directoalbuzon.com,https://www.directoalbuzon.es/,https://www.directoalbuzon.com/TRABAJA%20CON%20NOSOTROS..html,Currículum solo por correo; no atienden peticiones presenciales ni por teléfono.
45-publicidad,nueva-endagraf,"Imprentas, packaging y rotulación",ficha,Endagraf Artes Gráficas,,"Imprenta y packaging (cajas, bolsas de papel) en el polígono Los Gallegos.","Calle Alondra, 2, Pol. Ind. Los Gallegos",28946,Fuenlabrada,,917979257,endagraf@endagraf.com,https://endagraf.com/,,No publica página de empleo: candidatura por su teléfono o correo de contacto.
45-publicidad,nueva-egesa,"Imprentas, packaging y rotulación",ficha,Estudios Gráficos Europeos (Egesa),,Imprenta de offset; busca a menudo auxiliares de taller con grado medio en Artes Gráficas.,"Avda. Andalucía, km 10,300",28021,Madrid,,,adminegesa@egesa.com,https://www.egesa.com/,,No publica página de empleo; publica sus ofertas en la bolsa de Neobis.
45-publicidad,nueva-gigantia,"Imprentas, packaging y rotulación",ficha,Gigantia,,Impresión de gran formato e impresión offset.,"C/ Inocenta de Mesa, 1, planta 3, local 4",28037,Madrid,"Metro Torre Arias, a 400 m",913088031,,https://www.gigantia.es/,https://www.gigantia.es/trabaja-con-nosotros/,Ofertas de empleo en su página «Trabaja con nosotros».
45-publicidad,nueva-globalrotulos,"Imprentas, packaging y rotulación",ficha,Global Rótulos,,"Diseño, fabricación e instalación de rótulos, vinilos y letras corpóreas.","Avenida de la Mancha, 36",28915,Leganés,"Metro Julián Besteiro, a 400 m",916800946,rotulos@globalrotulos.es,https://globalrotulos.es/,,No publica página de empleo: candidatura por su teléfono o correo de contacto.
45-publicidad,nueva-gomez-aparicio,"Imprentas, packaging y rotulación",ficha,Grupo Gómez Aparicio,,"Servicios integrales de artes gráficas: impresión, encuadernación y manipulados.","C/ Berlín, 1, Polígono Puerta de Madrid",28977,Casarrubuelos,,918133555,info@gomezaparicio.es,https://www.gomezaparicio.es/,,No publica página de empleo; ha buscado auxiliares de taller y plegadores en la bolsa de Neobis.
45-publicidad,nueva-graficas82,"Imprentas, packaging y rotulación",ficha,Gráficas 82,,Impresión offset y digital.,"Travesía de Villa Esther, 18, Pol. Ind. El Nogal",28110,Algete,,916533500,,https://www.graficas82.es/,,No publica página de empleo; ha buscado especialistas de preimpresión en la bolsa de Neobis.
45-publicidad,nueva-graficas-dehon,"Imprentas, packaging y rotulación",ficha,Gráficas Dehon,,"Impresión, encuadernación, composición y distribución.","C/ La Morera, 23",28850,Torrejón de Ardoz,,916751536,info@graficasdehon.com,https://www.graficasdehon.com/,,No publica página de empleo: candidatura por su teléfono o correo de contacto.
45-publicidad,nueva-monterreina,"Imprentas, packaging y rotulación",ficha,Gráficas Monterreina,,Empresa de artes gráficas: impresión y encuadernación de libros y publicaciones.,"C/ Cabo de Gata, 1-3, Área Empresarial Andalucía",28320,Pinto,,916213060,informacioncliente@monterreina.com,https://monterreina.com/,,No publica página de empleo: candidatura por su teléfono o correo de contacto.
45-publicidad,nueva-graficas-muriel,"Imprentas, packaging y rotulación",ficha,Gráficas Muriel,,"Impresión digital y artes gráficas, con encuadernación y manipulados (Millenium) en el polígono Los Olivos.","C/ Investigación, 9, P.I. Los Olivos",28906,Getafe,,916846247,muriel@graficasmuriel.com,https://www.graficasmuriel.com/,,No publica página de empleo; publica ofertas en la bolsa de Neobis o se contacta por su correo.
45-publicidad,nueva-ideas-en-carton,"Imprentas, packaging y rotulación",ficha,Ideas en Cartón,,Fabricación de productos de cartón.,"Calle Urano, 3, Polígono Industrial La Fuensanta II",28936,Móstoles,,916852510,ideasencarton@ideasencarton.com,https://www.ideasencarton.es/,,No publica página de empleo; ha buscado auxiliares de taller en la bolsa de Neobis.
45-publicidad,nueva-imedisa,"Imprentas, packaging y rotulación",ficha,Imedisa Artes Gráficas,,Soluciones en impresión y encuadernación en el polígono Urtinsa.,"C/ Alfareros, 20-23, Pol. Ind. Urtinsa",28923,Alcorcón,"Metro Puerta del Sur, a 750 m",914861606,atencionalcliente@imedisa.com,https://www.imedisa.com/,,No publica página de empleo; ha buscado oficial de guillotina en la bolsa de Neobis.
45-publicidad,nueva-karpe-color,"Imprentas, packaging y rotulación",ficha,Karpe Color,,Impresión de gran formato.,"C/ Tracia, 26",28037,Madrid,"Metro Suanzes, a 250 m",913040897,info@karpecolor.com,https://www.karpecolor.com/,,No publica página de empleo: candidatura por su teléfono o correo de contacto.
45-publicidad,nueva-loc-espana,"Imprentas, packaging y rotulación",ficha,LOC España,,Fábrica de etiquetas adhesivas (flexografía).,"Avda. Río Guadalquivir, 6, Área Empresarial Andalucía",28906,Getafe,,916919287,,https://locespana.es/,,No publica página de empleo; ha buscado oficial de flexografía en la bolsa de Neobis.
45-publicidad,nueva-mm-nekicesa,"Imprentas, packaging y rotulación",ficha,MM Packaging (MM Group),fabricante de embalaje,Envases de cartón para farmacia y salud; plantas MM Madrid South (Griñón) y MM Madrid North (Valdeolmos).,"C. Paeque, 17, 28130 Valdeolmos | Griñón",28130,Valdeolmos-Alalpardo,,918149144,,https://mm.group/,https://mm.group/people/job-mm/,Ofertas por planta en su página de empleo («View offer»).
45-publicidad,nueva-oman,"Imprentas, packaging y rotulación",ficha,Omán Impresores,,"Imprenta de impresión de calidad y especialidades (bolsas, packaging).","Vía de los Poblados, 17, planta 5ª, nave 10",28033,Madrid,"Metro Mar de Cristal, a 700 m",913820212,,https://www.omanimpresores.com/,,No publica página de empleo: candidatura por su teléfono o correo de contacto.
45-publicidad,nueva-palgraphic,"Imprentas, packaging y rotulación",ficha,Palgraphic,,Imprenta editorial y de offset.,"C/ Albacete, 16",28970,Humanes de Madrid,,916909887,info@palgraphic.com,https://www.palgraphic.com/,,No publica página de empleo: candidatura por su teléfono o correo de contacto.
45-publicidad,nueva-publidirecta,"Imprentas, packaging y rotulación",ficha,Publidirecta,,"Buzoneo y reparto de publicidad; busca repartidores, controladores de buzoneo, promotores y comerciales.","Calle Núñez de Balboa, 35",28001,Madrid,"Metro Velázquez, a 50 m",917815680,,https://publidirecta.com/,https://publidirecta.com/introduzca-su-cv/,Formulario «Introduzca su CV» de su web.
45-publicidad,nueva-rotulos-marcos,"Imprentas, packaging y rotulación",ficha,Rótulos Marcos,,Fabricación e instalación de rótulos y rotulación con vinilo.,"C/ Doctor Esquerdo, 21",28028,Madrid,"Metro Manuel Becerra, a 250 m",910075306,rotulosmarcos@rotulosmarcos.com,https://rotulosmadridmarcos.com/,,No publica página de empleo: candidatura por su teléfono o correo de contacto.
45-publicidad,nueva-segcolor,"Imprentas, packaging y rotulación",ficha,Segcolor,,Imprenta de impresión offset y digital y encuadernación.,"Calle de Córdoba, 1 y 3, Pol. Ind. Valdonaire",28970,Humanes de Madrid,,916065599,comunicacion@segcolor.com,https://www.segcolor.com/,,No publica página de empleo; publica a menudo ofertas de auxiliar de taller y oficial de impresión en la bolsa de Neobis.
45-publicidad,nueva-sericum,"Imprentas, packaging y rotulación",ficha,Sericum,,Impresión en serigrafía de gran formato para publicidad exterior.,"Calle del Ebro, 33",28840,Mejorada del Campo,,916713502,,https://sericum.es/,,No publica página de empleo; ha buscado impresor de serigrafía en la bolsa de Neobis.
45-publicidad,nueva-signe,"Imprentas, packaging y rotulación",ficha,Signe,,Impresión de documentos de seguridad y soluciones tecnológicas.,"Avda. de la Industria, 18",28760,Tres Cantos,,918060099,rrhh@signe.es,https://www.signe.es/,,"Currículum por correo a recursos humanos, como indica su página de contacto."
45-publicidad,nueva-smurfit-westrock,"Imprentas, packaging y rotulación",ficha,Smurfit Westrock,fabricante de embalaje,Embalaje de cartón ondulado; fábrica en Alcalá de Henares y planta de reciclaje de papel en Pinto.,"Avda. de Camarmilla, s/n | C/ Alameda, s/n, Polígono Industrial Las Arenas, 28320 Pinto",28806,Alcalá de Henares,,918796091;916914302,,https://www.smurfitkappa.com/es/locations/spain,https://smurfitkappa.epreselec.com/Ofertas/Ofertas.aspx,Inscripción en su portal de ofertas de España.
45-publicidad,nueva-tompla,"Imprentas, packaging y rotulación",ficha,Tompla,,Fabricación de sobres y etiquetas.,"C/ Honduras, 29, P.I. El Descubrimiento",28806,Alcalá de Henares,,918872200,info@tompla.com,https://tompla.com/,,No publica página de empleo: candidatura por su teléfono o correo de contacto.
45-publicidad,nueva-walstead,"Imprentas, packaging y rotulación",ficha,Walstead Iberia,,"Impresión en rotativa y offset de revistas, catálogos y folletos; antes Rotocobrhi.","Ronda de Valdecarrizo, 13",28760,Tres Cantos,,918031676,rrhh@walstead.es,https://www.walstead.es/,,Currículum al correo de recursos humanos que publica en su web.
45-publicidad,nueva-celesa,Editoriales y distribución de libros,ficha,Celesa,,Centro de exportación de libros españoles.,"C/ Peñuelas, 18",28005,Madrid,"Metro Acacias, a 250 m",669963297,,https://www.celesa.com/,,No publica página de empleo: candidatura por su teléfono o correo de contacto.
45-publicidad,nueva-akal,Editoriales y distribución de libros,ficha,Ediciones Akal,,"Editorial de libros de texto, humanidades, arte y literatura.","Calle Sector Foresta, 1",28760,Tres Cantos,,918061996,atencion.cliente@akal.com,https://www.akal.com/,,No publica página de empleo: candidatura por su teléfono o correo de contacto.
45-publicidad,nueva-editex,Editoriales y distribución de libros,ficha,Editex,,"Editorial de libros de texto, material didáctico y literatura juvenil.","Vía de las Dos Castillas, 33, Complejo Ática, Edificio 6, planta 3ª",28224,Pozuelo de Alarcón,"Metro Ligero Avenida de Europa, a 550 m",917992040,,https://www.editex.es/,,No publica página de empleo: candidatura por su teléfono o correo de contacto.
45-publicidad,nueva-panamericana,Editoriales y distribución de libros,ficha,Editorial Médica Panamericana,,Editorial de libros y formación en ciencias de la salud.,"C/ Sauceda, 10, 5ª planta",28050,Madrid,"Metro Ligero Palas de Rey, a 550 m",911317800,info@medicapanamericana.es,https://www.medicapanamericana.com/es-ES,,No publica página de empleo: candidatura por su teléfono o correo de contacto.
45-publicidad,nueva-anaya,Editoriales y distribución de libros,ficha,Grupo Anaya,,"Grupo editorial (Anaya, Alianza, Bruño, Cátedra…): libros de texto, literatura y ensayo.","C/ Valentín Beato, 21",28037,Madrid,"Metro Suanzes, a 250 m",913938800,recursoshumanos@grupoanaya.es,https://www.grupoanaya.es/,https://www.grupoanaya.es/trabaja-con-nosotros,Formulario de currículum de su página «Trabaja con nosotros».
45-publicidad,nueva-planeta,Editoriales y distribución de libros,ficha,Grupo Planeta,,Grupo editorial y de comunicación con sede en Madrid además de Barcelona.,"C/ Juan Ignacio Luca de Tena, 17",28027,Madrid,"Metro Suanzes, a 850 m",,,https://planeta.es/es,https://jobs.planeta.es/,Inscripción en su portal de empleo.
45-publicidad,nueva-la-central,Editoriales y distribución de libros,ficha,La Central,,"Librerías: en Madrid, en Callao y en el Museo Reina Sofía.","Calle Postigo de San Martín, 9 | Ronda de Atocha, 2, 28012 Madrid",28013,Madrid,"Metro Callao, a 100 m",917909921,,https://www.lacentral.com/,,Currículum por correo a la dirección de «Trabajar con nosotros» de su página de contacto.
45-publicidad,nueva-lefebvre,Editoriales y distribución de libros,ficha,Lefebvre,,Editorial jurídica y de soluciones de conocimiento para profesionales.,"C/ Monasterios de Suso y Yuso, 34",28049,Madrid,"Metro Tres Olivos, a 300 m",912108020,,https://lefebvre.es/,https://lefebvre.es/talento/,Ofertas de empleo en su web o currículum para futuros procesos.
45-publicidad,nueva-machado,Editoriales y distribución de libros,ficha,Machado Libros,,Librerías en Madrid (Marqués de Casa Riera y Salesas).,"C/ Marqués de Casa Riera, 2 | Plaza de las Salesas, 11, 28004 Madrid",28014,Madrid,"Metro Banco de España, a 150 m",915237066;913190594,,https://www.machadolibros.com/,,No publica página de empleo: candidatura por su teléfono o correo de contacto.
45-publicidad,nueva-macmillan,Editoriales y distribución de libros,ficha,Macmillan Education,,Editorial de materiales educativos (grupo Springer Nature).,"C/ Rosario Pino, 14-16, planta 4",28020,Madrid,"Metro Valdeacederas, a 300 m",,,https://www.macmillaneducation.es/,https://www.macmillaneducation.es/trabaja-con-nosotros/,Su página «Trabaja con nosotros» lleva a las vacantes del grupo Springer Nature.
45-publicidad,nueva-oup,Editoriales y distribución de libros,ficha,Oxford University Press España,,Editorial de materiales para aprender inglés.,"Avenida de Castilla, 2, Parque Empresarial San Fernando, Edificio Atenas",28830,San Fernando de Henares,,916270180,,https://www.oup.es/,,No publica página de empleo: candidatura por su teléfono o correo de contacto.
45-publicidad,nueva-prh-espana,Editoriales y distribución de libros,ficha,Penguin Random House Grupo Editorial,,"Grupo editorial (Alfaguara, Plaza & Janés, Lumen…); oficina en Madrid y programa de prácticas.","C/ Luchana, 23, 1ª planta",28010,Madrid,"Metro Bilbao, a 300 m",915358190,,https://www.penguinrandomhousegrupoeditorial.com/,https://www.penguinrandomhousegrupoeditorial.com/unete-nuestro-equipo/espana/,Vacantes y prácticas en su página de empleo; también se puede dejar el contacto.
45-publicidad,nueva-santillana,Editoriales y distribución de libros,ficha,Santillana,,Editorial de libros de texto y material educativo (grupo Sanoma).,"Avenida de los Artesanos, 6",28760,Tres Cantos,,,,https://santillana.es/,https://sanoma.wd3.myworkdayjobs.com/es/Sanoma_Learning?hiringCompany=4545b55eefd210020300223c10ef0000,Inscripción en las vacantes de su portal «Únete a nuestro equipo».
45-publicidad,nueva-cope,"Prensa, radio y medios digitales",ficha,COPE,,Cadena de radio (y TRECE); recoge currículums para sus procesos de selección.,"C/ Alfonso XI, 4",28014,Madrid,"Metro Banco de España, a 350 m",915951200,,https://www.cope.es/,https://www.cope.es/trabaja.html,Formulario «Trabaja en COPE» con el currículum.
45-publicidad,nueva-el-confidencial,"Prensa, radio y medios digitales",ficha,El Confidencial,,Diario digital; recoge currículum para futuras vacantes.,,,Pozuelo de Alarcón,,913768677,,https://www.elconfidencial.com/,https://www.elconfidencial.com/trabaja-con-nosotros/,Formulario «Trabaja con nosotros»; guardan el currículum dos años.
45-publicidad,nueva-eldiario,"Prensa, radio y medios digitales",ficha,elDiario.es,,Diario digital con redacción en Madrid; ofertas y prácticas.,"Calle Gran Vía, 46, primer piso",28013,Madrid,"Metro Callao, a 50 m",917585144,,https://www.eldiario.es/,https://www.eldiario.es/trabaja-con-nosotros/,Ofertas y prácticas en su página «Trabaja con nosotros».
45-publicidad,nueva-europa-press,"Prensa, radio y medios digitales",ficha,Europa Press,,Agencia de noticias.,"Paseo de la Castellana, 210",28046,Madrid,"Metro Plaza de Castilla, a 400 m",913592600,,https://www.europapress.es/,,No publica página de empleo: candidatura por su teléfono o correo de contacto.
45-publicidad,nueva-prensa-iberica,"Prensa, radio y medios digitales",renglon,Prensa Ibérica,,"Grupo de prensa regional; su portal de empleo filtra vacantes por ciudad, también Madrid.",,,,,,,https://www.prensaiberica.es/,https://empleo.prensaiberica.es/,Inscripción en las vacantes de su portal de empleo.
45-publicidad,nueva-prisa,"Prensa, radio y medios digitales",ficha,Prisa,,"Grupo de medios y educación (El País, Cadena SER, Santillana); ofertas de empleo y prácticas.","Calle Gran Vía, 32",28013,Madrid,"Metro Gran Vía, a 100 m",913301000,,https://www.prisa.com/,https://www.prisa.com/unete-a-prisa/,Ofertas de empleo y prácticas en su canal de empleo y en LinkedIn.
45-publicidad,nueva-servimedia,"Prensa, radio y medios digitales",ficha,Servimedia,,Agencia de noticias especializada en información social (Grupo Social ONCE).,"Calle Albacete, 3",28027,Madrid,"Metro Parque de las Avenidas, a 550 m",913913931,servimedia@servimedia.es,https://www.servimedia.es/,,No publica página de empleo: candidatura por su teléfono o correo de contacto.
45-publicidad,nueva-unidad-editorial,"Prensa, radio y medios digitales",ficha,Unidad Editorial,,"Grupo editor de El Mundo, Expansión, Marca, Telva y Yo Dona.","Av. San Luis, 25",28033,Madrid,"Metro Pinar del Rey, a 700 m",914435000,info@unidadeditorial.es,https://www.unidadeditorial.es/,,No publica página de empleo: candidatura por su teléfono o correo de contacto.
45-publicidad,nueva-vocento,"Prensa, radio y medios digitales",renglon,Vocento,,Grupo de medios (ABC y diarios regionales).,,,,,,,https://www.vocento.com/,https://www.vocento.com/talento/,Ofertas en su página de talento (enlazadas a LinkedIn) y formulario de contacto.
45-publicidad,nueva-atrevia,"Agencias de publicidad, marketing y comunicación",ficha,Atrevia,,Consultora y agencia de comunicación; vacantes y plan de prácticas.,"C/ Arturo Soria, 99",28043,Madrid,"Metro Arturo Soria, a 900 m",915640725,madrid@atrevia.com,https://www.atrevia.com/,https://www.atrevia.com/talento/,Vacantes y plan de prácticas en su página de talento.
45-publicidad,nueva-dentsu,"Agencias de publicidad, marketing y comunicación",ficha,Dentsu,,"Grupo de medios, creatividad y marketing (Carat, dentsu Creative…).","Paseo de la Castellana, 93 B",28020,Madrid,"Metro Santiago Bernabéu, a 150 m",,,https://www.dentsu.com/es/es,https://www.dentsu.com/es/es/trabaja-con-nosotros,Inscripción en sus vacantes desde «Trabaja con nosotros».
45-publicidad,nueva-evercom,"Agencias de publicidad, marketing y comunicación",ficha,Evercom,,Agencia de comunicación y estrategia digital; ha buscado diseñadores y editores de vídeo júnior.,"C/ Marqués de Riscal, 11, 1ª planta",28010,Madrid,"Metro Rubén Darío, a 300 m",915779272,evercom@evercom.es,https://evercom.es/,https://evercom.jobs.personio.com/,Vacantes en su portal de empleo.
45-publicidad,nueva-good-rebels,"Agencias de publicidad, marketing y comunicación",ficha,Good Rebels,,"Agencia digital: estrategia, marketing y redes sociales.","Glorieta de Quevedo, 6, 2º dcha.",28015,Madrid,"Metro Quevedo, a 100 m",,,https://www.goodrebels.com/,https://www.goodrebels.com/es/talento/,Vacantes y comunidad de talento en su página de empleo.
45-publicidad,nueva-havas,"Agencias de publicidad, marketing y comunicación",ficha,Havas,,Grupo de publicidad y medios; sede en Madrid (Havas Village).,"Calle Eloy Gonzalo, 10",28010,Madrid,"Metro Quevedo, a 100 m",914569090,,https://es.havas.com/,https://www.havas.com/who-we-are/our-careers/,Vacantes en la página de empleo del grupo.
45-publicidad,nueva-kreab,"Agencias de publicidad, marketing y comunicación",ficha,Kreab,,Consultora de comunicación y asuntos públicos.,"Calle del Poeta Joan Maragall, 38",28020,Madrid,"Metro Cuzco, a 250 m",917027170,seleccion@kreab.com,https://kreab.com/espana/,https://kreab.com/espana/trabaja-con-nosotros/,Currículum por correo a su buzón de selección.
45-publicidad,nueva-making-science,"Agencias de publicidad, marketing y comunicación",ficha,Making Science,,Consultora de marketing digital y tecnología; vacantes en Madrid.,"Calle López de Hoyos, 135, 4º",28002,Madrid,"Metro Alfonso XIII, a 200 m",913090209,,https://www.makingscience.com/,https://www.makingscience.com/careers/,"Vacantes en su página de empleo, filtrando por Madrid."
45-publicidad,nueva-mediapost,"Agencias de publicidad, marketing y comunicación",ficha,Muviria,,Marketing promocional y activación de ventas; antes Mediapost.,"Calle del Hierro, 33, planta 3",28045,Madrid,"Metro Arganzuela-Planetario, a 450 m",911211061,info@muviria.es,https://www.muviria.es/,,No publica página de empleo: candidatura por su teléfono o correo de contacto.
45-publicidad,nueva-ogilvy,"Agencias de publicidad, marketing y comunicación",ficha,Ogilvy,,Agencia de publicidad (grupo WPP) con oficina en Madrid.,"C/ Ríos Rosas, 26",28003,Madrid,"Metro Ríos Rosas, a 100 m",,,https://www.ogilvy.com/es/,https://boards.greenhouse.io/ogilvyspain,Vacantes en su «Área de Empleo».
45-publicidad,nueva-publicis,"Agencias de publicidad, marketing y comunicación",ficha,Publicis,,Agencia de publicidad (Publicis Groupe); ofertas de empleo y de becas.,"Avenida Partenón, 12-14",28042,Madrid,"Metro Feria de Madrid, a 50 m",915558411,info@publicis.es,https://publicis.es/,https://publicis.es/trabajo/,"Ofertas de empleo y becas en su página «Trabajo», que enlaza el portal del grupo."
45-publicidad,nueva-apm,Formación y portales del sector,ficha,Asociación de la Prensa de Madrid,,Servicio de empleo para periodistas y programa Primer Empleo.,"C/ Juan Bravo, 6",28006,Madrid,"Metro Rubén Darío, a 350 m",915850010,,https://www.apmadrid.es/,https://www.apmadrid.es/servicios/empleo-periodistas/,Servicio de empleo de su web.
45-publicidad,nueva-artediez,Formación y portales del sector,ficha,Escuela de Arte Diez,escuela de arte,"Escuela pública de diseño: gráfica publicitaria, ilustración, fotografía, grabado; bolsa de empleo.","Avenida de la Ciudad de Barcelona, 25",28007,Madrid,"Metro Menéndez Pelayo, a 50 m",915512645,info@artediez.es,https://artediez.es/,https://artediez.es/inscripcion-bolsa-de-empleo/,Bolsa de empleo para alumnos y antiguos alumnos.
45-publicidad,nueva-ies-isidra-guzman,Formación y portales del sector,ficha,IES Isidra de Guzmán,instituto público,"FP de Artes Gráficas: grado básico, Preimpresión Digital y Diseño y Edición de Publicaciones.","C/ Gardenia, 29",28803,Alcalá de Henares,,918808462,,https://www.educa2.madrid.org/web/centro.ies.isidradeguzman.alcala/artes-graficas,https://www.educa2.madrid.org/web/centro.ies.isidradeguzman.alcala/bolsa-empleo,Bolsa de empleo para sus titulados (red EmpleaFP).
45-publicidad,nueva-ies-islas-filipinas,Formación y portales del sector,ficha,IES Islas Filipinas,instituto público,"FP de Artes Gráficas: grado básico, Preimpresión Digital, Impresión Gráfica, Postimpresión y Diseño y Edición.","C/ Jesús Maestro, 3",28003,Madrid,"Metro Islas Filipinas, a 250 m",915544349,,https://www.educa2.madrid.org/web/centro.ies.islasfilipinas.madrid,https://www.educa2.madrid.org/web/centro.ies.islasfilipinas.madrid/bosa-trabajo,Bolsa de empleo para sus titulados; contacto: islasfilipinasempleo@gmail.com.
45-publicidad,nueva-ies-puerta-bonita,Formación y portales del sector,ficha,IES Puerta Bonita,instituto público,"Ciclos de Artes Gráficas (Preimpresión Digital, Impresión Gráfica y grado superior) e Imagen y Sonido.","C/ Padre Amigó, 5",28025,Madrid,"Metro Pan Bendito, a 400 m",914661744,bolsaempleo@iespuertabonita.com,https://iespuertabonita.es/,https://iespuertabonita.es/home/bolsadetrabajo/,"Bolsa de trabajo para sus titulados, gestionada por el departamento de orientación."
45-publicidad,nueva-neobis,Formación y portales del sector,ficha,Neobis,asociación empresarial,"Asociación de la comunicación gráfica de Madrid; bolsa con ofertas de imprentas: offset, encuadernación, preimpresión.","Calle Rufino González, 23 bis, 2º-2ª",28037,Madrid,"Metro Suanzes, a 250 m",912437400,info@neobis.es,https://www.neobis.es/,https://www.neobis.es/empleo/,Ofertas abiertas en su página de empleo; cada una dice a quién escribir.
22-tecnologia,nueva-accenture,Consultoras y servicios tecnológicos,renglon,Accenture,,"Consultoría y servicios tecnológicos, con oficinas en Madrid.",,,,,,,https://www.accenture.com/es-es,https://www.accenture.com/es-es/careers/jobsearch,Inscripción en las ofertas de su portal de empleo.
22-tecnologia,nueva-alten,Consultoras y servicios tecnológicos,renglon,Alten,,"Ingeniería y servicios informáticos, con oficina en Madrid.",,,,,,,https://www.alten.es/,https://www.alten.es/unete-a-alten/,Inscripción en las ofertas de su portal de empleo.
22-tecnologia,nueva-altia,Consultoras y servicios tecnológicos,renglon,Altia,,"Consultoría y servicios tecnológicos, con oficina en Madrid.",,,,,,,https://www.altiacompany.com,https://www.altiacompany.com/es/unete,Inscripción en las ofertas de su portal de empleo.
22-tecnologia,nueva-amadeus,Consultoras y servicios tecnológicos,renglon,Amadeus,,"Tecnología para el sector de los viajes, con sede en Madrid. La página de empleo está en inglés.",,,,,,,,https://amadeus.com/en/careers/locations/madrid,Inscripción en las ofertas de Madrid de su portal.
22-tecnologia,nueva-atos,Consultoras y servicios tecnológicos,renglon,Atos,,"Servicios digitales, con oficina en Madrid.",,,,,,,https://atos.net/es/espana,https://atos.net/en/join-us,Inscripción en las ofertas de su portal de empleo.
22-tecnologia,nueva-avanade,Consultoras y servicios tecnológicos,renglon,Avanade,,"Servicios sobre tecnología de Microsoft, con oficina en Madrid.",,,,,,,https://www.avanade.com/es-es,https://www.avanade.com/es-es/career,Inscripción en las ofertas de su portal de empleo.
22-tecnologia,nueva-babel,Consultoras y servicios tecnológicos,renglon,Babel,,Consultora tecnológica con sede en Las Rozas.,,,,,,,https://babelgroup.com/,https://babelgroup.wd103.myworkdayjobs.com/es/REC_External_Career_Site,Inscripción en las ofertas de su portal de empleo.
22-tecnologia,nueva-capgemini,Consultoras y servicios tecnológicos,renglon,Capgemini,,"Consultoría y servicios tecnológicos, con sede en Madrid.",,,,,,,https://www.capgemini.com/es-es/,https://www.capgemini.com/es-es/talento/,Inscripción en las ofertas de su portal de empleo.
22-tecnologia,nueva-cgi,Consultoras y servicios tecnológicos,renglon,CGI,,Consultoría de tecnología y de negocio.,,,,,,,https://www.cgi.com/spain/es,https://www.cgi.com/spain/es/carreras,Inscripción en las ofertas de su portal de empleo.
22-tecnologia,nueva-cognizant,Consultoras y servicios tecnológicos,renglon,Cognizant,,Servicios tecnológicos; publica ofertas en Madrid.,,,,,,,https://www.cognizant.com/es/es,https://careers.cognizant.com/emea-es/,Inscripción en las ofertas de su portal de empleo.
22-tecnologia,nueva-econocom,Consultoras y servicios tecnológicos,renglon,Econocom,,"Servicios y equipamiento informático para empresas, con oficina en Madrid.",,,,,,,https://www.econocom.es/,https://www.econocom.es/trabaja-en-econocom/candidatura-espontanea,Candidatura espontánea desde su web.
22-tecnologia,nueva-entelgy,Consultoras y servicios tecnológicos,renglon,Entelgy,,"Consultoría tecnológica, con oficina en Madrid.",,,,,,,https://entelgy.com/,https://entelgy.com/talento/,Inscripción en las ofertas de su portal de empleo.
22-tecnologia,nueva-eviden,Consultoras y servicios tecnológicos,renglon,Eviden,,"Servicios digitales, nube y ciberseguridad (grupo Atos), con oficina en Madrid.",,,,,,,https://eviden.com/es-es/,https://eviden.com/es-es/empleo/,Inscripción en las ofertas de su portal de empleo.
22-tecnologia,nueva-fujitsu,Consultoras y servicios tecnológicos,renglon,Fujitsu,,"Tecnología y servicios informáticos, con sede en Pozuelo de Alarcón.",,,,,,,https://global.fujitsu/es-es,https://global.fujitsu/es-ES/careers,Inscripción en las ofertas de su portal de empleo.
22-tecnologia,nueva-gmv,Consultoras y servicios tecnológicos,renglon,GMV,,"Ingeniería y tecnología (espacio, defensa, transporte), con sede en Tres Cantos.",,,,,,,https://www.gmv.com/es,https://www.gmv.com/es/talento,Inscripción en las ofertas de su portal de empleo.
22-tecnologia,nueva-google,Consultoras y servicios tecnológicos,renglon,Google,,Oficina de Madrid de Google; su buscador de empleo filtra las ofertas de Madrid.,,,,,,,https://www.google.com/about/careers/applications/locations/madrid/,https://www.google.com/about/careers/applications/jobs/results/?location=Madrid%2C%20Spain,Inscripción en las ofertas de su portal de empleo (en inglés).
22-tecnologia,nueva-ibm,Consultoras y servicios tecnológicos,renglon,IBM,,Tecnología y consultoría; el buscador de ofertas se filtra por país.,,,,,,,https://www.ibm.com/es-es,https://www.ibm.com/careers/search,Inscripción en las ofertas de su portal de empleo.
22-tecnologia,nueva-indra,Consultoras y servicios tecnológicos,renglon,Indra Group,,"Tecnología, defensa y consultoría. Buscador de ofertas con mapa y envío de currículum.",,,,,,,https://www.indragroup.com/es,https://careers.indragroup.com/,Inscripción en las ofertas de su portal de empleo.
22-tecnologia,nueva-inetum,Consultoras y servicios tecnológicos,renglon,Inetum,,Servicios digitales; publica ofertas en Madrid en su buscador.,,,,,,,https://www.inetum.com/es/es.html,https://www.inetum.com/es/es/careers/jobs.html,Inscripción en las ofertas de su portal de empleo.
22-tecnologia,nueva-izertis,Consultoras y servicios tecnológicos,renglon,Izertis,,"Consultoría tecnológica, con oficina en Madrid.",,,,,,,https://www.izertis.com/es/,https://www.izertis.com/es/talento,Inscripción en las ofertas de su portal de empleo.
22-tecnologia,nueva-knowmad-mood,Consultoras y servicios tecnológicos,renglon,Knowmad mood,,Consultora de tecnología y transformación digital con sede en Las Rozas.,,,,,,,https://www.knowmadmood.com/es,https://be.knowmadmood.com/,Envío de currículum desde su web; las ofertas se publican en LinkedIn.
22-tecnologia,nueva-kyndryl,Consultoras y servicios tecnológicos,renglon,Kyndryl,,Infraestructuras tecnológicas. Contrata perfiles júnior de desarrollo y de infraestructuras en Madrid y otras ciudades.,,,,,,,https://www.kyndryl.com/es/es,https://www.kyndryl.com/es/es/careers,Inscripción en las ofertas de su portal de empleo.
22-tecnologia,nueva-microsoft,Consultoras y servicios tecnológicos,renglon,Microsoft,,"Software y nube; publica ofertas en Madrid, sobre todo de centros de datos, seguridad y gestión de proyectos.",,,,,,,https://www.microsoft.com/es-es/,https://apply.careers.microsoft.com/careers?location=Madrid,Inscripción en las ofertas de su portal de empleo (en inglés).
22-tecnologia,nueva-minsait,Consultoras y servicios tecnológicos,renglon,Minsait,,Compañía de tecnología y consultoría digital del grupo Indra.,,,,,,,https://www.minsait.com/es,https://www.minsait.com/es/talento,Inscripción en las ofertas de su portal de empleo.
22-tecnologia,nueva-ntt-data,Consultoras y servicios tecnológicos,renglon,NTT Data,,Consultoría tecnológica con sede en Madrid.,,,,,,,https://es.nttdata.com/,https://careers.emeal.nttdata.com/s/jobs?language=es&pcountry=Espana,Inscripción en las ofertas de su portal de empleo.
22-tecnologia,nueva-oracle,Consultoras y servicios tecnológicos,ficha,Oracle,,Aplicaciones y servicios en la nube; oficinas en Madrid.,"Paseo de la Castellana, 81",28046,Madrid,"Cercanías Nuevos Ministerios, a 100 m",,,https://www.oracle.com/es/,https://www.oracle.com/es/careers/,Inscripción en las ofertas de Oracle Careers; tiene un área para estudiantes y recién graduados.
22-tecnologia,nueva-paradigma,Consultoras y servicios tecnológicos,renglon,Paradigma Digital,,"Desarrollo de software y transformación digital, con sede en Pozuelo de Alarcón.",,,,,,,https://www.paradigmadigital.com/,https://www.paradigmadigital.com/empleo/ofertas/,Inscripción en las ofertas de su portal de empleo.
22-tecnologia,nueva-serem,Consultoras y servicios tecnológicos,renglon,Serem,,"Servicios tecnológicos y selección de perfiles informáticos, con centro de trabajo en Madrid.",,,,,,,https://www.serem.com/,https://www.serem.com/language/es/empleo/,Inscripción en sus ofertas o envío de currículum desde su web.
22-tecnologia,nueva-sopra-steria,Consultoras y servicios tecnológicos,renglon,Sopra Steria,,"Consultoría y servicios digitales, con oficina en Madrid.",,,,,,,https://www.soprasteria.es/,https://careers.soprasteria.es/,Inscripción en las ofertas de su portal de empleo.
22-tecnologia,nueva-t-systems,Consultoras y servicios tecnológicos,renglon,T-Systems,,Servicios digitales para empresas e instituciones; vacantes y programa de empleados en formación.,,,,,,,https://www.t-systems.com/es/es,https://www.t-systems.com/es/es,Inscripción en las ofertas de su portal de empleo.
22-tecnologia,nueva-telefonica-tech,Consultoras y servicios tecnológicos,renglon,Telefónica Tech,,"Ciberseguridad, nube y datos del grupo Telefónica.",,,,,,,https://telefonicatech.com/,https://telefonicatech.com/somostech/equipo/talento,Inscripción en las ofertas de su portal de empleo.
22-tecnologia,nueva-viewnext,Consultoras y servicios tecnológicos,renglon,Viewnext,,"Servicios de tecnologías de la información del grupo IBM, con 15 centros en España y sede en Madrid.",,,,,,,https://www.viewnext.com/,https://www.viewnext.com/empleo/,Inscripción en sus ofertas o envío de currículum desde su web.
22-tecnologia,nueva-zelenza,Consultoras y servicios tecnológicos,renglon,Zelenza,,"Servicios tecnológicos, con sedes en Madrid y Getafe.",,,,,,,https://zelenza.com/,https://zelenza.com/talento-2/,Ofertas y envío de currículum desde su página de talento.
22-tecnologia,nueva-circet,Telecomunicaciones y electrónica,ficha,Circet,,Despliegue y mantenimiento de redes de telecomunicaciones y energía.,"Camino Bajo de Getafe, 3",28946,Fuenlabrada,,,,https://www.circet.es/,https://www.circet.es/compania-1/ofertas-de-empleo,Ofertas y autocandidatura en su web.
22-tecnologia,nueva-digi,Telecomunicaciones y electrónica,renglon,Digi,,"Operadora de telefonía móvil, internet y televisión.",,,,,,,https://www.digimobil.es/,https://www.digispain.es/empleo/,Inscripción en las ofertas de su portal de empleo.
22-tecnologia,nueva-ericsson-espana,Telecomunicaciones y electrónica,ficha,Ericsson,,Equipos y redes de telecomunicaciones; oficina en Madrid con ofertas de desarrollo de software y prácticas.,"Calle Retama, 1",28045,Madrid,"Cercanías Méndez Álvaro, a 300 m",913391000,,https://www.ericsson.com/en/about-us/company-facts/ericsson-worldwide/spain,https://jobs.ericsson.com/careers?location=Madrid,Inscripción en las ofertas de su portal de empleo (en inglés).
22-tecnologia,nueva-finetwork,Telecomunicaciones y electrónica,renglon,Finetwork,,Operadora de fibra y móvil.,,,,,,,https://www.finetwork.com/,https://www.finetwork.com/trabaja-con-nosotros,Inscripción en las ofertas de su portal de empleo.
22-tecnologia,nueva-huawei,Telecomunicaciones y electrónica,ficha,Huawei,,"Tecnologías de la información y comunicación: redes, dispositivos y nube; sede en Madrid.","Calle Isabel de Colbrand, 22, Centro Empresarial Castellana Norte",28050,Madrid,"Metro Las Tablas, a 900 m",913843888,spain@huawei.com,https://www.huawei.com/es/,,Su web española no tiene página de empleo: contacto general con la sede de Madrid por correo o teléfono.
22-tecnologia,nueva-k-tuin,Telecomunicaciones y electrónica,renglon,K-tuin,,"Tiendas de productos Apple: puestos de tienda, técnicos y administrativos.",,,,,,,https://www.k-tuin.com/,https://www.k-tuin.com/trabaja-con-nosotros,Desde «Trabaja con nosotros» en su web.
22-tecnologia,p62-12-01,Telecomunicaciones y electrónica,renglon,LG,,"LG Electronics España, con oficina en la zona de Madrid; página de España dentro del portal mundial de empleo.",,,,,,,https://globalcareers.lge.com/locations/ES,https://globalcareers.lge.com/locations/ES,"Inscripción en su portal de empleo, que está en inglés."
22-tecnologia,nueva-mediamarkt,Telecomunicaciones y electrónica,renglon,MediaMarkt,,"Cadena de electrónica: empleo en tiendas, oficinas centrales y centro logístico.",,,,,,,https://www.mediamarkt.es/es/,https://careers.mediamarktsaturn.com/MediaMarktES/content/letsgo/?locale=es_ES,Inscripción en las ofertas de su portal de empleo.
22-tecnologia,nueva-masorange,Telecomunicaciones y electrónica,renglon,Orange (MasOrange),,Operadora de telecomunicaciones con sede en Pozuelo de Alarcón; ofertas y becas.,,,,,,,https://corporativo.orange.es/,https://corporativo.orange.es/unete-a-nuestro-equipo/trabaja-con-nosotros-orange,Inscripción en las ofertas de su portal de empleo.
22-tecnologia,p62-11-01,Telecomunicaciones y electrónica,renglon,Philips,,"Tecnología sanitaria: hoy con varias ofertas en Madrid, sobre todo comerciales.",,,,,,,https://www.careers.philips.com/global/en,https://www.careers.philips.com/global/en/search-results?keywords=spain,"Inscripción en su portal de empleo, que está en inglés, filtrando por España."
22-tecnologia,nueva-phone-house,Telecomunicaciones y electrónica,renglon,Phone House,,"Cadena de tiendas de telefonía: venta, alquiler y reparación de móviles. Sede en Las Rozas.",,,,,,,https://www.phonehouse.es/,,"Enlace «Trabaja con nosotros» del pie de su web, que lleva a sus ofertas en InfoJobs."
22-tecnologia,nueva-telefonica,Telecomunicaciones y electrónica,renglon,Telefónica (Movistar),,Operadora de telecomunicaciones con sede en Madrid.,,,,,,,https://www.telefonica.com/es/,https://www.telefonica.com/es/empleo/,Inscripción en las ofertas de su portal de empleo.
22-tecnologia,nueva-vodafone,Telecomunicaciones y electrónica,renglon,Vodafone,,Operadora de telecomunicaciones con sede en Madrid; ofertas de empleo y becas.,,,,,,,https://www.vodafone.es/,https://www.vodafone.es/c/conocenos/es/vodafone-espana/trabaja-con-nosotros/,Inscripción en las ofertas de su portal de empleo.
22-tecnologia,nueva-zener,Telecomunicaciones y electrónica,ficha,Zener,,Instalación y mantenimiento de redes de telecomunicaciones.,"Ronda de Valdecarrizo, 47, naves B12-B15",28760,Tres Cantos,,912777227,,https://www.zener.es/es/,https://www.zener.es/es/portal-de-empleo/,"Inscripción en su portal de empleo, que se filtra por provincia."
22-tecnologia,nueva-42-madrid,Formación digital gratuita,ficha,42 Madrid,fundación,"Campus de programación gratuito de Fundación Telefónica, sin profesores ni clases. Único requisito: ser mayor de edad.","Ronda de la Comunicación, s/n",28050,Madrid,,,,https://www.42madrid.com/,,Registro en su web; se accede tras un proceso de admisión que acaba en «la piscina». Es presencial.
22-tecnologia,nueva-netacad,Formación digital gratuita,renglon,Cisco Networking Academy,,"Cursos gratuitos en línea de redes, ciberseguridad y programación.",,,,,,,https://www.netacad.com/es,,Inscripción en su web.
22-tecnologia,nueva-eoi,Formación digital gratuita,ficha,EOI Escuela de Organización Industrial,,"Programas de formación para el empleo gratuitos para sus destinatarios, cofinanciados por el Fondo Social Europeo.","Avda. Gregorio del Amo, 6",28040,Madrid,"Metro Vicente Aleixandre, a 100 m",913495600,,https://www.eoi.es/es,https://www.eoi.es/es/empleo-formacion,Inscripción en cada convocatoria desde su web.
22-tecnologia,nueva-factoria-f5,Formación digital gratuita,ficha,Factoría F5,,"Formación tecnológica intensiva y gratuita, con acompañamiento hacia el empleo.","C/ Fernando Poo, 25",28045,Madrid,"Metro Delicias, a 600 m",919480774; 604958472,madrid@factoriaf5.org,https://factoriaf5.org/,,Formulario «Únete» de su web.
22-tecnologia,nueva-cibervoluntarios,Formación digital gratuita,renglon,Fundación Cibervoluntarios,fundación,"Cursos presenciales gratuitos para aprender a manejarse con la tecnología, para todas las edades.",,,,,,,https://www.cibervoluntarios.org/es,,Desde «Formación gratuita» en su web.
22-tecnologia,nueva-conecta-empleo,Formación digital gratuita,ficha,Fundación Telefónica: formación digital,fundación,"Formación gratuita en competencias digitales, presencial y en línea, becas y el campus 42.",,,,,,,https://www.fundaciontelefonica.com/,https://www.fundaciontelefonica.com/cursos-formacion/,Inscripción en cada programa desde su web.
22-tecnologia,nueva-google-activate,Formación digital gratuita,renglon,Grow with Google (Google Actívate),,"Cursos de iniciación en habilidades digitales y certificados profesionales (soporte de TI, análisis de datos…).",,,,,,,https://grow.google/intl/es/,,"En línea, desde su web."
22-tecnologia,                                                                                                                                                                                                                                                                                                               nueva-ibm-skillsbuild,Formación digital gratuita,renglon,IBM SkillsBuild,,Formación 100 % gratuita en línea sobre inteligencia artificial y tecnología.,,,,,,,https://skillsbuild.org/es,,Registro en su web.
22-tecnologia,nueva-por-talento-digital,Formación digital gratuita,ficha,Por Talento Digital (Fundación ONCE),fundación,Formación en competencias digitales y tecnológicas para personas con discapacidad.,"C/ Fray Luis de León, 11",28012,Madrid,"Metro Palos de la Frontera, a 350 m",911106106; 603574540,cursos.portalentodigital@fundaciononce.es,https://portalentodigital.fundaciononce.es/,https://portalentodigital.fundaciononce.es/user/register,Registro en su web.
22-tecnologia,nueva-santander-open-academy,Formación digital gratuita,renglon,Santander Open Academy,,Plataforma en línea y gratuita de cursos y becas; no hace falta ser cliente del banco.,,,,,,,https://www.santanderopenacademy.com/es/index.html,,Registro en su web.
38-inmobiliarias,nueva-alfa-inmobiliaria,Redes y agencias inmobiliarias,ficha,Alfa Inmobiliaria,,"Red de oficinas inmobiliarias en franquicia, muchas en Madrid; para trabajar en una oficina pide el currículum por correo.","C/ Palos de la Frontera, 4",28012,Madrid,"Cercanías Embajadores, a 350 m",915191319,recursoshumanos@alfainmo.com,https://www.alfainmo.com/,,Currículum a recursoshumanos@alfainmo.com; oficinas en su localizador.
38-inmobiliarias,nueva-aliseda,Redes y agencias inmobiliarias,ficha,Aliseda,,"Venta y alquiler de viviendas, obra nueva, locales y suelo en toda España; sede en Madrid.","Avenida de Manoteras, 12, 5ª planta",28050,Madrid,"Metro Ligero Fuente de la Mora, a 700 m",,seleccionrrhh@alisedainmobiliaria.com,https://www.alisedainmobiliaria.com/,https://www.alisedainmobiliaria.com/sobre-aliseda/empleo,Currículum a seleccionrrhh@alisedainmobiliaria.com.
38-inmobiliarias,nueva-barnes,Redes y agencias inmobiliarias,ficha,Barnes Madrid,,Inmobiliaria de viviendas de lujo en Madrid; busca consultores inmobiliarios.,"Calle Velázquez, 15",28001,Madrid,"Metro Velázquez, a 300 m",911961820,,https://www.barnes-madrid.com/es,https://www.barnes-madrid.com/es/informaciones/trabaja-con-nosotros-25,Formulario de su página «Trabaja con nosotros».
38-inmobiliarias,nueva-cbre,Redes y agencias inmobiliarias,renglon,CBRE,,"Consultoría y servicios inmobiliarios; vías para estudiantes y graduados, facility management, ventas y consultoría.",,,,,,,https://www.cbre.es/,https://www.cbre.es/trabaja-con-nosotros,Ofertas en su página «Trabaja con nosotros».
38-inmobiliarias,nueva-clikalia,Redes y agencias inmobiliarias,ficha,Clikalia,,"Compra viviendas a particulares, las reforma y las vende; también alquiler. Sede en Madrid.","Calle María de Molina, 39, 9ª planta",28006,Madrid,"Metro Avenida de América, a 300 m",,hola@clikalia.com,https://clikalia.es/,https://clikalia.es/trabaja-con-nosotros,Ofertas en su página «Trabaja con nosotros».
38-inmobiliarias,nueva-cushman,Redes y agencias inmobiliarias,renglon,Cushman & Wakefield,,"Servicios inmobiliarios para empresas e inversores, con oficinas en Madrid y Barcelona.",,,,,,,https://www.cushmanwakefield.com/es-es/spain,https://www.cushmanwakefield.com/es-es/spain/careers,Ofertas en su página «Carreras».
38-inmobiliarias,nueva-lucas-fox,Redes y agencias inmobiliarias,ficha,Dils Lucas Fox,,"Inmobiliaria de viviendas de alta gama, con oficinas en Madrid, La Moraleja y Pozuelo de Alarcón.","Calle Serrano, 8 | Plaza de la Moraleja, Edificio 2, Local 3, 28109 La Moraleja | Avenida de Europa, 38, 28224 Pozuelo de Alarcón",28001,Madrid,"Metro Retiro, a 250 m",912900182,,https://www.lucasfox.es/,https://www.lucasfox.es/trabajar-en-lucas-fox.html,Vacantes en su página «Trabajar en Dils Lucas Fox».
38-inmobiliarias,nueva-donpiso,Redes y agencias inmobiliarias,ficha,Donpiso,,"Red inmobiliaria; busca comerciales de captación y venta, con trabajo a comisión y horario autogestionado.","Calle Castelló, 55",28001,Madrid,"Metro Núñez de Balboa, a 300 m",911610008,info@donpiso.com,https://www.donpiso.com/,https://www.donpiso.com/trabaja-con-nosotros,"Ofertas por provincia en su página «Trabajar»; si no hay la tuya, deja el currículum."
38-inmobiliarias,nueva-gesvalt,Redes y agencias inmobiliarias,ficha,Gesvalt,sociedad de tasación,Tasación y consultoría inmobiliaria; busca tasadores externos y otros perfiles.,"Paseo de la Castellana, 164",28046,Madrid,"Metro Cuzco, a 150 m",914576057,madrid@gesvalt.es,https://gesvalt.es/,https://gesvalt.es/unete-a-nosotros/,Formulario con currículum en su página «Únete a nosotros».
38-inmobiliarias,nueva-gilmar,Redes y agencias inmobiliarias,ficha,Gilmar,,"Compraventa y alquiler de viviendas, obra nueva y locales, con oficinas en Madrid, Aravaca y Pozuelo; busca asesores comerciales.",,,,,,,https://www.gilmar.es/,https://www.gilmar.es/jobs/,Currículum en su página «Trabaja con nosotros»; oficinas en su localizador.
38-inmobiliarias,nueva-hipoges,Redes y agencias inmobiliarias,ficha,Hipoges,,"Gestión de activos inmobiliarios y de préstamos para bancos e inversores, con oficina en Madrid.","Calle Albacete, 3, 5ª",28027,Madrid,"Metro Parque de las Avenidas, a 550 m",911549040,,https://www.hipoges.com/,https://www.hipoges.com/trabaja-en-hipoges/,Vacantes y candidatura general en su página «Trabaja en Hipoges».
38-inmobiliarias,nueva-housfy,Redes y agencias inmobiliarias,ficha,Housfy,,"Venta, alquiler, hipotecas y administración de fincas; contrata agentes inmobiliarios con nómina y administrativos de fincas en Madrid.",,,,,911237975,,https://housfy.com/,https://jobs.housfy.com/,Ofertas en su portal de empleo.
38-inmobiliarias,nueva-jll,Redes y agencias inmobiliarias,renglon,JLL,,"Consultoría y servicios inmobiliarios para propietarios, inquilinos e inversores.",,,,,,,https://www.jll.com/es-es/,https://www.jll.com/es-es/careers,Ofertas en su portal de empleo.
38-inmobiliarias,nueva-knight-frank,Redes y agencias inmobiliarias,renglon,Knight Frank,,"Consultora inmobiliaria para particulares, promotoras, inversores e inquilinos de empresa.",,,,,,,https://www.knightfrank.es/,https://www.knightfrank.com/careers,Ofertas en su portal internacional de empleo (filtra por España).
38-inmobiliarias,nueva-look-find,Redes y agencias inmobiliarias,ficha,Look & Find,,"Red de inmobiliarias en franquicia; busca asesores para sus oficinas, con formación en su escuela inmobiliaria.","C/ Miguel Yuste, 16, 3ª planta",28037,Madrid,"Metro Suanzes, a 200 m",913750340,info@lookandfind.es,https://lookandfind.es/,https://lookandfind.es/empleo,Formulario de su página de empleo.
38-inmobiliarias,nueva-redpiso,Redes y agencias inmobiliarias,ficha,Redpiso,,Red inmobiliaria con oficinas en Madrid y otras provincias; busca agentes y ofrece contrato indefinido y formación.,"Calle Eduardo Galeano, 2",28521,Rivas-Vaciamadrid,"Metro Rivas Futura, a 200 m",915078237,,https://www.redpiso.es/,https://realestate.redpiso.es/trabaja-con-nosotros/,Candidatura en su página «Trabaja con nosotros»; oficinas en su localizador.
38-inmobiliarias,nueva-savills,Redes y agencias inmobiliarias,renglon,Savills,,"Consultoría inmobiliaria: alquiler, compraventa, gestión de inmuebles, tasaciones; oficina en Madrid.",,,,,,,https://www.savills.es/,https://www.savills.es/talento/,Información y ofertas en su página «Talento».
38-inmobiliarias,nueva-sociedad-tasacion,Redes y agencias inmobiliarias,renglon,Sociedad de Tasación (Grupo ST),sociedad de tasación,"Tasación, consultoría y tecnología inmobiliaria, con sede en Madrid.",,,,,,,https://www.grupo-st.es/,https://www.grupo-st.es/trabaja-con-nosotros,Vacantes y envío de currículum en su página «Trabaja con nosotros».
38-inmobiliarias,nueva-tecnocasa,Redes y agencias inmobiliarias,ficha,Tecnocasa,,Red de agencias inmobiliarias en franquicia; selecciona asesores inmobiliarios para sus oficinas y los forma en su escuela.,"Avenida de la Libertad, 2, 1º 4ª",28924,Alcorcón,"Metro Puerta del Sur, a 50 m",916107762,,https://www.tecnocasa.es/,https://empleo.tecnocasa.es/,Inscripción en su portal de empleo.
38-inmobiliarias,nueva-tinsa,Redes y agencias inmobiliarias,ficha,Tinsa,sociedad de tasación,Tasación de inmuebles; busca arquitectos y arquitectos técnicos para su red de tasadores.,"Calle José Echegaray, 9",28232,Las Rozas de Madrid,"Cercanías Pinar de las Rozas, a 750 m",913727500,,https://www.tinsa.es/,https://www.tinsa.es/tasador-inmobiliario-colaboracion/,Formulario de su página para tasadores colaboradores.
38-inmobiliarias,nueva-aedas,Promotoras y gestoras de vivienda,ficha,AEDAS Homes,,"Promotora de viviendas de obra nueva en toda España, con sede en Madrid.","Paseo de la Castellana, 130, 5ª planta",28046,Madrid,"Metro Santiago Bernabéu, a 150 m",,,https://www.aedashomes.com/,https://www.aedashomes.com/unete,Ofertas y candidatura espontánea en su página «Únete».
38-inmobiliarias,nueva-culmia,Promotoras y gestoras de vivienda,ficha,Culmia,,"Promotora de viviendas en venta, alquiler y vivienda asequible; delegación en Madrid.","Calle de Génova, 27, planta 2",28004,Madrid,"Metro Colón, a 100 m",,,https://www.culmia.com/es/,https://jobs.culmia.com/,Vacantes en su portal de empleo.
38-inmobiliarias,nueva-ibosa,Promotoras y gestoras de vivienda,ficha,Grupo Ibosa,,Promotora de viviendas de obra nueva y vivienda protegida en Madrid.,"Calle Eucalipto, 33",28016,Madrid,"Metro Avenida de la Paz, a 400 m",914118983,,https://www.grupoibosa.com/,https://www.grupoibosa.com/trabaja-con-nosotros.html,Currículum al correo que indica su página «Trabaja con nosotros».
38-inmobiliarias,nueva-grupo-lar,Promotoras y gestoras de vivienda,ficha,Grupo Lar,,Grupo inmobiliario: promoción de viviendas y gestión de activos; sede en Madrid.,"Calle María de Molina, 39, planta 10",28006,Madrid,"Metro Avenida de América, a 300 m",914360437,cv@grupolar.com,https://grupolar.com/,https://grupolar.com/trabaja-con-nosotros/,Currículum a cv@grupolar.com.
38-inmobiliarias,nueva-inmoglaciar,Promotoras y gestoras de vivienda,ficha,Inmoglaciar,,"Promotora de viviendas con promociones en Madrid, Barcelona, Málaga y Baleares.","Paseo de la Castellana, 93, planta 14",28046,Madrid,"Metro Santiago Bernabéu, a 150 m",914311616,,https://inmoglaciar.com/,https://inmoglaciar.com/trabaja-con-nosotros/,Ofertas y envío de currículum en su página «Trabaja con nosotros».
38-inmobiliarias,nueva-metrovacesa,Promotoras y gestoras de vivienda,ficha,Metrovacesa,,"Promotora de viviendas de obra nueva, con sede en Madrid.","C/ Puerto de Somport, 23, edificio A, planta 1",28050,Madrid,"Metro Ligero María Tudor, a 850 m",913183700,,https://metrovacesa.com/,https://metrovacesa.com/trabaja-con-nosotros,Ofertas y envío de currículum en su página «Trabaja con nosotros».
38-inmobiliarias,nueva-pryconsa,Promotoras y gestoras de vivienda,ficha,Pryconsa,,"Promotora y constructora de viviendas en venta y alquiler, con oficina central en Madrid.","Glorieta de Cuatro Caminos, 6 y 7",28020,Madrid,"Metro Cuatro Caminos, a 50 m",915140300,,https://www.pryconsa.es/,https://www.pryconsa.es/trabaja-con-nosotros,Ofertas en su página «Trabaja con nosotros».
38-inmobiliarias,nueva-via-celere,Promotoras y gestoras de vivienda,ficha,Vía Célere,,"Promotora de viviendas de obra nueva, con oficinas en Madrid.","C/ Méndez Álvaro, 55, Edificio Poniente",28045,Madrid,"Metro Méndez Álvaro, a 350 m",,info@viacelere.es,https://www.viacelere.com/,https://www.viacelere.com/trabaja-en-via-celere/,Ofertas y registro de currículum en su página «Trabaja en Vía Célere».
38-inmobiliarias,nueva-administradoresyfincas,Administración de fincas y comunidades,ficha,Administradores y Fincas,,"Administración de fincas en barrios de Madrid como Salamanca, Tetuán o Carabanchel.","Calle Castelló, 82",28006,Madrid,"Metro Núñez de Balboa, a 350 m",917815944,gestor@administradoresyfincas.es,https://administradoresyfincas.es/,,No tiene página de empleo; su web da teléfono y correo de contacto.
38-inmobiliarias,nueva-comunia,Administración de fincas y comunidades,ficha,ComunIA,,"Gestión integral de inmuebles y administración de fincas en Madrid, con dos oficinas.","Calle Fernán González, 36, 4º dcha. | Avenida del Manzanares, 98, 28019 Madrid",28009,Madrid,"Metro Ibiza, a 400 m",915500677,gestion@fincascomunia.com,https://fincascomunia.com/,,No tiene página de empleo; su web da teléfono y correo de contacto.
38-inmobiliarias,nueva-dorado-ayg,Administración de fincas y comunidades,ficha,Dorado AyG,,Administración de fincas y gestión de comunidades de vecinos en Madrid.,"Plaza Conde de Casal, 2, 1º B",28007,Madrid,"Metro Conde de Casal, a 50 m",914337277,dorado@doradoayg.es,https://www.doradoayg.es/,,No tiene página de empleo; su web da teléfono y correo de contacto.
38-inmobiliarias,nueva-fincagestion,Administración de fincas y comunidades,ficha,FincaGestión,,Administración de fincas y gestión de comunidades en Madrid.,"C/ Isaac Peral, 42, 2ª planta, oficina 4",28015,Madrid,"Metro Islas Filipinas, a 350 m",917815616,info@fincagestion.es,https://fincagestion.es/,,No tiene página de empleo; su web da teléfono y correo de contacto.
38-inmobiliarias,nueva-gestrad,Administración de fincas y comunidades,ficha,Grupo Gestrad Fincas,,Administración de fincas y auditoría de cuentas de comunidades de propietarios en Madrid.,"Calle de la Santísima Trinidad, 6",28010,Madrid,"Metro Iglesia, a 100 m",915933781,fincas@grupogestrad.es,https://www.grupogestradfincas.com/,,No tiene página de empleo; su web da teléfono y correo de contacto.
38-inmobiliarias,nueva-iamp,Administración de fincas y comunidades,ficha,IAMP,,"Administradores de fincas en Madrid, con oficina en Las Tablas.","C/ Viloria de la Rioja, 49",28050,Madrid,"Metro Ligero Palas de Rey, a 300 m",608608987,info@iamp.es,https://iamp.es/,,No tiene página de empleo; su web da teléfono y correo de contacto.
38-inmobiliarias,nueva-lpm,Administración de fincas y comunidades,ficha,LPM Administración,,Administración de fincas y asesoría fiscal en Madrid.,"C/ Jesús del Valle, 6",28004,Madrid,"Metro Noviciado, a 250 m",915321417,info@lpmfincas.es,https://lpmfincas.es/,,No tiene página de empleo; su web da teléfono y correo de contacto.
38-inmobiliarias,nueva-mbr,Administración de fincas y comunidades,ficha,MBR Administradores,,Administración de fincas en Madrid y Alcalá de Henares.,"Paseo de los Curas, 18, local",28803,Alcalá de Henares,,914893071,fincas@mbr-administradores.es,https://www.mbr-administradores.es/,,No tiene página de empleo; su web da teléfono y correo de contacto.
38-inmobiliarias,nueva-ntfincas,Administración de fincas y comunidades,ficha,NT Fincas,,Administración de fincas en Madrid.,"Calle de Illescas, 22, local",28024,Madrid,"Metro Campamento, a 400 m",917526383,,https://www.ntfincas.com/,,No tiene página de empleo; su web da teléfono y correo de contacto.
38-inmobiliarias,nueva-oxabre,Administración de fincas y comunidades,ficha,Oxabre,,"Administración de fincas y agencia inmobiliaria, con oficinas en Madrid y Alcobendas.","C/ Jorge Juan, 28, 1º izq.",28001,Madrid,"Metro Velázquez, a 150 m",915152262,info@oxabre.com,https://oxabre.com/,,No tiene página de empleo; su web da teléfono y correo de contacto.
38-inmobiliarias,nueva-solufincas,Administración de fincas y comunidades,ficha,Solufincas,,Administración de comunidades de propietarios en Madrid y Getafe.,"Calle Guanabacoa, 12, local bajo",28907,Getafe,,915466035,solufincas@solufincas.com,https://www.solufincas.com/,,No tiene página de empleo; su web da teléfono y correo de contacto.
38-inmobiliarias,nueva-alquiler-seguro,Alquiler y residencias,ficha,Alquiler Seguro,,"Gestión integral de alquileres con renta garantizada, con sede en Madrid.","Avenida de América, 18",28028,Madrid,"Metro Avenida de América, a 150 m",910775775,info@alquilerseguro.es,https://www.alquilerseguro.es/,,Su enlace «Trabaja con nosotros» lleva a su página de LinkedIn.
38-inmobiliarias,nueva-habyt,Alquiler y residencias,renglon,Habyt,,"Alojamiento flexible: apartamentos amueblados con servicio de hotel en Berlín, Viena y Madrid.",,,,,,,https://habyt.com/es,https://habyt.bamboohr.com/careers,Ofertas en su portal de empleo.
38-inmobiliarias,nueva-micampus,Alquiler y residencias,ficha,micampus,,"Residencias universitarias en Madrid, Getafe, Leganés y otras ciudades; recepción, cocina y mantenimiento.","Plaza de la Independencia, 8",28001,Madrid,"Metro Retiro, a 250 m",910781683,info@micampusliving.com,https://micampusresidencias.com/,https://micampusliving.teamtailor.com/,Vacantes en su página de empleo.
38-inmobiliarias,nueva-resa,Alquiler y residencias,ficha,Resa,,"Residencias universitarias en Madrid, Alcalá de Henares y otras ciudades; contrata recepción y mantenimiento.",,,,,900649169,,https://resa.es/,https://empleo.resa.es/jobs,Ofertas en su portal de empleo.
38-inmobiliarias,nueva-spotahome,Alquiler y residencias,ficha,Spotahome,,"Plataforma de alquiler de pisos, habitaciones y residencias por meses, con oficina en Madrid.","C/ de Piamonte, 23",28004,Madrid,"Metro Chueca, a 250 m",,,https://www.spotahome.com/,https://rentout.spotahome.com/people-careers,Vacantes en su página de empleo o currículum si no encuentras tu puesto.
38-inmobiliarias,nueva-testa-homes,Alquiler y residencias,ficha,Testa Homes,,Viviendas en alquiler en Madrid y otras ciudades; gestión residencial.,"C/ Santiago de Compostela, 94, planta 3ª",28035,Madrid,"Metro Avenida de la Ilustración, a 250 m",918317073,info@testahomes.com,https://www.testahomes.com/,https://www.testahomes.com/trabaja-con-nosotros/,Formulario con currículum en su página «Trabaja con nosotros».
38-inmobiliarias,nueva-ukio,Alquiler y residencias,ficha,Ukio,,Pisos amueblados de alquiler por meses en Madrid y otras ciudades europeas.,"Calle Diego de León, 22",28006,Madrid,"Metro Núñez de Balboa, a 600 m",911235203,,https://ukio.com/es,https://ukio.com/es/careers,Vacantes en su página «Trabaja con nosotros» o currículum para su base de talento.
38-inmobiliarias,nueva-vivenio,Alquiler y residencias,ficha,Vivenio,,"Pisos de alquiler en Madrid, Barcelona y otras ciudades.","Calle María de Molina, 54, 3ª planta",28006,Madrid,"Metro Avenida de América, a 300 m",911988050,info@vivenio.com,https://www.vivenio.com/,,Su web invita a escribir a info@vivenio.com para unirse al equipo.
38-inmobiliarias,nueva-xior,Alquiler y residencias,ficha,Xior,,"Residencias de estudiantes; en Madrid, Xior Madrid Retiro y Xior Campus UEM.","Calle de Don Ramón de la Cruz, 37",28001,Madrid,"Metro Núñez de Balboa, a 150 m",,,https://www.xiorstudenthousing.eu/,https://corporate.xior.be/en/careers/vacancies,Vacantes por país (España) en su web corporativa.
38-inmobiliarias,nueva-yugo,Alquiler y residencias,renglon,Yugo,,"Residencias de estudiantes en Madrid, Alcalá de Henares y otras ciudades.",,,,,,,https://yugo.com/es-es/global/spain/madrid,https://yugo.com/es-es/join-the-team-599434,Ofertas en su página «Únete al equipo».
38-inmobiliarias,nueva-cafmadrid,Formación y colegios profesionales,ficha,Colegio de Administradores de Fincas de Madrid (CAFMadrid),colegio profesional,"Colegio profesional de los administradores de fincas de la Comunidad de Madrid: colegiación, formación y servicios.","García de Paredes, 70",28010,Madrid,"Metro Gregorio Marañón, a 350 m",915919670,secretaria@cafmadrid.es,https://cafmadrid.es/,,Las titulaciones que piden para colegiarse están en su página «Cómo colegiarse».
38-inmobiliarias,nueva-coapi-madrid,Formación y colegios profesionales,ficha,Colegio de Agentes de la Propiedad Inmobiliaria de Madrid (COAPI),colegio profesional,Colegio oficial de los agentes de la propiedad inmobiliaria; cursos y seminarios para el sector.,"C/ Gran Vía, 59, 5ª planta",28013,Madrid,"Metro Santo Domingo, a 100 m",915423535,coapi@coapimadrid.org,https://www.coapimadrid.es/,,"Información y cursos en su web; su «Bolsa inmobiliaria» es de inmuebles, no de empleo."
38-inmobiliarias,nueva-formacion-fincas-alcala,Formación y colegios profesionales,ficha,Diploma de Formación Superior en Administración de Fincas (Universidad de Alcalá),formación universitaria,Título propio de la Universidad de Alcalá; su web publica ofertas de trabajo y prácticas del sector.,"C/ Libreros, 27",28801,Alcalá de Henares,"Cercanías Alcalá de Henares, a 600 m",918856861,formacion.afincas@uah.es,https://formacionafincas-alcala.es/,https://formacionafincas-alcala.es/ofertas-de-trabajo-y-practicas/,Información y matrícula en su web.
18-administracion,nueva-abai,Contact center,ficha,Abai,,"Contact center y externalización de procesos, con varios centros en Madrid y Rivas-Vaciamadrid.","Vía de los Poblados, 3, edificio Cristalia Play 4B, 28033 Madrid | Avda. de Córdoba, 21, 28026 Madrid | C/ Marie Curie, 17-19, 28521 Rivas-Vaciamadrid",28033,Madrid,"Metro San Lorenzo, a 350 m",911309425,info@abaigroup.com,https://www.abaigroup.com/,https://abai-group.ofertas-trabajo.infojobs.net/ofertas,"Inscripción en sus ofertas de InfoJobs, enlazadas desde «Talento»."
18-administracion,nueva-atento,Contact center,renglon,Atento,,"Experiencia de cliente y externalización de procesos para telecomunicaciones, tecnología y otros sectores.",,,,,,,https://atento.com/es/,https://atento.com/es/trabaja-con-nosotros,Formulario «¿Quieres trabajar con nosotros?» de su web.
18-administracion,nueva-adm-atenzia,Contact center,ficha,Atenzia,,Teleasistencia y atención a personas mayores; dos oficinas en Madrid.,"Plaza de Manuel Gómez Moreno, 2, 7ª | C/ Marqués de Ahumada, 7, 3ª, 28028 Madrid",28020,Madrid,"Cercanías Nuevos Ministerios, a 250 m",915632289,info@atenzia.com,https://atenzia.com/es,https://atenzia.com/es/somos-atenzia/nuestro-equipo,Ofertas y envío de CV en «Nuestro equipo».
18-administracion,nueva-adm-axactor,Contact center,ficha,Axactor,,Gestión y recuperación de deuda; sede en Madrid.,"C/ Juan Esplandiú, 11-13, planta 12",28007,Madrid,"Metro Sainz de Baranda, a 550 m",910120462,informacion@axactor.com,https://www.axactor.com/es/,https://axactor.career.velorahr.com/axactor-109,"Inscripción en las vacantes de su portal de empleo, enlazado desde «Trabaja con nosotros»."
18-administracion,nueva-adm-bosch-ss,Contact center,ficha,Bosch Service Solutions,,"Servicio al cliente, monitorización y externalización de procesos; centro en Alcobendas.","Avda. de Bruselas, 15",28108,Alcobendas,"Metro La Moraleja, a 100 m",,,https://www.boschservicesolutions.com/es/,https://www.boschservicesolutions.com/es/empleo/,Ofertas en su página de empleo.
18-administracion,nueva-adm-cabot,Contact center,ficha,Cabot Financial Spain,,Gestión de crédito y recobro; publica puestos de agente de call center en Madrid.,"Avda. de Manoteras, 46, planta 4ª A",28050,Madrid,"Metro Ligero Virgen del Cortijo, a 300 m",917909999,info@cabotfinancial.es,https://www.cabotfinancial.es/,https://careers.encorecapital.com/en/cabot-credit-management,Ofertas en el portal de empleo de su grupo (en inglés).
18-administracion,nueva-adm-cosmos,Contact center,ficha,Cosmos Call Center,,"Call center en Madrid: atención al cliente, televenta, encuestas, captación de socios para ONG y back office.","C/ Poeta Joan Maragall, 1, planta 16",28020,Madrid,"Metro Santiago Bernabéu, a 300 m",911931169,cv@cosmoscallcenter.es,https://cosmoscallcenter.com/,https://cosmoscallcenter.com/trabaja-con-nosotros,Formulario de «Trabaja con nosotros» o CV por correo.
18-administracion,nueva-covisian,Contact center,renglon,Covisian (GSS),,"Gestión de clientes por teléfono: atención, retención y venta.",,,,,,,https://www.covisian.com/es/,https://covisian.ofertas-trabajo.infojobs.net/,Inscripción en sus ofertas de InfoJobs.
18-administracion,nueva-adm-eos,Contact center,ficha,EOS Spain,,Gestión de cobros y compra de deuda; oficina en Madrid.,"C/ Cardenal Marcelo Spínola, 8, 2º",28016,Madrid,"Metro Pío XII, a 650 m",912909360,,https://es.eos-solutions.com/,https://es.eos-solutions.com/career,Ofertas y candidatura espontánea desde su página de empleo.
18-administracion,nueva-foundever,Contact center,renglon,Foundever,,"Atención al cliente para aseguradoras y otras marcas. Sedes en Madrid, Barcelona, Málaga y Sevilla.",,,,,,,https://foundever.com/es/,https://jobs.foundever.com/go/Search-Jobs-Spain/9245200/,Inscripción en las ofertas de su portal de empleo.
18-administracion,nueva-adm-gescobro,Contact center,ficha,GCBE (Gescobro),,"Recuperación de deuda: gestores de cobro y recobro, back office y administrativos; oficina en Madrid.","C/ Acanto, 22, 5ª planta",28045,Madrid,"Cercanías Méndez Álvaro, a 250 m",910299344,info@gcbe.es,https://gcbe.es/,https://gcbe.es/trabaja-con-nosotros/,Ofertas en «Trabaja con nosotros».
18-administracion,nueva-adm-hoist,Contact center,ficha,Hoist Finance,,Compra y gestión de deuda; oficina en Madrid.,"Avda. de Manoteras, 44, 1ª planta",28050,Madrid,"Metro Ligero Fuente de la Mora, a 300 m",,,https://www.hoistfinance.es/,https://hoistspain.teamtailor.com/,"Inscripción en sus vacantes, enlazadas desde «Trabaja en Hoist»."
18-administracion,nueva-adm-imop,Contact center,ficha,IMOP Insights,,Investigación social y de mercado; busca encuestadores telefónicos y personales.,"C/ Antracita, 7, planta 4ª, of. 18",28045,Madrid,"Metro Arganzuela-Planetario, a 250 m",914570022,imop@imop.es,https://www.imop.es/,https://www.imop.es/empleo/,"En su página de empleo se elige el puesto (encuestador telefónico, encuestador personal…)."
18-administracion,nueva-intelcia,Contact center,ficha,Intelcia,,Atención al cliente por teléfono y otros canales. El Grupo Unísono forma parte de Intelcia.,"C/ Julián Camarillo, 29-31 | C/ Emilio Muñoz, 9, 28037 Madrid",28037,Madrid,"Metro Suanzes, a 600 m",914101010,,https://www.intelcia.com/es,https://intelcia.ofertas-trabajo.infojobs.net/,"Inscripción en sus ofertas de InfoJobs, enlazadas desde «Únete» en su web."
18-administracion,nueva-adm-intrum,Contact center,ficha,Intrum,,"Gestión de crédito, recobro y activos inmobiliarios; sede en Madrid.","Vía de los Poblados, 3, edificio 1",28033,Madrid,"Metro San Lorenzo, a 350 m",914847850,,https://www.intrum.es/,https://www.intrum.es/empresas/sobre-intrum/trabaja-en-intrum/,"Vacantes en su portal internacional (en inglés), enlazado desde «Trabaja en Intrum»."
18-administracion,nueva-adm-isgf,Contact center,ficha,ISGF,,"Contact center de recobro y atención al cliente, con dos centros en Madrid.","C/ Lezama, 2 | C/ Julián Camarillo, 42, 28037 Madrid",28034,Madrid,"Cercanías Ramón y Cajal, a 350 m",968358020,info@isgf.es,https://www.isgf.es/,https://www.isgf.es/Personas,CV desde su página «Personas» o inscripción en sus ofertas de InfoJobs.
18-administracion,nueva-konecta,Contact center,renglon,Konecta,,"Atención al cliente, ventas y gestión telefónica para banca, seguros, energía y telecomunicaciones.",,,,,,,https://konecta.com/es,https://talentok.grupokonecta.com/web/konecta/ofertas,"Inscripción en su portal de ofertas, que se filtra por ciudad (Madrid, Majadahonda, Rivas-Vaciamadrid…)."
18-administracion,nueva-adm-kruk,Contact center,ficha,KRUK España,,Recuperación de deuda: gestores telefónicos y presenciales de recobro; sede en Madrid.,"C/ Juan Ignacio Luca de Tena, 14",28027,Madrid,"Metro Suanzes, a 850 m",910389391,info@es.kruk.eu,https://es.kruk.eu/,https://kruk.factorial.es/,"Inscripción en las ofertas de su portal de empleo, que se filtra por Madrid."
18-administracion,nueva-adm-lanalden,Contact center,ficha,Lanalden,,Contact center e IA para atención al cliente; sede en Bizkaia y oficina en Madrid.,"C/ Miguel Yuste, 17",28037,Madrid,"Metro Suanzes, a 250 m",,,https://www.lanalden.com/,https://lanalden.ofertas-trabajo.infojobs.net/ofertas,"Inscripción en sus ofertas de InfoJobs, enlazadas desde «Únete»."
18-administracion,nueva-linea-directa,Contact center,renglon,Línea Directa Aseguradora,,Aseguradora con sede en Tres Cantos; publica ofertas de empleo y de prácticas.,,,,,,,https://www.lineadirectaaseguradora.com/,https://www.lineadirectaaseguradora.com/trabaja-con-nosotros,Inscripción en las ofertas de su portal de empleo.
18-administracion,nueva-adm-madison,Contact center,ficha,Madison,,"Marketing, experiencia de cliente, BPO y contact center; dos centros en Madrid.","C/ Estrada, 12 | C/ Caballero de la Blanca Luna, 13, 28034 Madrid",28034,Madrid,"Cercanías Ramón y Cajal, a 200 m",,,https://madisonmk.com/,https://madisonmk.com/unete-al-equipo,Ofertas de empleo enlazadas desde «Únete al equipo».
18-administracion,nueva-marktel,Contact center,ficha,Marktel,,"Externalización de procesos: atención al cliente, ventas y recobros.","C/ Salvatierra, 3",28034,Madrid,"Cercanías Ramón y Cajal, a 350 m",911029200,info@marktel.es,https://marktel.es/,https://marktel.ofertas-trabajo.infojobs.net/,"Inscripción en sus ofertas de InfoJobs, enlazadas desde «Únete a Marktel»."
18-administracion,nueva-salesland,Contact center,ficha,Salesland,,"Externalización de ventas: comerciales, promotores y televenta.","C/ Albasanz, 35, 1ª planta, 28037 Madrid | C/ Miguel Yuste, 33, 28037 Madrid",28037,Madrid,"Metro Suanzes, a 350 m",917489080,,https://salesland.net/,https://empleo.salesland.net/,Inscripción en su portal de empleo. Se elige el país y después la oferta.
18-administracion,nueva-servinform,Contact center,ficha,Servinform,,"Contact center, back office y servicios tecnológicos; publica puestos administrativos y de teleoperador.","Avda. de los Premios Nobel, 37, 28850 Torrejón de Ardoz",28850,Torrejón de Ardoz,"Cercanías Soto del Henares, a 850 m",916556984,,https://www.servinform.es/,https://empleo.servinform.es,Inscripción en su portal de empleo. También admite enviar el currículum sin oferta.
18-administracion,nueva-adm-teyame,Contact center,ficha,Teyamé,,"Contact center: telemarketing, atención al cliente y marketing orientado a resultados.","C/ Rufino González, 21",28037,Madrid,"Metro Suanzes, a 200 m",911944450,,https://teyame.com/,https://teyame.epreselec.com/Ofertas/Ofertas.aspx,Inscripción en sus ofertas o envío del CV desde «Trabaja con nosotros».
18-administracion,nueva-teleperformance,Contact center,renglon,TP (Teleperformance),,"Atención al cliente, ventas y moderación de contenidos para marcas internacionales; muchas campañas con idiomas.",,,,,,,https://www.tp.com/es-es/ubicaciones/spain/,https://jobs.teleperformance.es/jobs-in-madrid/,Inscripción en su portal de empleo. La página está en inglés.
18-administracion,nueva-transcom,Contact center,renglon,Transcom,,"Atención al cliente y captación telefónica; publica ofertas de teleoperador en Madrid, también en teletrabajo.",,,,,,,https://transcom.com/es,https://apply.careers.transcom.com/es_ES/careers,Inscripción en las ofertas de su portal de empleo.
18-administracion,nueva-adm-tunstall,Contact center,ficha,Tunstall Televida,,"Teleasistencia; publica ofertas de teleoperador y oficial de teleasistencia, también del servicio de Madrid.","Polígono Empresarial San Fernando, edificio Múnich, 2ª planta",28830,San Fernando de Henares,,,,https://www.tunstall.es/,https://es-careers.tunstall.com/jobs,Inscripción en las ofertas de su portal de empleo.
18-administracion,nueva-adm-allianz-direct,Atención al cliente y televenta,ficha,Allianz Direct,,Aseguradora de coche y moto que vende y atiende por internet y teléfono; sede en Madrid.,"C/ Ramírez de Arellano, 35",28043,Madrid,"Metro Avenida de la Paz, a 800 m",910789888,talento@allianzdirect.es,https://www.allianzdirect.es/,https://www.allianzdirect.es/trabaja-con-nosotros/,"Ofertas en LinkedIn enlazadas desde su web, o CV a talento@allianzdirect.es."
18-administracion,nueva-adm-fenie,Atención al cliente y televenta,ficha,Feníe Energía,,"Comercializadora de luz y gas con sede en Madrid; publica ofertas, entre ellas de atención al cliente.","C/ Alsasua, 20",28023,Madrid,"Cercanías El Barrial-Centro Comercial Pozuelo, a 100 m",,,https://www.fenieenergia.es/es,https://www.fenieenergia.es/es/sobre-fenie/trabaja-con-nosotros,Ofertas en «Trabaja con nosotros» de su web.
18-administracion,nueva-adm-idealista,Atención al cliente y televenta,renglon,Idealista,,Portal inmobiliario con sede en Madrid; publica puestos de atención al cliente.,,,,,,,https://www.idealista.com/,https://careers.idealista.com/,Inscripción en sus vacantes.
18-administracion,nueva-adm-plan-fundraising,Atención al cliente y televenta,ficha,Plan Fundraising,,"Captación telefónica de socios y donaciones para ONG, con más de 500 teleoperadores.","C/ Orense, 85",28020,Madrid,"Metro Tetuán, a 350 m",910612122,hola@planfundraising.org,https://planfundraising.org/,,Sin página de empleo: candidatura espontánea por correo o teléfono.
18-administracion,nueva-adm-selectra,Atención al cliente y televenta,ficha,Selectra,,"Asesoría y comparación de facturas de luz, gas, internet y seguros; busca agentes comerciales telefónicos en Madrid.","C/ Francisco Remiro, 2, módulo E",28028,Madrid,"Metro Cartagena, a 300 m",,,https://selectra.es/,https://iberoamerica.selectra.com/jobs,Inscripción en sus vacantes; las de agente en Madrid revisadas hoy son con contrato indefinido.
18-administracion,nueva-adm-fundraising-company,Atención al cliente y televenta,ficha,The Fundraising Company,,Captación y fidelización de socios y donantes para ONG.,"C/ Caleruega, 81, 7º",28033,Madrid,"Metro Ligero Pinar de Chamartín, a 350 m",913501122,,https://fundraisingcompany.es/,https://fundraisingcompany.es/empleo,Formulario de empleo con CV en su web.
18-administracion,nueva-a10-azafatas,"Administración, recepción y secretariado",ficha,A10 Azafatas,,Agencia de azafatas y personal promocional para eventos y acciones de promoción.,"C/ Marqués de Monteagudo, 24",28028,Madrid,"Metro Cartagena, a 350 m",915654769,,https://a10azafatas.com/,https://a10azafatas.com/trabaja-con-nosotros/,Inscripción en su base de datos desde «Trabaja con nosotros».
18-administracion,nueva-ache-azafatas,"Administración, recepción y secretariado",ficha,ACHE Azafatas,,Agencia de azafatas para eventos y personal de recepción.,"C/ de Cadarso, 8",28008,Madrid,"Metro Plaza de España, a 450 m",914440123,,https://acheazafatas.es/,https://acheazafatas.es/unete/,Inscripción gratuita con perfil en «Únete».
18-administracion,nueva-adm-cink,"Administración, recepción y secretariado",ficha,Cink Coworking,,"Red de coworking con 11 espacios en Madrid: oficinas privadas, puestos, salas y domiciliación.","Paseo de la Castellana, 194 | C/ Condesa de Venadito, 1, 28027 Madrid | Avda. de Manoteras, 24, 28050 Madrid",28046,Madrid,"Metro Cuzco, a 400 m",912900570,info@cinkcoworking.es,https://cinkcoworking.es/,,"Sin página de empleo: candidatura espontánea por correo o teléfono. Sus 11 centros, en la portada."
18-administracion,nueva-adm-cn-centros,"Administración, recepción y secretariado",ficha,CN Centros de Negocios,,"Oficinas, despachos, coworking y oficinas virtuales con recepción, con centros en Madrid.","C/ Juan Bravo, 3A | C/ Lagasca, 95, 28006 Madrid",28006,Madrid,"Metro Rubén Darío, a 350 m",914367350,,https://cncentrosdenegocios.com/,,Sin página de empleo: candidatura espontánea por correo o teléfono.
18-administracion,nueva-colavoro,"Administración, recepción y secretariado",ficha,Colavoro,,"Externalización de servicios auxiliares y selección: recepcionistas, conserjes y personal de oficina.","C/ del Haya, 4, planta 4ª, oficina 4",28044,Madrid,,913515629,,https://colavoro.com/,https://colavoro.com/bolsa-de-trabajo/,Inscripción en las ofertas de su bolsa de empleo.
18-administracion,nueva-adm-impact-hub,"Administración, recepción y secretariado",ficha,Impact Hub Madrid,,"Coworking, eventos y consultoría, con tres espacios en Madrid; publica sus vacantes.","C/ Alameda, 22 | C/ Serrano Anguita, 13, 28004 Madrid | C/ Javier Ferrero, 10, 28002 Madrid",28014,Madrid,"Metro Congosto, a 700 m",911924854,,https://madrid.impacthub.net/,https://madrid.impacthub.net/quienes-somos/ofertas-laborales/,Vacantes y formulario con CV en «Únete a nuestro equipo».
18-administracion,nueva-agencia-azafatas,"Administración, recepción y secretariado",ficha,La Agencia de Azafatas,,"Agencia de azafatas para eventos, congresos y ferias.","C/ Hermosilla, 48",28001,Madrid,"Metro Velázquez, a 150 m",917372763,,https://agenciaazafatas.com/,https://agenciaazafatas.com/por-que-trabajar-con-nosotros/,Desde «Trabaja con nosotros» en su web.
18-administracion,nueva-adm-lexington,"Administración, recepción y secretariado",ficha,Lexington,,"Oficinas flexibles y centros de negocios en Madrid, Alcobendas y Barcelona.","Paseo de la Castellana, 141, planta 19",28046,Madrid,"Metro Cuzco, a 150 m",900181249,info@lexington.es,https://www.lexington.es/,,Formulario «Trabaja con nosotros» con CV en su web.
18-administracion,nueva-adm-loom,"Administración, recepción y secretariado",ficha,LOOM,,"Espacios de trabajo flexibles: oficinas, despachos, puestos fijos y salas de reunión.","Paseo de la Castellana, 257",28046,Madrid,"Metro Chamartín, a 500 m",914388475,rrhh@loom.es,https://loom.es/,,"CV a rrhh@loom.es, el correo del enlace «Empleo» de su web."
18-administracion,nueva-adm-office-madrid,"Administración, recepción y secretariado",ficha,Office Madrid,,"Alquiler de oficinas y despachos, coworking y secretaría virtual en varios centros de Madrid.","Avda. de Brasil, 29 | C/ Orense, 56, 28020 Madrid | C/ Doctor Castelo, 44, 28009 Madrid",28020,Madrid,"Metro Cuzco, a 300 m",917371799,info@officemadrid.es,https://www.officemadrid.es/,,Sin página de empleo: candidatura espontánea por correo o teléfono.
18-administracion,nueva-robert-walters,"Administración, recepción y secretariado",renglon,Robert Walters,consultora de selección,Búsqueda y selección especializada de mandos intermedios y directivos. Walters People lleva hoy a esta web.,,,,,,,https://www.robertwalters.es/,https://www.robertwalters.es/ofertas-de-empleo.html,Inscripción en las ofertas de su portal de empleo.
18-administracion,nueva-adm-utopicus,"Administración, recepción y secretariado",ficha,Utopicus,,"Oficinas flexibles, coworking y salas de reunión, con varios centros en Madrid.","C/ Príncipe de Vergara, 112 | Paseo de la Castellana, 163, 28046 Madrid | C/ José Abascal, 56, 28003 Madrid",28002,Madrid,"Metro Avenida de América, a 250 m",911590510,seleccion@utopicus.es,https://utopicus.es/,https://utopicus.es/ofertas-de-trabajo,CV a seleccion@utopicus.es; ofertas en «Trabaja con nosotros». Más centros en «Alquiler de oficinas».
18-administracion,nueva-adm-archiplus,Back office y gestión documental,ficha,Archiplus,,"Gestión documental, custodia y digitalización de documentos.","C/ Estocolmo, 10",28232,Las Rozas de Madrid,,910886916,,https://www.archiplus.es/,https://www.archiplus.es/trabaja-con-nosotros/,Formulario con CV en «Trabaja con nosotros».
18-administracion,nueva-adm-docout,Back office y gestión documental,ficha,Docout,,"Outsourcing documental: digitalización, custodia y gestión de documentos.","C/ Miguel Faraday, 11, Pol. Ind. La Carpetania",28906,Getafe,,915790800,rrhh@docout.es,https://www.docout.es/,,CV a rrhh@docout.es («Únete al equipo» en su portada).
18-administracion,nueva-adm-docunecta,Back office y gestión documental,ficha,Docunecta,,Gestión documental: organización y digitalización de documentación.,"C/ de la Alcarria, 7, edificio Roncesvalles, oficina 2-10",28823,Coslada,"Metro La Rambla, a 650 m",621186149,docunecta@docunecta.com,https://www.docunecta.com/,,Sin página de empleo: candidatura espontánea por correo o teléfono.
18-administracion,nueva-adm-gitdoc,Back office y gestión documental,ficha,Gitdoc,,"Gestión documental, digitalización y custodia de archivos.","C/ Ramón y Cajal, 18, Pol. Ind. Ntra. Sra. de Butarque",28914,Leganés,"Metro El Bercial, a 650 m",916932750,info@gitdoc.es,https://gitdoc.es/,,Sin página de empleo: candidatura espontánea por correo o teléfono.
18-administracion,nueva-adm-grupo-bc,Back office y gestión documental,ficha,Grupo BC,,"Gestión de créditos hipotecarios y servicios legales: gestión de procesos, control operativo e informática.","C/ Miguel Yuste, 26, 1ª planta",28037,Madrid,"Metro Suanzes, a 300 m",,,https://www.grupobc.com/,https://grupobc.epreselec.com/Ofertas/Ofertas.aspx,Ofertas y envío de CV desde «Únete al equipo».
18-administracion,nueva-adm-pandora,Back office y gestión documental,ficha,Pandora Gestión Documental,,"Organización de archivos, digitalización y gestión documental.","Paseo de la Castellana, 194",28046,Madrid,"Metro Cuzco, a 400 m",613795769,info@pandoragestiondocumental.es,https://pandoragestiondocumental.es/,,Sin página de empleo: candidatura espontánea por correo o teléfono.
32-banca,nueva-abanca,Bancos,renglon,Abanca,,"Portal de empleo del banco, con ofertas para toda España, también de Abanca Seguros.",,,,,,,https://www.abanca.com/es/,https://empleo.abanca.com/,Inscripción en las ofertas de su portal de empleo.
32-banca,nueva-banco-sabadell,Bancos,renglon,Banco Sabadell,,"Oportunidades laborales del banco: comerciales, talento tech, especialistas en datos y prácticas remuneradas.",,,,,,,https://www.sabadellcareers.com/,https://www.sabadellcareers.com/,Inscripción en las ofertas de su portal de empleo.
32-banca,p74-04-01,Bancos,renglon,Banco Santander,,"Vacantes del banco en España, la mayoría en Madrid y Boadilla del Monte.",,,,,,,https://www.santander.com/es/trabaja-con-nosotros,https://santander.wd3.myworkdayjobs.com/es/SantanderCareers,Inscripción en las ofertas de su portal de empleo.
32-banca,nueva-bankinter,Bancos,renglon,Bankinter,,Banco con sede en Madrid; ofertas y envío de currículum desde su web corporativa.,,,,,,,https://www.bankinter.com/webcorporativa/informacion-corporativa/sobre-bankinter/trabaja-con-nosotros,https://bankinter.csod.com/ux/ats/careersite/6/home?c=bankinter,Inscripción en las ofertas de su portal de empleo.
32-banca,p74-04-02,Bancos,renglon,BBVA,,Vacantes del banco; también se puede dejar el currículum si ningún empleo encaja.,,,,,,,https://www.bbva.com/es/empleo/,https://bbva.wd3.myworkdayjobs.com/es/BBVA,Inscripción en las ofertas de su portal de empleo.
32-banca,nueva-caixabank,Bancos,renglon,CaixaBank,,"Portal de empleo del banco: vacantes por palabra clave y ubicación, y alertas de nuevas vacantes.",,,,,,,https://caixabankcareers.com/,https://caixabankcareers.com/search/?q=&locationsearch=Madrid,Inscripción en las ofertas de su portal de empleo.
32-banca,nueva-cajamar,Bancos,renglon,Cajamar,,Grupo de cajas rurales; buscador de vacantes y portal de empleo del grupo.,,,,,,,https://www.grupocooperativocajamar.es/es/comun/informacion-corporativa/empleo/,https://career2.successfactors.eu/career?company=bancodecrd,Inscripción en las ofertas de su portal de empleo.
32-banca,nueva-ibercaja,Bancos,renglon,Ibercaja,,"Portal de empleo del banco, con ofertas en toda España: gestores comerciales y especialistas.",,,,,,,https://www.ibercaja.es/,https://empleo.ibercaja.es/ofertas-de-empleo/,Inscripción en las ofertas de su portal de empleo.
32-banca,nueva-ing,Bancos,renglon,ING,,Vacantes del banco en España y programas para estudiantes y personas recién tituladas.,,,,,,,https://www.ing.es/sobre-ing/trabaja-con-nosotros/ofertas-empleo,https://careers.ing.com/en/working-in-spain,Inscripción en las ofertas de su portal de empleo.
32-banca,nueva-openbank,Bancos,renglon,Openbank,,Banco en línea del Grupo Santander; sus vacantes están en el portal de empleo de Santander.,,,,,,,https://www.openbank.es/ofertas-empleo,https://santander.wd3.myworkdayjobs.com/es/SantanderCareers?q=openbank,"Inscripción en el portal de Santander, buscando «openbank»."
32-banca,nueva-unicaja,Bancos,renglon,Unicaja,,"Portal de empleo del banco, con las vacantes abiertas y una comunidad de talento para dejar el currículum.",,,,,,,https://www.unicajabanco.es/,https://www.talento.unicaja.es/,"Inscripción en su portal; si no hay vacante que encaje, deja el currículum."
32-banca,nueva-allianz,Seguros,renglon,Allianz,,"Aseguradora; portal de carreras del grupo para estudiantes, personas recién graduadas y profesionales.",,,,,,,https://www.allianz.es/,https://careers.allianz.com/es/es,Inscripción en las ofertas de su portal de empleo.
32-banca,nueva-asisa,Seguros,renglon,Asisa,,Aseguradora de salud con sede en Madrid; todas las ofertas de trabajo de la compañía.,,,,,,,https://www.asisa.es/talento,https://asisa.epreselec.com/Ofertas/Ofertas.aspx,Inscripción en las ofertas de su portal de empleo.
32-banca,nueva-axa,Seguros,renglon,AXA,,Aseguradora; las ofertas de empleo en España están en el portal de carreras del grupo.,,,,,,,https://www.axa.es/sobre-axa/crece-con-axa,https://careers.axa.com/careers-home/jobs?location=Spain&woe=12&regionCode=ES&stretchUnit=MILES&stretch=10&page=1,Inscripción en las ofertas de su portal de empleo.
32-banca,nueva-dkv,Seguros,renglon,DKV,,"Aseguradora de salud; portal con ofertas de empleo, talento joven y opción de dejar el currículum.",,,,,,,https://dkv.es/,https://empleo.dkv.es/,Inscripción en las ofertas de su portal de empleo.
32-banca,nueva-generali,Seguros,renglon,Generali,,Aseguradora con sede en Madrid; ofertas de empleo en su portal y apartado de trabajo en la compañía.,,,,,,,https://www.generali.es/quienes-somos/trabaja-en-generali/ofertas-de-empleo,https://generaliespana.wd3.myworkdayjobs.com/Generali_Portal_Externo,Inscripción en las ofertas de su portal de empleo.
32-banca,nueva-mapfre,Seguros,renglon,Mapfre,,Aseguradora con sede en Majadahonda; publica sus ofertas de empleo en España en su web corporativa.,,,,,,,https://www.mapfre.com/,https://www.mapfre.com/talento/unete-a-nuestro-equipo/,Inscripción en las ofertas de su portal de empleo.
32-banca,nueva-mutua-madrilena,Seguros,ficha,Mutua Madrileña,,Aseguradora con sede en Madrid. Programas de talento joven y tecnológico.,"Paseo de la Castellana, 33",28046,Madrid,"Metro Rubén Darío, a 50 m",,,https://www.grupomutua.es/,https://www.grupomutua.es/informacion-corporativa/marca-empleadora/,Desde su página de empleo.
32-banca,nueva-ocaso,Seguros,renglon,Ocaso,,"Aseguradora con sede en Madrid; envío de currículum y Programa Descubre, de prácticas para estudiantes.",,,,,,,https://www.ocaso.es/,https://www.ocaso.es/trabaja-en-ocaso,Envío del currículum desde su página de empleo.
32-banca,nueva-occident,Seguros,renglon,Occident,,Aseguradora del grupo GCO; oferta profesional y envío de currículum.,,,,,,,https://www.occident.com/,https://www.occident.com/empleo,Envío del currículum desde su página de empleo.
32-banca,nueva-pelayo,Seguros,renglon,Pelayo,,"Aseguradora; vacantes en su portal, entre ellas comerciales de seguros en municipios de Madrid.",,,,,,,https://www.pelayo.com/,https://trabajaenpelayo.grupopelayo.com/jobs,Inscripción en las ofertas de su portal de empleo.
32-banca,nueva-sanitas-seguros,Seguros,renglon,Sanitas,,Ofertas de empleo de Sanitas Seguros y del resto del grupo; también se puede dejar el currículum.,,,,,,,https://www.sanitas.es/,https://corporativo.sanitas.es/talento/ofertas-de-empleo/,Inscripción en las ofertas de su portal de empleo.
32-banca,nueva-santalucia,Seguros,renglon,Santalucía,,"Aseguradora; vacantes por área (comercial, prestación de servicios, telemarketing) y talento joven.",,,,,,,https://www.santalucia.es/,https://trabajo.santalucia.es/,Inscripción en las ofertas de su portal de empleo.
32-banca,nueva-zurich,Seguros,renglon,Zurich,,Aseguradora; ofertas de empleo de la empresa y apartado de talento joven con becas.,,,,,,,https://www.zurich.es/conocenos/trabajo,https://www.careers.zurich.com/?locale=es_ES,Inscripción en las ofertas de su portal de empleo.
32-banca,nueva-linea-directa-seguros,Seguros,renglon,Línea Directa Aseguradora,,Aseguradora con sede en Tres Cantos; publica ofertas de empleo y de prácticas.,,,,,,,https://www.lineadirectaaseguradora.com/,https://www.lineadirectaaseguradora.com/trabaja-con-nosotros,Inscripción en las ofertas de su portal de empleo.
25-empleo-publico,nueva-boe-personal,Dónde se publican las convocatorias,renglon,BOE: oposiciones y concursos,,"Buscador de las disposiciones de la sección II «Autoridades y personal» del BOE: oposiciones, nombramientos.",,,,,,,https://www.boe.es/,https://www.boe.es/buscar/personal.php,Consulta libre en la web del BOE.
25-empleo-publico,nueva-bocm,Dónde se publican las convocatorias,renglon,Boletín Oficial de la Comunidad de Madrid (BOCM),,Publica las convocatorias de la Comunidad de Madrid y de sus ayuntamientos. Tiene buscador de anuncios.,,,,,,,https://www.bocm.es/,https://www.bocm.es/advanced-search,Consulta libre con la búsqueda avanzada.
25-empleo-publico,nueva-pag-boletin-semanal,Dónde se publican las convocatorias,renglon,Boletín semanal de empleo público,,Boletín semanal de empleo público del Punto de Acceso General y aplicación móvil «Empleo Público».,,,,,,,https://administracion.gob.es/,https://administracion.gob.es/empleopublico/boletin,Descarga libre desde la web.
25-empleo-publico,nueva-pag-buscador-empleo-publico,Dónde se publican las convocatorias,renglon,Buscador de convocatorias de empleo público (Punto de Acceso General),,"Convocatorias de acceso libre del Estado, comunidades autónomas, capitales de provincia, universidades y Unión Europea, con filtros.",,,,,,,https://administracion.gob.es/,https://administracion.gob.es/empleopublico/resultadosEmpleo,Consulta libre; permite suscribirse a avisos.
25-empleo-publico,nueva-sede-cm-buscador,Dónde se publican las convocatorias,renglon,Buscador de empleo público de la Comunidad de Madrid,,"Buscador de trámites de la sede de la Comunidad de Madrid, filtrado por empleo público y por plazo abierto.",,,,,,,https://sede.comunidad.madrid/,https://sede.comunidad.madrid/buscador?t=&tipo=7&native_string_nombre_consejeria=All&estado_pendiente%5B1%5D=1&estado_plazo%5B1%5D=1&estado_tramitacion%5B1%5D=1,Consulta libre; la solicitud se presenta desde la ficha de cada convocatoria.
25-empleo-publico,nueva-madrid-oposiciones,Dónde se publican las convocatorias,renglon,Oposiciones del Ayuntamiento de Madrid,,"Buscador de oposiciones, previsión de exámenes y convocatorias, listas de espera y oferta de empleo público del Ayuntamiento.",,,,,,,https://www.madrid.es/,https://www.madrid.es/oposiciones,Consulta libre; la solicitud se tramita en la sede electrónica municipal.
25-empleo-publico,nueva-trabajar-en-lo-publico,Dónde se publican las convocatorias,ficha,Trabajar en lo público,red social,"Red social de quien quiere trabajar en lo público: la oferta de todas las administraciones en la Comunidad de Madrid, por sectores y al día desde los boletines.",,,,,,,https://trabajarenlopublico.ning.com/,https://trabajarenlopublico.ning.com/sectores/madrid,Registro gratuito en la red y seguimiento del grupo «Comunidad de Madrid» y del sector que te interese.
25-empleo-publico,nueva-cm-bibliotecas,Cómo preparar una oposición,renglon,Bibliotecas públicas de la Comunidad de Madrid,,"Buscador de bibliotecas públicas de la región, con horarios, cuáles abren en fin de semana y mapa; en época de exámenes amplía el horario de once bibliotecas de la capital.",,,,,,,https://www.comunidad.madrid/,https://www.comunidad.madrid/portal-lector/bibliotecas,Acceso libre; en las aperturas extraordinarias hay que identificarse en la entrada.
25-empleo-publico,nueva-madrid-bibliotecas,Cómo preparar una oposición,renglon,Bibliotecas públicas municipales de Madrid: horarios,,"Horario general y de fin de semana de la red de bibliotecas municipales, con salas de estudio que amplían el horario en época de exámenes.",,,,,,,https://bibliotecas.madrid.es/,https://bibliotecas.madrid.es/portales/bibliotecas/es/Informacion-y-servicios/Informacion-y-servicios/?vgnextfmt=default&vgnextoid=632b1a7bef1a6310VgnVCM2000000c205a0aRCRD&vgnextchannel=231a0b6eb5cb3510VgnVCM1000008a4a900aRCRD&idCapitulo=11656565,Acceso libre; el carné de bibliotecas se pide en la misma web.
25-empleo-publico,nueva-boe-material-oposiciones,Cómo preparar una oposición,renglon,BOE: colección «Material de oposiciones»,,"Normas vigentes de los temarios de oposiciones, actualizadas de forma permanente, en PDF y ePUB gratuitos, con alertas de actualización.",,,,,,,https://www.boe.es/,https://www.boe.es/biblioteca_juridica/index.php?tipo=O&modo=2,"Descarga libre; las alertas, con una cuenta de Mi BOE."
25-empleo-publico,nueva-cef-oposiciones,Cómo preparar una oposición,renglon,CEF (Centro de Estudios Financieros): oposiciones,academia de oposiciones,"Academia de pago: preparación de oposiciones de Hacienda, Justicia, Seguridad Social, Comunidad de Madrid y otras, presencial en Madrid y en línea.",,,,,,,https://www.cef.com/,https://www.cef.com/oposiciones,Matrícula en su web; enseñanza de pago.
25-empleo-publico,nueva-inap-becas-opositores,Cómo preparar una oposición,renglon,INAP: becas para opositores,,Becas para los gastos de preparar oposiciones de turno libre a cuerpos A1 del Estado y de habilitación nacional; se conceden según el nivel de renta.,,,,,,,https://www.inap.es/es,https://www.inap.es/es/becas-y-ayudas/becas-para-opositores,Solicitud por la sede electrónica del INAP cuando se abre la convocatoria.
25-empleo-publico,nueva-inap-material-oposiciones,Cómo preparar una oposición,renglon,INAP: material de apoyo para oposiciones,,"Códigos de oposiciones del BOE para los cuerpos del Estado, cursos en abierto «A tu ritmo» con test para Administrativo y Auxiliar, y biblioteca del INAP.",,,,,,,https://www.inap.es/es,https://www.inap.es/es/seleccion/material-de-apoyo-para-oposiciones,Consulta y descarga libres.
25-empleo-publico,nueva-preparadores-oposiciones,Cómo preparar una oposición,renglon,Preparadores de Oposiciones,academia de oposiciones,"Academia de pago: oposiciones de enseñanza (maestros, secundaria, inspección) y de justicia, presencial en Madrid y en línea.",,,,,,,https://www.preparadores.eu/,https://www.preparadores.eu/,Matrícula en su web; enseñanza de pago.
25-empleo-publico,nueva-madrid-salas-estudio,Cómo preparar una oposición,renglon,Salas de estudio del Ayuntamiento de Madrid,,"21 salas de estudio de las juntas municipales de distrito, con enlace a cada una y mapa; complementan las bibliotecas públicas municipales.",,,,,,,https://www.madrid.es/,https://www.madrid.es/portales/munimadrid/es/Inicio/Cultura-ocio-y-deporte/Bibliotecas/Salas-de-estudio?vgnextoid=0ab8e34943d68210VgnVCM1000000b205a0aRCRD&vgnextchannel=1c58efff228fe410VgnVCM2000000c205a0aRCRD,"Acceso libre; el horario de cada sala, en su ficha."
25-empleo-publico,nueva-agencia-tributaria,Administración del Estado,renglon,Agencia Tributaria: trabajar en la Agencia,,Convocatorias de las ofertas de empleo público de la Agencia Tributaria y gestiones de los procesos selectivos.,,,,,,,https://sede.agenciatributaria.gob.es/,https://sede.agenciatributaria.gob.es/Sede/trabajar-agencia-tributaria.html,Gestiones en línea en su sede electrónica.
25-empleo-publico,nueva-pag-espacios-empleo,Administración del Estado,renglon,Espacios de empleo público de ministerios y organismos,,Enlaces a las páginas de empleo de cada ministerio y del sector público institucional del Estado.,,,,,,,https://administracion.gob.es/,https://administracion.gob.es/empleopublico/espacios-de-empleo-publico,Consulta libre.
25-empleo-publico,nueva-funcion-publica,Administración del Estado,renglon,Función Pública: acceso al empleo público,,"Ofertas de empleo público y convocatorias de personal funcionario y laboral, en el Ministerio para la Transformación Digital y de la Función Pública.",,,,,,,https://digital.gob.es/funcion-publica/portada,https://digital.gob.es/funcion-publica/dgfp/acceso-empleo-publico,Información y enlaces a cada convocatoria.
25-empleo-publico,nueva-inap,Administración del Estado,renglon,INAP: procesos selectivos,,"Procesos selectivos de los cuerpos y escalas generales del Estado que gestiona el INAP, y material de apoyo para oposiciones.",,,,,,,https://www.inap.es/es,https://www.inap.es/es/seleccion/procesos-selectivos-de-cuerposescalas-generales,Consulta libre; inscripción según cada convocatoria.
25-empleo-publico,nueva-pag-ips,Administración del Estado,renglon,Inscripción en pruebas selectivas del Estado (IPS),,Servicio para inscribirse por internet en las pruebas selectivas de la Administración General del Estado.,,,,,,,https://administracion.gob.es/,https://administracion.gob.es/empleopublico/ips,Inscripción en línea con identificación electrónica.
25-empleo-publico,nueva-seguridad-social,Administración del Estado,renglon,Seguridad Social: oferta de empleo público,,Convocatorias de los cuerpos de la Administración de la Seguridad Social.,,,,,,,https://www.seg-social.es/wps/portal/wss/internet/Inicio,https://www.seg-social.es/wps/portal/wss/internet/InformacionUtil/9950/,Solicitud según cada convocatoria.
25-empleo-publico,nueva-cm-bolsas,Comunidad de Madrid,renglon,Bolsas de empleo temporal de Administración y Servicios,,Listas de espera y bolsas de trabajo para seleccionar personal funcionario interino y laboral temporal.,,,,,,,https://www.comunidad.madrid/,https://www.comunidad.madrid/empleo/bolsas-empleo-temporal-administracion-servicios,Se entra en las listas al participar en las pruebas selectivas o en convocatorias de bolsa.
25-empleo-publico,nueva-cm-bolsas-centros-docentes,Comunidad de Madrid,renglon,Bolsas de trabajo de personal laboral en centros docentes,,Convocatorias de trabajo para personal laboral de centros docentes y seguimiento de las bolsas que generan.,,,,,,,https://www.comunidad.madrid/,https://www.comunidad.madrid/empleo/bolsas-trabajo-personal-laboral-centros-docentes,Solicitud según cada convocatoria.
25-empleo-publico,nueva-cm-empleo-publico,Comunidad de Madrid,renglon,Comunidad de Madrid: empleo público,,"Página de entrada: procesos selectivos, previsión de plazas, oferta de empleo público y bolsas de empleo temporal.",,,,,,,https://www.comunidad.madrid/,https://www.comunidad.madrid/empleo/empleo-publico,Información y enlaces; la solicitud se presenta en la sede electrónica.
25-empleo-publico,nueva-cm-docentes,Comunidad de Madrid,renglon,Oposiciones a cuerpos docentes no universitarios,,Procedimientos selectivos para ingresar en los cuerpos docentes no universitarios de la Comunidad de Madrid.,,,,,,,https://www.comunidad.madrid/,https://www.comunidad.madrid/empleo/oposiciones-cuerpos-docentes-no-universitarios,Solicitud según cada convocatoria.
25-empleo-publico,nueva-cm-oposiciones,Comunidad de Madrid,renglon,Oposiciones de Administración y Servicios de la Comunidad de Madrid,,Oposiciones en curso del personal de Administración y Servicios y programas publicados en el BOCM.,,,,,,,https://www.comunidad.madrid/,https://www.comunidad.madrid/empleo/oposiciones-administracion-servicios-comunidad-madrid,Solicitud según cada convocatoria.
25-empleo-publico,nueva-cm-personal-educacion,Comunidad de Madrid,renglon,personal +educación,,"Portal del personal de educación: profesorado interino, listas extraordinarias y personal de administración y servicios.",,,,,,,https://www.comunidad.madrid/,https://www.comunidad.madrid/educacion/personal-educacion,Información y trámites en línea.
25-empleo-publico,nueva-ayto-alcala-empleo-publico,Ayuntamiento de Madrid y otros ayuntamientos,renglon,Ayuntamiento de Alcalá de Henares: empleo público,,"Oferta de empleo público, procesos selectivos y bolsas de empleo temporal del ayuntamiento.",,,,,,,https://www.ayto-alcaladehenares.es/,https://recursoshumanos.ayto-alcaladehenares.es/,"Solicitud según cada convocatoria, por su sede electrónica."
25-empleo-publico,nueva-ayto-alcobendas-empleo-publico,Ayuntamiento de Madrid y otros ayuntamientos,renglon,Ayuntamiento de Alcobendas: empleo público,,"Oferta de empleo público, procesos selectivos y bolsas de empleo temporal del ayuntamiento.",,,,,,,https://www.alcobendas.org/,https://www.alcobendas.org/es/ayuntamiento/empleo-publico,"Solicitud según cada convocatoria, por su sede electrónica."
25-empleo-publico,nueva-ayto-alcorcon-empleo-publico,Ayuntamiento de Madrid y otros ayuntamientos,renglon,Ayuntamiento de Alcorcón: empleo público,,"Oferta de empleo público, procesos selectivos y bolsas de empleo temporal del ayuntamiento.",,,,,,,https://www.ayto-alcorcon.es/es,https://www.ayto-alcorcon.es/es/servicios/empleo-publico,"Solicitud según cada convocatoria, por su sede electrónica."
25-empleo-publico,nueva-ayto-fuenlabrada-empleo-publico,Ayuntamiento de Madrid y otros ayuntamientos,renglon,Ayuntamiento de Fuenlabrada: empleo público,,"Oferta de empleo público, procesos selectivos y bolsas de empleo temporal del ayuntamiento.",,,,,,,https://www.ayto-fuenlabrada.es/,https://convocapub.ayto-fuenlabrada.es/,"Solicitud según cada convocatoria, por su sede electrónica."
25-empleo-publico,nueva-ayto-getafe-empleo-publico,Ayuntamiento de Madrid y otros ayuntamientos,renglon,Ayuntamiento de Getafe: empleo público,,"Oferta de empleo público, procesos selectivos y bolsas de empleo temporal del ayuntamiento.",,,,,,,https://getafe.es/,https://sede.getafe.es/sta/CarpetaPublic/doEvent?APP_CODE=STA&PAGE_CODE=PTS2_EMPLEO,"Solicitud según cada convocatoria, por su sede electrónica."
25-empleo-publico,nueva-ayto-leganes-empleo-publico,Ayuntamiento de Madrid y otros ayuntamientos,renglon,Ayuntamiento de Leganés: empleo público,,"Oferta de empleo público, procesos selectivos y bolsas de empleo temporal del ayuntamiento.",,,,,,,https://www.leganes.org/,https://www.leganes.org/procesos-selectivos,"Solicitud según cada convocatoria, por su sede electrónica."
25-empleo-publico,nueva-ayto-mostoles-empleo-publico,Ayuntamiento de Madrid y otros ayuntamientos,renglon,Ayuntamiento de Móstoles: empleo público,,"Oferta de empleo público, procesos selectivos y bolsas de empleo temporal del ayuntamiento.",,,,,,,https://www.mostoles.es/es,https://www.mostoles.es/SEDE_ELECTRONICA/es/tramites-gestiones/oferta-empleo-publico,"Solicitud según cada convocatoria, por su sede electrónica."
25-empleo-publico,nueva-ayto-parla-empleo-publico,Ayuntamiento de Madrid y otros ayuntamientos,renglon,Ayuntamiento de Parla: empleo público,,"Oferta de empleo público, procesos selectivos y bolsas de empleo temporal del ayuntamiento.",,,,,,,https://www.ayuntamientoparla.es/,https://sede.ayuntamientoparla.es/sta/CarpetaPublic/doEvent?APP_CODE=STA&PAGE_CODE=PTS2_EMPLEO,"Solicitud según cada convocatoria, por su sede electrónica."
25-empleo-publico,nueva-ayto-torrejon-empleo-publico,Ayuntamiento de Madrid y otros ayuntamientos,renglon,Ayuntamiento de Torrejón de Ardoz: empleo público,,"Oferta de empleo público, procesos selectivos y bolsas de empleo temporal del ayuntamiento.",,,,,,,https://www.ayto-torrejon.es/,https://www.ayto-torrejon.es/concejalias/administracion/empleo-publico,"Solicitud según cada convocatoria, por su sede electrónica."
25-empleo-publico,nueva-cm-bomberos,"Policía, bomberos y Fuerzas Armadas",renglon,Bomberos de la Comunidad de Madrid: oposiciones,,"Oposiciones del Cuerpo de Bomberos de la Comunidad de Madrid (bombero especialista, conductor, operador y técnico) y temarios oficiales para descargar.",,,,,,,https://www.comunidad.madrid/,https://www.comunidad.madrid/seguridad-emergencias-asem-112/oposiciones-bomberos-comunidad-madrid,Solicitud en la sede electrónica de la Comunidad según cada convocatoria.
25-empleo-publico,nueva-madrid-bomberos,"Policía, bomberos y Fuerzas Armadas",renglon,Bomberos del Ayuntamiento de Madrid: oposiciones,,"Convocatorias del Cuerpo de Bomberos del Ayuntamiento de Madrid: bombero especialista, bombero conductor especialista y promoción interna, con su estado.",,,,,,,https://www.madrid.es/,https://www.madrid.es/portales/munimadrid/es/Inicio/Seguridad-y-emergencias/Oposiciones-de-Bomberos/?vgnextfmt=default&vgnextoid=b82fea494748d210VgnVCM1000000b205a0aRCRD&vgnextchannel=f9cd31d3b28fe410VgnVCM1000000b205a0aRCRD,Solicitud en la sede electrónica municipal según cada convocatoria.
25-empleo-publico,nueva-cm-agentes-forestales,"Policía, bomberos y Fuerzas Armadas",renglon,Cuerpo de Agentes Forestales de la Comunidad de Madrid,,"Cómo acceder al Cuerpo de Agentes Forestales: requisitos y convocatorias, con la orden de cada proceso publicada en el BOCM.",,,,,,,https://www.comunidad.madrid/,https://www.comunidad.madrid/seguridad-emergencias-asem-112/unete-cuerpo-agentes-forestales-comunidad-madrid,Solicitud en la sede electrónica de la Comunidad según cada convocatoria.
25-empleo-publico,nueva-fuerzas-armadas,"Policía, bomberos y Fuerzas Armadas",renglon,Fuerzas Armadas: reclutamiento,,"Cómo ingresar como oficial, suboficial, tropa y marinería o reservista voluntario, y convocatorias.",,,,,,,https://reclutamiento.defensa.gob.es/,https://reclutamiento.defensa.gob.es/como-ingresar,Solicitud según cada convocatoria.
25-empleo-publico,nueva-guardia-civil,"Policía, bomberos y Fuerzas Armadas",renglon,Guardia Civil: acceso,,Modalidades de acceso y procesos de selección de las escalas de Cabos y Guardias y de Oficiales.,,,,,,,https://web.guardiacivil.es/es,https://web.guardiacivil.es/es/tramites/ingresos/,Solicitud según cada convocatoria.
25-empleo-publico,nueva-guardia-real,"Policía, bomberos y Fuerzas Armadas",renglon,Guardia Real: ingreso,,"Ingreso como tropa en la Guardia Real por acceso directo, en los ciclos de plazas que Defensa publica cada año; requisitos y dosier de ingreso.",,,,,,,https://www.defensa.gob.es/guardiareal/,https://www.defensa.gob.es/guardiareal/Menu/Ingreso/,Por la convocatoria de tropa y marinería de la web de reclutamiento de Defensa.
25-empleo-publico,nueva-instituciones-penitenciarias,"Policía, bomberos y Fuerzas Armadas",renglon,Instituciones Penitenciarias: procesos selectivos,,"Procesos selectivos del Cuerpo de Ayudantes, cuerpos especiales y sanitarios, e interinos de sanidad penitenciaria.",,,,,,,https://www.institucionpenitenciaria.es/,https://www.institucionpenitenciaria.es/es/web/home/administracion-penitenciaria/recursos-humanos/procesos-selectivos,Solicitud según cada convocatoria.
25-empleo-publico,nueva-madrid-policia-municipal,"Policía, bomberos y Fuerzas Armadas",renglon,Policía Municipal de Madrid: oposiciones,,"Convocatorias de policía del Cuerpo de Policía Municipal del Ayuntamiento de Madrid: turno libre, movilidad y promoción interna, con el estado de cada una.",,,,,,,https://www.madrid.es/,https://www.madrid.es/portales/munimadrid/es/Oposiciones-Policia-municipal-del-Ayuntamiento-de-Madrid/?vgnextfmt=default&vgnextoid=72c808954ba29610VgnVCM1000001d4a900aRCRD&vgnextchannel=3096bb21278fe410VgnVCM1000000b205a0aRCRD,Solicitud en la sede electrónica municipal según cada convocatoria.
25-empleo-publico,nueva-policia-nacional,"Policía, bomberos y Fuerzas Armadas",renglon,Policía Nacional: procesos selectivos,,Portal del aspirante: procesos de ingreso en la Policía Nacional y de personal no policial.,,,,,,,https://www.policia.es/,https://www.policia.es/_es/tupolicia_procesos_selectivos.php,"Solicitud según cada convocatoria, desde el portal del aspirante."
25-empleo-publico,nueva-cm-justicia-interinos,"Universidades, hospitales y justicia",renglon,Bolsas de personal interino de Justicia,,Bolsas de selección de personal interino de la Administración de Justicia en la Comunidad de Madrid.,,,,,,,https://www.comunidad.madrid/,https://www.comunidad.madrid/justicia/bolsas-seleccion-personal-interino,Por convocatoria publicada en el BOCM.
25-empleo-publico,nueva-cgpj-carrera-judicial,"Universidades, hospitales y justicia",renglon,Carreras judicial y fiscal: oposiciones,,"Convocatorias en curso de las pruebas de acceso a las carreras judicial y fiscal (juez y abogado fiscal), con bases, temario y avisos de la Comisión de Selección.",,,,,,,https://www.poderjudicial.es/,https://www.poderjudicial.es/cgpj/es/Servicios/Acceso-a-la-categoria-de-Juez-a/Convocatorias-en-curso/,Solicitud según la convocatoria publicada en el BOE.
25-empleo-publico,nueva-justicia,"Universidades, hospitales y justicia",renglon,Ministerio de Justicia: empleo público,,"Convocatorias de auxilio judicial y demás cuerpos de Justicia, personal laboral, bolsas de interinos y acceso a la abogacía y la procura.",,,,,,,https://www.mjusticia.gob.es/,https://www.mjusticia.gob.es/es/ciudadania/empleo-publico,Solicitud según cada convocatoria.
25-empleo-publico,nueva-sermas-bolsas,"Universidades, hospitales y justicia",renglon,Servicio Madrileño de Salud: bolsas de contratación temporal,,Bolsas de contratación temporal vigentes para los centros sanitarios del Servicio Madrileño de Salud.,,,,,,,https://www.comunidad.madrid/,https://www.comunidad.madrid/salud/bolsas-contratacion-temporal-servicio-madrileno-salud,La documentación se presenta de forma telemática.
25-empleo-publico,nueva-sermas-seleccion,"Universidades, hospitales y justicia",renglon,Servicio Madrileño de Salud: selección de personal estatutario,,Convocatorias públicas de empleo vigentes de los centros del Servicio Madrileño de Salud.,,,,,,,https://www.comunidad.madrid/,https://www.comunidad.madrid/salud/seleccion-personal-estatutario-servicio-madrileno-salud,Solicitud según cada convocatoria.
25-empleo-publico,nueva-uned-empleo,"Universidades, hospitales y justicia",renglon,"UNED: empleo, oposiciones y concursos",,"Convocatorias de personal técnico, de gestión y de administración y servicios y de profesorado de la UNED, con inscripción en línea.",,,,,,,https://www.uned.es/,https://www.uned.es/universidad/inicio/empleo-oposiciones-concursos.html,Inscripción en línea en cada convocatoria desde la misma página.
25-empleo-publico,nueva-uam-empleo,"Universidades, hospitales y justicia",renglon,Universidad Autónoma de Madrid: empleo,,"Concursos, oposiciones, listas de espera y bolsas de trabajo del personal técnico, de gestión y de administración y servicios, funcionario y laboral.",,,,,,,https://www.uam.es/,https://www.uam.es/uam/ptgas,Solicitud según cada convocatoria.
25-empleo-publico,nueva-uc3m-empleo,"Universidades, hospitales y justicia",renglon,Universidad Carlos III de Madrid: empleo,,"Procesos selectivos de personal funcionario y laboral de administración y servicios de la UC3M, y bolsas de empleo; enlace al empleo de profesorado.",,,,,,,https://www.uc3m.es/,https://www.uc3m.es/empleo/pas,Solicitud según cada convocatoria.
25-empleo-publico,nueva-ucm-empleo,"Universidades, hospitales y justicia",renglon,Universidad Complutense de Madrid: empleo,,"Ofertas de empleo de la UCM: convocatorias de personal técnico, de gestión y de administración y servicios, de profesorado y de personal de investigación.",,,,,,,https://www.ucm.es/,https://www.ucm.es/empleo-ucm,Solicitud según cada convocatoria.
25-empleo-publico,nueva-uah-empleo,"Universidades, hospitales y justicia",renglon,Universidad de Alcalá: empleo público,,Oferta de empleo público y convocatorias de personal de administración y servicios y de profesorado de la Universidad de Alcalá.,,,,,,,https://www.uah.es/,https://www.uah.es/es/empleo-publico/,Solicitud según cada convocatoria.
25-empleo-publico,nueva-upm-empleo,"Universidades, hospitales y justicia",renglon,Universidad Politécnica de Madrid: empleo,,"Concursos y oposiciones del personal técnico, de gestión y de administración y servicios, funcionario y laboral, y convocatorias de profesorado de la UPM.",,,,,,,https://www.upm.es/,https://www.upm.es/Personal,Solicitud según cada convocatoria.
25-empleo-publico,nueva-urjc-empleo,"Universidades, hospitales y justicia",renglon,Universidad Rey Juan Carlos: empleo público,,"Convocatorias de empleo público de la URJC: personal técnico, de gestión y de administración y servicios, bolsas de empleo y profesorado.",,,,,,,https://www.urjc.es/,https://www.urjc.es/empleo-publico,Solicitud según cada convocatoria.
25-empleo-publico,nueva-adif-empleo,Empresas y entidades públicas,renglon,Adif,,Oferta de empleo público y bolsa de empleo del administrador de infraestructuras ferroviarias.,,,,,,,https://www.adif.es/,https://www.adif.es/empleo,Solicitud según cada convocatoria.
25-empleo-publico,nueva-aena-empleo,Empresas y entidades públicas,renglon,Aena,,Oferta de empleo público de Aena: convocatorias en toda su red de aeropuertos y ocupaciones.,,,,,,,https://www.aena.es/,https://empleo.aena.es/empleo/,Inscripción en las ofertas de su portal de empleo.
25-empleo-publico,nueva-banco-de-espana,Empresas y entidades públicas,renglon,Banco de España: trabajar en el Banco,,"Procesos selectivos, becas y ayudas del Banco de España, y suscripción a avisos de nuevas convocatorias.",,,,,,,https://www.bde.es/,https://www.bde.es/wbe/es/sobre-banco/trabajar-banco/,Formulario de candidatura de su web en los procesos con plazo abierto.
25-empleo-publico,nueva-canal-empleo,Empresas y entidades públicas,renglon,Canal de Isabel II,,Procesos selectivos de la empresa pública del agua de la Comunidad de Madrid.,,,,,,,https://www.canaldeisabelsegunda.es/,https://www.canaldeisabelsegunda.es/es/empleo,Consulta e inscripción en su web de procesos selectivos.
25-empleo-publico,nueva-ciemat,Empresas y entidades públicas,renglon,CIEMAT: ofertas de empleo,,"Buscador de ofertas de empleo del CIEMAT (acceso libre, concursos y bolsas), filtrable por titulación y estado.",,,,,,,https://www.ciemat.es/,https://www.ciemat.es/ofertas-de-empleo,Según cada convocatoria.
25-empleo-publico,nueva-correos-empleo,Empresas y entidades públicas,renglon,Correos,,"Procesos de selección en curso: reparto, centros de tratamiento, oficinas, puestos corporativos y jóvenes talentos.",,,,,,,https://www.correos.com/,https://empleo.correos.com/,Inscripción en las ofertas de su portal de empleo.
25-empleo-publico,nueva-csic,Empresas y entidades públicas,renglon,CSIC: formación y empleo,,"Cómo trabajar en el CSIC como personal investigador, en formación, técnico o de gestión: convocatorias de personal fijo y temporal.",,,,,,,https://www.csic.es/es,https://www.csic.es/es/formacion-y-empleo,Según cada convocatoria.
25-empleo-publico,nueva-emt-empleo,Empresas y entidades públicas,renglon,EMT Madrid,,Empleo en la Empresa Municipal de Transportes de Madrid.,,,,,,,https://www.emtmadrid.es/Home,https://www.emtmadrid.es/Empresa/Empleo?lang=es-ES,Según cada convocatoria publicada en su web.
25-empleo-publico,nueva-emvs,Empresas y entidades públicas,renglon,EMVS Madrid,,Procesos de selección externos y ofertas de trabajo de la Empresa Municipal de la Vivienda y Suelo de Madrid.,,,,,,,https://www.emvs.es/,https://www.emvs.es/Empleo,Según cada proceso publicado en su web.
25-empleo-publico,nueva-enaire,Empresas y entidades públicas,renglon,ENAIRE,,"Oferta de empleo pública del gestor de navegación aérea: convocatorias de controladores, operaciones y otros perfiles.",,,,,,,https://www.enaire.es/,https://empleo.enaire.es/empleo/,Inscripción en las convocatorias de su portal de empleo.
25-empleo-publico,nueva-enresa,Empresas y entidades públicas,ficha,Enresa,,Empresa Nacional de Residuos Radiactivos.,"C/ Emilio Vargas, 7",28043,Madrid,"Metro Avenida de la Paz, a 850 m",915668100,rrhh@enresa.es,https://www.enresa.es/,https://www.enresa.es/empleo-trabaja-con-nosotros/,Convocatorias en su página «Trabaja con nosotros».
25-empleo-publico,nueva-enusa,Empresas y entidades públicas,renglon,Enusa,,Empresa pública del grupo SEPI (combustible nuclear): vacantes abiertas en su página «Trabaja con nosotros».,,,,,,,https://www.enusa.es/,https://www.enusa.es/trabaja-con-nosotros/,Solicitud desde cada oferta de empleo de su web.
25-empleo-publico,nueva-fnmt,Empresas y entidades públicas,renglon,FNMT: ofertas de empleo,,Empleo público fijo y bolsas de trabajo temporal de la Fábrica Nacional de Moneda y Timbre.,,,,,,,https://www.fnmt.es/,https://www.fnmt.es/ofertas-de-empleo,Según cada convocatoria publicada en su web.
25-empleo-publico,nueva-tragsa-empleo,Empresas y entidades públicas,renglon,Grupo Tragsa,,"Ofertas de empleo de la empresa pública Tragsa, con convocatoria propia para personal de incendios.",,,,,,,https://www.tragsa.es/,https://www.tragsa.es/es/equipo-humano/unete-a-nuestro-equipo/Paginas/default.aspx,Inscripción en las ofertas de su portal de empleo.
25-empleo-publico,nueva-ico,Empresas y entidades públicas,renglon,ICO: empleo,,Oferta de empleo de personal fijo y procesos de selección del Instituto de Crédito Oficial.,,,,,,,https://www.ico.es/,https://www.ico.es/empleo,Según cada convocatoria publicada en su web.
25-empleo-publico,nueva-ifema-empleo,Empresas y entidades públicas,renglon,IFEMA Madrid,,Trabajo y prácticas en IFEMA Madrid.,,,,,,,https://www.ifema.es/,https://www.ifema.es/contacto/trabaja-con-nosotros,Envío del currículum desde su web.
25-empleo-publico,nueva-ineco,Empresas y entidades públicas,renglon,Ineco,,Ingeniería y consultoría pública de transporte e infraestructuras: ofertas de trabajo en su portal de empleo.,,,,,,,https://www.ineco.com/,https://www.ineco.com/ineco/talento,Inscripción en las ofertas de su portal de empleo (ineco.epreselec.com).
25-empleo-publico,nueva-isciii,Empresas y entidades públicas,renglon,Instituto de Salud Carlos III: trabajar en el ISCIII,,"Buscador de convocatorias del ISCIII (laboral, laboral fijo y funcionario) y bolsa de candidatos para contratos de personal laboral.",,,,,,,https://www.isciii.es/,https://www.isciii.es/trabaja-isciii,Según cada convocatoria.
25-empleo-publico,nueva-inta,Empresas y entidades públicas,renglon,INTA: bolsa de empleo,,"Bolsa de empleo del Instituto Nacional de Técnica Aeroespacial (Torrejón de Ardoz), con suscripción por correo a las ofertas.",,,,,,,https://www.inta.es/,https://www.inta.es/INTA/es/bolsa-de-empleo/,Según cada oferta; suscripción a los avisos en la misma página.
25-empleo-publico,nueva-isdefe,Empresas y entidades públicas,renglon,Isdefe,,Empresa pública de ingeniería y consultoría para la defensa: vacantes y envío del currículum.,,,,,,,https://www.isdefe.es/,https://www.isdefe.es/empleo,Inscripción en las vacantes de su web o envío del currículum.
25-empleo-publico,nueva-loterias,Empresas y entidades públicas,renglon,Loterías y Apuestas del Estado,,"Portal de empleo de SELAE: búsqueda de ofertas por tipo de puesto y ubicación, con alertas.",,,,,,,https://www.selae.es/,https://jobs.selae.es/,Registro e inscripción en su portal de empleo.
25-empleo-publico,nueva-madrid-calle-30,Empresas y entidades públicas,renglon,Madrid Calle 30,,"Convocatorias de empleo de la empresa que gestiona y mantiene la M-30, con las bases y resoluciones de cada proceso.",,,,,,,https://mc30.es/,https://mc30.es/empleo/,Según las bases de cada convocatoria; registro en su sede electrónica.
25-empleo-publico,nueva-madrid-destino-empleo,Empresas y entidades públicas,renglon,Madrid Destino,,"Ofertas y bolsas de trabajo de la empresa municipal de cultura, turismo y espacios.",,,,,,,https://www.madrid-destino.com/,https://www.madrid-destino.com/empleo,Inscripción en cada oferta de su web.
25-empleo-publico,nueva-mercamadrid,Empresas y entidades públicas,ficha,Mercamadrid,,Empresa pública que gestiona el mercado central de alimentación de Madrid.,"Avda. de Madrid Mercamadrid, 3B",28053,Madrid,,917850000,rrhh@mercamadrid.es,https://www.mercamadrid.es/,https://www.mercamadrid.es/unete-al-equipo/,Candidatura desde su página «Únete al equipo».
25-empleo-publico,nueva-mercasa,Empresas y entidades públicas,renglon,Mercasa,,"Ofertas de empleo de la empresa pública de la red de Mercas, con las bases y el formulario de inscripción de cada proceso.",,,,,,,https://www.mercasa.es/,https://www.mercasa.es/que-es-mercasa/unete-a-mercasa/,Inscripción según las bases de cada proceso.
25-empleo-publico,nueva-metro-empleo,Empresas y entidades públicas,renglon,Metro de Madrid,,"Ofertas de empleo de Metro: maquinistas, jefes de sector, oficiales y técnicos.",,,,,,,https://www.metromadrid.es/es,https://www.metromadrid.es/es/empleo-metro,Inscripción en cada oferta publicada en su web.
25-empleo-publico,nueva-paradores-empleo,Empresas y entidades públicas,renglon,Paradores,,Ofertas de empleo de Paradores de Turismo.,,,,,,,https://paradores.es/es,https://paradores.es/es/empleo,Inscripción en su página de empleo.
25-empleo-publico,nueva-patrimonio-nacional,Empresas y entidades públicas,renglon,Patrimonio Nacional: empleo público,,Procesos selectivos de personal laboral convocados por Patrimonio Nacional.,,,,,,,https://www.patrimonionacional.es/,https://www.patrimonionacional.es/empleo-publico,Según cada convocatoria.
25-empleo-publico,nueva-rtvm-empleo,Empresas y entidades públicas,renglon,Radio Televisión Madrid: empleo,,"Convocatorias públicas de puestos de Telemadrid y Onda Madrid, con las bases y el plazo de cada una.",,,,,,,https://www.telemadrid.es/,https://bolsartvm.telemadrid.es/Inicio.aspx,Candidatura en línea en cada convocatoria de su portal de empleo.
25-empleo-publico,nueva-red-es,Empresas y entidades públicas,renglon,Red.es: trabaja con nosotros,,"Convocatorias de empleo temporal e indefinido de la entidad pública Red.es, con acceso a las solicitudes y a convocatorias pasadas.",,,,,,,https://www.red.es/es,https://www.red.es/es/sobre-nosotros/trabaja-con-nosotros,Solicitud en línea en cada convocatoria.
25-empleo-publico,nueva-renfe-empleo,Empresas y entidades públicas,renglon,Renfe,,"Convocatorias abiertas, en curso y resueltas del Grupo Renfe.",,,,,,,https://www.renfe.com/es/es,https://empleo.renfe.com/,Inscripción en las ofertas de su portal de empleo.
25-empleo-publico,nueva-rtve-empleo,Empresas y entidades públicas,renglon,RTVE,,Ofertas de empleo de la Corporación RTVE.,,,,,,,https://www.rtve.es/corporacion/,https://www.rtve.es/corporacion/ofertas-empleo/,Según cada oferta publicada en su web.
25-empleo-publico,nueva-sepi,Empresas y entidades públicas,renglon,SEPI y sus empresas: empleo público,,Ofertas de empleo de la Sociedad Estatal de Participaciones Industriales y enlaces a las de las empresas del grupo.,,,,,,,https://www.sepi.es/es,https://www.sepi.es/es/empleo-publico,Según cada oferta publicada en su web.
25-empleo-publico,nueva-sfm-empleo,Empresas y entidades públicas,renglon,Servicios Funerarios de Madrid (SFM),,Ofertas de empleo y bolsas de trabajo temporal de la empresa municipal de servicios funerarios y cementerios de Madrid.,,,,,,,https://sfmadrid.es/,https://sfmadrid.es/ofertas-de-empleo,Según las bases de cada oferta; no admite candidaturas espontáneas.
25-empleo-publico,nueva-becas-icex,Prácticas y becas en la administración,renglon,Becas ICEX de internacionalización empresarial,,Becas de ICEX para titulados universitarios con idiomas: formación en gestión internacional de la empresa y prácticas en las Oficinas Económicas y Comerciales en el exterior.,,,,,,,https://www.icex.es/,https://becas.icex.es/,Inscripción en línea en las becas activas de su web.
25-empleo-publico,nueva-aecid-becas,Prácticas y becas en la administración,renglon,Becas MAEC-AECID,,"Becas de la Cooperación Española: Escuela Diplomática, Colegio de Europa y gestión cultural y diplomacia científica en la red exterior.",,,,,,,https://www.aecid.es/,https://www.aecid.es/becas-y-lectorados,"Solicitud según cada programa, en la sede electrónica de la AECID."
25-empleo-publico,nueva-boe-ayudas,Prácticas y becas en la administración,renglon,BOE: últimas ayudas y becas publicadas,,"Lista de las últimas ayudas, becas y subvenciones publicadas en el BOE, con el extracto y el enlace de cada convocatoria.",,,,,,,https://www.boe.es/,https://www.boe.es/buscar/ayudas.php,"Consulta libre; la solicitud, según cada convocatoria."
25-empleo-publico,nueva-sede-cm-becas,Prácticas y becas en la administración,renglon,"Comunidad de Madrid: ayudas, becas y subvenciones",,"Listado de la sede electrónica con todas las ayudas, becas y subvenciones de la Comunidad de Madrid, con el plazo y el estado de cada una.",,,,,,,https://sede.comunidad.madrid/,https://sede.comunidad.madrid/ayudas-becas-subvenciones-0,Consulta libre; la solicitud se presenta desde la ficha de cada convocatoria.
25-empleo-publico,nueva-inap-becas-formacion,Prácticas y becas en la administración,renglon,INAP: becas de formación e investigación,,"Becas anuales para titulados superiores universitarios, para formarse e investigar sobre Administración pública en el INAP.",,,,,,,https://www.inap.es/es,https://www.inap.es/es/becas-y-ayudas/becas-de-formacion-e-investigacion,Solicitud por la sede electrónica del INAP en la convocatoria anual.
25-empleo-publico,nueva-cm-jovenes-investigadores,Prácticas y becas en la administración,renglon,Programa de Jóvenes Investigadores (Comunidad de Madrid),,"Subvenciones a universidades, organismos de investigación y centros sanitarios para contratar al menos un año a menores de 30 años en paro con título universitario o de FP.",,,,,,,https://sede.comunidad.madrid/,https://sede.comunidad.madrid/ayudas-becas-subvenciones/programa-jovenes-investigadores-1,La ayuda la pide la entidad que contrata; la persona tiene que estar inscrita como demandante de empleo.
25-empleo-publico,nueva-blue-book,Prácticas y becas en la administración,renglon,Prácticas Blue Book de la Comisión Europea,,"Prácticas remuneradas de cinco meses en la Comisión Europea y sus agencias, dos veces al año; hay una modalidad para titulados de FP.",,,,,,,https://commission.europa.eu/index_es,https://traineeships.ec.europa.eu/es,Inscripción en línea en el plazo de cada sesión.
25-empleo-publico,nueva-comision-europea-empleo,Instituciones de la Unión Europea,renglon,Comisión Europea: trabajar en la Comisión,,"Puestos permanentes, contratos temporales y periodos de prácticas en la Comisión Europea.",,,,,,,https://commission.europa.eu/index_es,https://commission.europa.eu/get-involved/jobs-european-commission_es,"Según el tipo de puesto; las oposiciones, por EPSO."
25-empleo-publico,p79-07,Instituciones de la Unión Europea,renglon,Comité Europeo de las Regiones: ofertas de empleo,,Ofertas de empleo y periodos de prácticas del Comité Europeo de las Regiones.,,,,,,,https://www.cor.europa.eu/es,https://www.cor.europa.eu/es/acerca-del-cdr/trabaje-con-nosotros/ofertas-de-empleo,Candidatura según indique cada oferta publicada en su web.
25-empleo-publico,nueva-cm-instituciones-europeas,Instituciones de la Unión Europea,renglon,Comunidad de Madrid: trabajar en las instituciones europeas,,Información sobre las pruebas de EPSO y ayuda para prepararlas con jornadas informativas y cursos de apoyo.,,,,,,,https://www.comunidad.madrid/,https://www.comunidad.madrid/madrid-mundo/trabajar-instituciones-europeas,Información en su web.
25-empleo-publico,nueva-consejo-ue-empleo,Instituciones de la Unión Europea,renglon,Consejo de la UE: trabajar en la Secretaría General,,"Oportunidades de empleo, condiciones de trabajo y vacantes actuales en el Consejo; alertas de empleo.",,,,,,,https://www.consilium.europa.eu/es/,https://www.consilium.europa.eu/es/general-secretariat/careers/,Candidatura a las vacantes publicadas en su web.
25-empleo-publico,p79-03,Instituciones de la Unión Europea,renglon,EPSO (EU Careers),,"Oficina Europea de Selección de Personal: oposiciones, calendario y base de datos de agentes contractuales de las instituciones de la UE.",,,,,,,https://eu-careers.europa.eu/es,https://eu-careers.europa.eu/es,Inscripción en línea en cada oposición desde su web.
25-empleo-publico,p79-05,Instituciones de la Unión Europea,renglon,Parlamento Europeo: trabaje con nosotros,,Empleo y periodos de prácticas (becas Schuman) en la Secretaría del Parlamento Europeo y con los diputados.,,,,,,,https://www.europarl.europa.eu/portal/es,https://www.europarl.europa.eu/at-your-service/es/work-with-us,Candidatura en línea desde su página «Trabaje con nosotros».
25-empleo-publico,p80-01,Instituciones de la Unión Europea,renglon,Punto de Acceso General: trabajar para la UE,,Página de la Administración española que enlaza la información de la UE y del Ministerio de Asuntos Exteriores para trabajar en la UE.,,,,,,,https://administracion.gob.es/,https://administracion.gob.es/tu-espacio-europeo/trabajar-para-la-ue,Información y enlaces; el buscador de empleo público del mismo portal recoge convocatorias de la UE.
25-empleo-publico,p79-01,Instituciones de la Unión Europea,renglon,Representación Permanente de España ante la UE: trabajar en la UE,,"Explica los procesos selectivos de las administraciones de la UE, los programas de prácticas y la figura de experto nacional.",,,,,,,https://www.exteriores.gob.es/RepresentacionesPermanentes/EspanaUE/es/Paginas/index.aspx,https://www.exteriores.gob.es/RepresentacionesPermanentes/EspanaUE/es/TrabajarenUE/Paginas/index.aspx,Información en su web; las candidaturas se presentan en cada institución.
25-empleo-publico,nueva-ue-trabajo-practicas,Instituciones de la Unión Europea,renglon,Trabajo y prácticas en las instituciones de la UE,,"Página oficial de la UE: tipos de personal, cómo presentar solicitudes y prácticas en las instituciones.",,,,,,,https://european-union.europa.eu/index_es,https://european-union.europa.eu/live-work-study/jobs-and-traineeships-eu-institutions_es,Información y enlaces.
25-empleo-publico,nueva-cm-organizaciones-internacionales,Organismos internacionales,renglon,Comunidad de Madrid: trabajar en organizaciones internacionales,,Orientación y enlaces para buscar empleo en organizaciones internacionales.,,,,,,,https://www.comunidad.madrid/,https://www.comunidad.madrid/madrid-mundo/trabajar-organizaciones-internacionales,Información en su web.
25-empleo-publico,p79-09,Organismos internacionales,renglon,Consejo de Europa: empleo y prácticas,,Portal de empleo y programa de prácticas del Consejo de Europa (Estrasburgo). Web en inglés y francés.,,,,,,,https://www.coe.int/en/web/jobs,https://www.coe.int/en/web/jobs,Candidatura en línea en su portal de empleo (Career Portal).
25-empleo-publico,nueva-naciones-unidas,Organismos internacionales,renglon,Naciones Unidas: UN Careers,,"Portal de empleo de Naciones Unidas, con el programa para jóvenes profesionales (YPP). Web en inglés.",,,,,,,https://careers.un.org/,https://careers.un.org/,Candidatura en línea en su portal.
25-empleo-publico,nueva-ocde,Organismos internacionales,renglon,OCDE: careers,,"Página de empleo de la OCDE. Disponible en inglés, francés y español.",,,,,,,https://www.oecd.org/,https://www.oecd.org/en/about/careers.html,Candidatura en línea desde su web.
25-empleo-publico,nueva-exteriores-ufi,Organismos internacionales,renglon,Unidad de Funcionarios Internacionales (Ministerio de Asuntos Exteriores),,"Vacantes en organismos internacionales: buscador, alertas por correo y boletines semanales. Programa JPO para jóvenes profesionales.",,,,,,,https://www.exteriores.gob.es/,,Consulta libre y suscripción a las alertas.
25-empleo-publico,nueva-eures-sepe,Trabajar en otro país europeo,renglon,EURES España (SEPE),,"Red EURES en España: ofertas por países, ayudas a la movilidad y consejeros EURES.",,,,,,,https://www.sepe.es/,https://www.sepe.es/HomeSepe/encontrar-trabajo/empleo-europa,Información en la web y atención de los consejeros EURES.
25-empleo-publico,nueva-eures-portal,Trabajar en otro país europeo,renglon,EURES: portal europeo de empleo,,Ofertas de empleo en Europa e información sobre las condiciones de vida y de trabajo de cada país.,,,,,,,https://eures.europa.eu/index_es,https://eures.europa.eu/index_es,Búsqueda libre; registro para crear el perfil.
25-empleo-publico,nueva-europass,Trabajar en otro país europeo,renglon,Europass,,Herramientas de la UE para crear el currículum y la carta de presentación en formato europeo.,,,,,,,https://europass.europa.eu/es,https://europass.europa.eu/es,Uso libre en línea.
25-empleo-publico,nueva-eures-cm,Trabajar en otro país europeo,renglon,Red EURES de la Comunidad de Madrid,,"Información, orientación y colocación para trabajar en los países del Espacio Económico Europeo y Suiza.",,,,,,,https://www.comunidad.madrid/,https://www.comunidad.madrid/empleo/trabajar-europa-red-eures,Información en su web.
